Area Code,Area_fbs,Year,commodity_count,valid_component_count,complete_coverage,country_risk_score,risk_level
1,Armenia,2010,3,3,True,0.6568047311056924,High
1,Armenia,2011,3,3,True,0.4006020355670069,Moderate
1,Armenia,2012,3,3,True,0.6151536544451409,High
1,Armenia,2013,3,3,True,0.5919301300940019,High
1,Armenia,2014,3,1,False,,Insufficient coverage
1,Armenia,2015,3,2,False,,Insufficient coverage
1,Armenia,2016,3,1,False,,Insufficient coverage
1,Armenia,2017,3,3,True,0.7443434543124196,High
1,Armenia,2018,3,2,False,,Insufficient coverage
1,Armenia,2019,3,3,True,0.8008535014515634,Very High
1,Armenia,2020,3,3,True,0.7719067760630243,Very High
1,Armenia,2021,3,3,True,0.8261965965270537,Very High
1,Armenia,2022,3,3,True,0.7321460957231322,High
1,Armenia,2023,3,3,True,0.7063497596830566,High
2,Afghanistan,2010,2,0,False,,Insufficient coverage
2,Afghanistan,2011,2,0,False,,Insufficient coverage
2,Afghanistan,2017,3,3,True,0.46802720643613527,Moderate
2,Afghanistan,2019,2,2,False,,Insufficient coverage
3,Albania,2010,3,3,True,0.4068790017824464,Moderate
3,Albania,2011,3,3,True,0.30942031760246114,Moderate
3,Albania,2012,3,3,True,0.45636274176861114,Moderate
3,Albania,2013,3,3,True,0.35990360351084466,Moderate
3,Albania,2014,3,1,False,,Insufficient coverage
3,Albania,2015,3,1,False,,Insufficient coverage
3,Albania,2016,3,2,False,,Insufficient coverage
3,Albania,2017,3,3,True,0.4670688705551659,Moderate
3,Albania,2018,3,2,False,,Insufficient coverage
3,Albania,2019,3,2,False,,Insufficient coverage
3,Albania,2020,3,1,False,,Insufficient coverage
3,Albania,2021,3,1,False,,Insufficient coverage
3,Albania,2023,3,3,True,0.3187644012632029,Moderate
4,Algeria,2011,3,3,True,0.5402923360910511,High
4,Algeria,2012,3,3,True,0.3680872544657716,Moderate
4,Algeria,2013,3,3,True,0.5354476046659181,High
4,Algeria,2014,3,2,False,,Insufficient coverage
4,Algeria,2015,3,3,True,0.3361013632497111,Moderate
4,Algeria,2016,3,3,True,0.3433927677328017,Moderate
4,Algeria,2017,3,3,True,0.3301828599913528,Moderate
7,Angola,2019,3,3,True,0.39874794261923396,Moderate
7,Angola,2020,3,3,True,0.35163002467446564,Moderate
7,Angola,2021,3,3,True,0.2920741373714876,Moderate
7,Angola,2022,3,3,True,0.22345025567333415,Low
7,Angola,2023,3,3,True,0.23542005761365092,Low
8,Antigua and Barbuda,2011,3,0,False,,Insufficient coverage
8,Antigua and Barbuda,2012,3,0,False,,Insufficient coverage
8,Antigua and Barbuda,2013,3,1,False,,Insufficient coverage
8,Antigua and Barbuda,2014,3,0,False,,Insufficient coverage
8,Antigua and Barbuda,2015,3,0,False,,Insufficient coverage
8,Antigua and Barbuda,2016,3,1,False,,Insufficient coverage
8,Antigua and Barbuda,2017,3,1,False,,Insufficient coverage
8,Antigua and Barbuda,2018,3,1,False,,Insufficient coverage
8,Antigua and Barbuda,2019,3,1,False,,Insufficient coverage
8,Antigua and Barbuda,2020,3,0,False,,Insufficient coverage
8,Antigua and Barbuda,2021,3,0,False,,Insufficient coverage
8,Antigua and Barbuda,2022,3,0,False,,Insufficient coverage
8,Antigua and Barbuda,2023,3,0,False,,Insufficient coverage
9,Argentina,2010,3,3,True,0.06088713455117127,Low
9,Argentina,2011,3,3,True,0.0482822400653315,Low
9,Argentina,2012,3,2,False,,Insufficient coverage
9,Argentina,2013,3,3,True,0.049183609919563887,Low
9,Argentina,2014,3,3,True,0.04051439901660115,Low
9,Argentina,2015,3,3,True,0.043489888205602845,Low
9,Argentina,2016,3,2,False,,Insufficient coverage
9,Argentina,2017,3,3,True,0.041856227265835676,Low
9,Argentina,2018,3,3,True,0.041689195261443476,Low
9,Argentina,2019,3,3,True,0.0522029623704663,Low
9,Argentina,2020,3,3,True,0.061642325007251586,Low
9,Argentina,2021,3,3,True,0.03954009960623375,Low
9,Argentina,2022,3,3,True,0.046249634060544983,Low
9,Argentina,2023,3,3,True,0.03514084543948193,Low
10,Australia,2010,3,3,True,0.20088002645540054,Low
10,Australia,2011,3,3,True,0.12492352895194134,Low
10,Australia,2012,3,3,True,0.17198429542060695,Low
10,Australia,2013,3,3,True,0.1887700211683408,Low
10,Australia,2014,3,3,True,0.17045639101551452,Low
10,Australia,2015,3,3,True,0.17107772353521736,Low
10,Australia,2016,3,3,True,0.19835545818249667,Low
10,Australia,2017,3,3,True,0.13231833672938836,Low
10,Australia,2018,3,3,True,0.1666634744793568,Low
10,Australia,2019,3,2,False,,Insufficient coverage
10,Australia,2020,3,3,True,0.45223687351353226,Moderate
10,Australia,2021,3,3,True,0.1637193542939601,Low
10,Australia,2022,3,3,True,0.18635207517261274,Low
10,Australia,2023,3,3,True,0.13156577922322957,Low
11,Austria,2010,3,2,False,,Insufficient coverage
11,Austria,2011,3,2,False,,Insufficient coverage
11,Austria,2012,3,2,False,,Insufficient coverage
11,Austria,2013,3,2,False,,Insufficient coverage
11,Austria,2014,3,2,False,,Insufficient coverage
11,Austria,2015,3,2,False,,Insufficient coverage
11,Austria,2016,3,2,False,,Insufficient coverage
11,Austria,2017,3,2,False,,Insufficient coverage
11,Austria,2018,3,2,False,,Insufficient coverage
11,Austria,2019,3,2,False,,Insufficient coverage
11,Austria,2020,3,2,False,,Insufficient coverage
11,Austria,2021,3,2,False,,Insufficient coverage
11,Austria,2022,3,2,False,,Insufficient coverage
11,Austria,2023,3,2,False,,Insufficient coverage
12,Bahamas,2012,3,1,False,,Insufficient coverage
12,Bahamas,2013,3,1,False,,Insufficient coverage
12,Bahamas,2014,3,0,False,,Insufficient coverage
12,Bahamas,2015,3,0,False,,Insufficient coverage
12,Bahamas,2016,3,0,False,,Insufficient coverage
12,Bahamas,2017,3,1,False,,Insufficient coverage
12,Bahamas,2018,3,1,False,,Insufficient coverage
12,Bahamas,2019,3,0,False,,Insufficient coverage
12,Bahamas,2020,3,0,False,,Insufficient coverage
12,Bahamas,2021,3,1,False,,Insufficient coverage
12,Bahamas,2022,3,0,False,,Insufficient coverage
12,Bahamas,2023,3,0,False,,Insufficient coverage
13,Bahrain,2019,3,1,False,,Insufficient coverage
13,Bahrain,2020,3,1,False,,Insufficient coverage
13,Bahrain,2021,3,0,False,,Insufficient coverage
13,Bahrain,2022,3,0,False,,Insufficient coverage
13,Bahrain,2023,3,0,False,,Insufficient coverage
14,Barbados,2010,3,1,False,,Insufficient coverage
14,Barbados,2011,3,1,False,,Insufficient coverage
14,Barbados,2012,3,1,False,,Insufficient coverage
14,Barbados,2013,3,1,False,,Insufficient coverage
14,Barbados,2014,3,1,False,,Insufficient coverage
14,Barbados,2015,3,1,False,,Insufficient coverage
14,Barbados,2016,3,1,False,,Insufficient coverage
14,Barbados,2017,3,1,False,,Insufficient coverage
14,Barbados,2018,3,1,False,,Insufficient coverage
14,Barbados,2019,3,1,False,,Insufficient coverage
14,Barbados,2020,3,1,False,,Insufficient coverage
14,Barbados,2021,3,1,False,,Insufficient coverage
14,Barbados,2022,3,1,False,,Insufficient coverage
14,Barbados,2023,3,1,False,,Insufficient coverage
16,Bangladesh,2015,3,3,True,0.20385051564660933,Low
18,Bhutan,2022,3,3,True,0.8115883753705541,Very High
18,Bhutan,2023,3,2,False,,Insufficient coverage
19,Bolivia (Plurinational State of),2010,3,3,True,0.36218533569170536,Moderate
19,Bolivia (Plurinational State of),2011,3,3,True,0.459034386103827,Moderate
19,Bolivia (Plurinational State of),2012,3,3,True,0.4223083142624396,Moderate
19,Bolivia (Plurinational State of),2013,3,3,True,0.34600518605390673,Moderate
19,Bolivia (Plurinational State of),2014,3,2,False,,Insufficient coverage
19,Bolivia (Plurinational State of),2015,3,3,True,0.3921825767161965,Moderate
19,Bolivia (Plurinational State of),2017,3,3,True,0.5309773706388465,High
19,Bolivia (Plurinational State of),2018,3,2,False,,Insufficient coverage
19,Bolivia (Plurinational State of),2019,3,3,True,0.388793657351985,Moderate
19,Bolivia (Plurinational State of),2020,3,2,False,,Insufficient coverage
19,Bolivia (Plurinational State of),2021,3,3,True,0.3938195670044403,Moderate
19,Bolivia (Plurinational State of),2022,3,2,False,,Insufficient coverage
19,Bolivia (Plurinational State of),2023,3,3,True,0.21545831080721575,Low
20,Botswana,2010,3,2,False,,Insufficient coverage
20,Botswana,2011,3,2,False,,Insufficient coverage
20,Botswana,2012,3,2,False,,Insufficient coverage
20,Botswana,2013,3,2,False,,Insufficient coverage
20,Botswana,2014,3,2,False,,Insufficient coverage
20,Botswana,2015,3,2,False,,Insufficient coverage
20,Botswana,2016,3,2,False,,Insufficient coverage
20,Botswana,2017,3,2,False,,Insufficient coverage
20,Botswana,2018,3,2,False,,Insufficient coverage
20,Botswana,2019,3,2,False,,Insufficient coverage
20,Botswana,2020,3,2,False,,Insufficient coverage
20,Botswana,2021,3,2,False,,Insufficient coverage
20,Botswana,2022,3,2,False,,Insufficient coverage
20,Botswana,2023,3,2,False,,Insufficient coverage
21,Brazil,2010,3,3,True,0.28913963177634394,Moderate
21,Brazil,2011,3,3,True,0.3611621706508871,Moderate
21,Brazil,2012,3,3,True,0.39078628829655504,Moderate
21,Brazil,2013,3,3,True,0.26423371604974505,Moderate
21,Brazil,2014,3,3,True,0.22497030185723121,Low
21,Brazil,2015,3,3,True,0.3145882036437146,Moderate
21,Brazil,2016,3,3,True,0.28531778378916955,Moderate
21,Brazil,2017,3,3,True,0.33325992050716297,Moderate
21,Brazil,2018,3,3,True,0.3553261336997316,Moderate
21,Brazil,2019,3,3,True,0.3795715230348563,Moderate
21,Brazil,2020,3,3,True,0.3235062578539824,Moderate
21,Brazil,2021,3,3,True,0.3506592105933888,Moderate
21,Brazil,2022,3,3,True,0.3524786127351482,Moderate
21,Brazil,2023,3,3,True,0.30968577181792645,Moderate
23,Belize,2010,3,2,False,,Insufficient coverage
23,Belize,2011,3,2,False,,Insufficient coverage
23,Belize,2012,3,2,False,,Insufficient coverage
23,Belize,2013,3,2,False,,Insufficient coverage
23,Belize,2022,3,2,False,,Insufficient coverage
25,Solomon Islands,2011,3,1,False,,Insufficient coverage
25,Solomon Islands,2012,3,1,False,,Insufficient coverage
25,Solomon Islands,2013,3,1,False,,Insufficient coverage
25,Solomon Islands,2017,3,1,False,,Insufficient coverage
25,Solomon Islands,2018,3,0,False,,Insufficient coverage
27,Bulgaria,2010,3,3,True,0.16841064174950132,Low
27,Bulgaria,2011,3,3,True,0.08174906672944869,Low
27,Bulgaria,2012,3,3,True,0.14868011206570483,Low
27,Bulgaria,2013,3,3,True,0.18434939665365402,Low
27,Bulgaria,2014,3,3,True,0.0715899477966867,Low
27,Bulgaria,2015,3,3,True,0.08884446843873746,Low
27,Bulgaria,2016,3,3,True,0.17556464803568422,Low
27,Bulgaria,2017,3,3,True,0.1491956483593434,Low
27,Bulgaria,2018,3,3,True,0.06556699428059858,Low
27,Bulgaria,2019,3,3,True,0.16137441615340742,Low
27,Bulgaria,2020,3,2,False,,Insufficient coverage
27,Bulgaria,2021,3,3,True,0.14285335875690808,Low
27,Bulgaria,2022,3,3,True,0.13914739505982304,Low
27,Bulgaria,2023,3,2,False,,Insufficient coverage
28,Myanmar,2014,3,3,True,0.05576278316993029,Low
28,Myanmar,2015,3,3,True,0.062081338348745796,Low
28,Myanmar,2016,3,3,True,0.05606047701938889,Low
28,Myanmar,2017,3,3,True,0.060019286503422864,Low
28,Myanmar,2018,3,3,True,0.05723481922666314,Low
28,Myanmar,2019,3,3,True,0.061103794879505444,Low
28,Myanmar,2020,3,3,True,0.05373856907733532,Low
28,Myanmar,2021,3,3,True,0.07457592393456869,Low
28,Myanmar,2022,3,3,True,0.08138699618034231,Low
28,Myanmar,2023,3,3,True,0.08316776647505317,Low
32,Cameroon,2010,3,3,True,0.37663220457473734,Moderate
32,Cameroon,2011,3,3,True,0.3237641702478753,Moderate
32,Cameroon,2012,3,3,True,0.31018539491888997,Moderate
32,Cameroon,2014,3,3,True,0.38756461708630546,Moderate
32,Cameroon,2015,3,3,True,0.3491661047835537,Moderate
32,Cameroon,2016,3,3,True,0.3596984661452384,Moderate
32,Cameroon,2017,3,3,True,0.3742275818251523,Moderate
32,Cameroon,2018,3,3,True,0.4113377146812567,Moderate
32,Cameroon,2019,3,3,True,0.34549893215180955,Moderate
32,Cameroon,2020,3,3,True,0.31050381481663714,Moderate
32,Cameroon,2021,3,3,True,0.31490350396975586,Moderate
32,Cameroon,2022,3,3,True,0.2987204751857203,Moderate
32,Cameroon,2023,3,3,True,0.2930974320412083,Moderate
33,Canada,2010,3,2,False,,Insufficient coverage
33,Canada,2011,3,2,False,,Insufficient coverage
33,Canada,2012,3,2,False,,Insufficient coverage
33,Canada,2013,3,2,False,,Insufficient coverage
33,Canada,2014,3,2,False,,Insufficient coverage
33,Canada,2015,3,2,False,,Insufficient coverage
33,Canada,2016,3,2,False,,Insufficient coverage
33,Canada,2017,3,2,False,,Insufficient coverage
33,Canada,2018,3,2,False,,Insufficient coverage
33,Canada,2019,3,2,False,,Insufficient coverage
33,Canada,2020,3,2,False,,Insufficient coverage
33,Canada,2021,3,1,False,,Insufficient coverage
33,Canada,2022,3,2,False,,Insufficient coverage
33,Canada,2023,3,2,False,,Insufficient coverage
35,Cabo Verde,2010,3,1,False,,Insufficient coverage
35,Cabo Verde,2011,3,1,False,,Insufficient coverage
35,Cabo Verde,2012,3,1,False,,Insufficient coverage
35,Cabo Verde,2013,3,1,False,,Insufficient coverage
35,Cabo Verde,2014,3,1,False,,Insufficient coverage
35,Cabo Verde,2015,3,0,False,,Insufficient coverage
35,Cabo Verde,2016,3,1,False,,Insufficient coverage
35,Cabo Verde,2017,3,1,False,,Insufficient coverage
35,Cabo Verde,2018,3,0,False,,Insufficient coverage
35,Cabo Verde,2019,3,0,False,,Insufficient coverage
35,Cabo Verde,2020,3,0,False,,Insufficient coverage
35,Cabo Verde,2021,3,0,False,,Insufficient coverage
35,Cabo Verde,2022,3,0,False,,Insufficient coverage
35,Cabo Verde,2023,3,1,False,,Insufficient coverage
38,Sri Lanka,2010,3,2,False,,Insufficient coverage
38,Sri Lanka,2011,3,2,False,,Insufficient coverage
38,Sri Lanka,2012,3,2,False,,Insufficient coverage
38,Sri Lanka,2013,3,2,False,,Insufficient coverage
38,Sri Lanka,2014,3,2,False,,Insufficient coverage
38,Sri Lanka,2015,3,2,False,,Insufficient coverage
38,Sri Lanka,2016,3,2,False,,Insufficient coverage
38,Sri Lanka,2017,3,2,False,,Insufficient coverage
38,Sri Lanka,2019,3,2,False,,Insufficient coverage
38,Sri Lanka,2020,3,2,False,,Insufficient coverage
38,Sri Lanka,2021,3,2,False,,Insufficient coverage
38,Sri Lanka,2022,3,2,False,,Insufficient coverage
38,Sri Lanka,2023,3,2,False,,Insufficient coverage
40,Chile,2010,3,3,True,0.4445464671232071,Moderate
40,Chile,2011,3,3,True,0.3985223377847955,Moderate
40,Chile,2012,3,3,True,0.43551351669487426,Moderate
40,Chile,2013,3,3,True,0.46089813673329977,Moderate
40,Chile,2014,3,3,True,0.4068433430218922,Moderate
40,Chile,2015,3,3,True,0.34412792407134646,Moderate
40,Chile,2016,3,3,True,0.2578379152657647,Moderate
40,Chile,2017,3,3,True,0.36540793234458374,Moderate
40,Chile,2018,3,3,True,0.316149499933453,Moderate
40,Chile,2019,3,3,True,0.33410080904184636,Moderate
40,Chile,2020,3,3,True,0.36493482608708994,Moderate
40,Chile,2021,3,3,True,0.4286625592580293,Moderate
40,Chile,2022,3,3,True,0.3897236289996321,Moderate
41,"China, mainland",2010,3,3,True,0.06664937120602786,Low
41,"China, mainland",2011,3,3,True,0.06220690074255624,Low
41,"China, mainland",2012,3,3,True,0.10110402607308441,Low
41,"China, mainland",2013,3,3,True,0.11791791546602476,Low
41,"China, mainland",2014,3,3,True,0.07730566999982527,Low
41,"China, mainland",2015,3,3,True,0.08298558028332868,Low
41,"China, mainland",2016,3,3,True,0.07674125821491526,Low
41,"China, mainland",2017,3,3,True,0.0983015641191212,Low
41,"China, mainland",2018,3,3,True,0.07642241704554256,Low
41,"China, mainland",2019,3,3,True,0.0519736966553979,Low
41,"China, mainland",2020,3,3,True,0.07873710479966481,Low
41,"China, mainland",2021,3,3,True,0.08601155264016527,Low
41,"China, mainland",2022,3,3,True,0.12100006438775915,Low
41,"China, mainland",2023,3,3,True,0.12819785093632402,Low
44,Colombia,2010,3,3,True,0.3637690910699146,Moderate
44,Colombia,2011,3,3,True,0.38514705098301066,Moderate
44,Colombia,2012,3,3,True,0.414784954557552,Moderate
44,Colombia,2013,3,3,True,0.4062556129688063,Moderate
44,Colombia,2014,3,3,True,0.5570508128275673,High
44,Colombia,2015,3,3,True,0.5999795503424893,High
44,Colombia,2016,3,3,True,0.4831080178909273,Moderate
44,Colombia,2017,3,3,True,0.5417438771063707,High
44,Colombia,2018,3,3,True,0.5520133983910105,High
44,Colombia,2019,3,3,True,0.45917440111597085,Moderate
44,Colombia,2020,3,3,True,0.5167826868207517,High
44,Colombia,2021,3,3,True,0.47084991232143736,Moderate
44,Colombia,2022,3,3,True,0.4133042616220998,Moderate
44,Colombia,2023,3,3,True,0.445117667413483,Moderate
45,Comoros,2016,3,0,False,,Insufficient coverage
45,Comoros,2017,3,2,False,,Insufficient coverage
45,Comoros,2018,3,1,False,,Insufficient coverage
45,Comoros,2019,3,0,False,,Insufficient coverage
45,Comoros,2020,3,0,False,,Insufficient coverage
45,Comoros,2021,3,0,False,,Insufficient coverage
46,Congo,2010,3,2,False,,Insufficient coverage
46,Congo,2012,3,1,False,,Insufficient coverage
46,Congo,2013,3,1,False,,Insufficient coverage
46,Congo,2014,3,1,False,,Insufficient coverage
46,Congo,2015,3,0,False,,Insufficient coverage
46,Congo,2016,3,1,False,,Insufficient coverage
46,Congo,2017,3,1,False,,Insufficient coverage
46,Congo,2018,3,2,False,,Insufficient coverage
46,Congo,2019,3,1,False,,Insufficient coverage
46,Congo,2020,3,2,False,,Insufficient coverage
46,Congo,2021,3,2,False,,Insufficient coverage
46,Congo,2022,3,2,False,,Insufficient coverage
46,Congo,2023,3,2,False,,Insufficient coverage
48,Costa Rica,2010,3,2,False,,Insufficient coverage
48,Costa Rica,2011,3,2,False,,Insufficient coverage
48,Costa Rica,2012,3,2,False,,Insufficient coverage
48,Costa Rica,2013,3,2,False,,Insufficient coverage
48,Costa Rica,2014,3,2,False,,Insufficient coverage
48,Costa Rica,2015,3,2,False,,Insufficient coverage
48,Costa Rica,2016,3,2,False,,Insufficient coverage
48,Costa Rica,2017,3,2,False,,Insufficient coverage
48,Costa Rica,2018,3,2,False,,Insufficient coverage
48,Costa Rica,2019,3,2,False,,Insufficient coverage
48,Costa Rica,2020,3,2,False,,Insufficient coverage
48,Costa Rica,2021,3,2,False,,Insufficient coverage
48,Costa Rica,2022,3,2,False,,Insufficient coverage
48,Costa Rica,2023,3,2,False,,Insufficient coverage
49,Cuba,2017,3,0,False,,Insufficient coverage
49,Cuba,2018,3,1,False,,Insufficient coverage
49,Cuba,2019,3,0,False,,Insufficient coverage
50,Cyprus,2010,3,1,False,,Insufficient coverage
50,Cyprus,2011,3,1,False,,Insufficient coverage
50,Cyprus,2012,3,1,False,,Insufficient coverage
50,Cyprus,2013,3,1,False,,Insufficient coverage
50,Cyprus,2014,3,1,False,,Insufficient coverage
50,Cyprus,2015,3,1,False,,Insufficient coverage
50,Cyprus,2016,3,1,False,,Insufficient coverage
50,Cyprus,2017,3,1,False,,Insufficient coverage
50,Cyprus,2018,3,1,False,,Insufficient coverage
50,Cyprus,2019,3,2,False,,Insufficient coverage
50,Cyprus,2020,3,2,False,,Insufficient coverage
50,Cyprus,2021,3,2,False,,Insufficient coverage
50,Cyprus,2022,3,2,False,,Insufficient coverage
50,Cyprus,2023,3,2,False,,Insufficient coverage
52,Azerbaijan,2010,3,3,True,0.6096115016907547,High
52,Azerbaijan,2011,3,3,True,0.401665949141249,Moderate
52,Azerbaijan,2012,3,3,True,0.49191189467479896,Moderate
52,Azerbaijan,2013,3,3,True,0.40983031711259266,Moderate
52,Azerbaijan,2014,3,3,True,0.46993538799935153,Moderate
52,Azerbaijan,2018,3,3,True,0.4387135445035085,Moderate
52,Azerbaijan,2019,3,3,True,0.4826119143987846,Moderate
52,Azerbaijan,2020,3,3,True,0.5854073320353075,High
52,Azerbaijan,2021,3,3,True,0.5496029246446286,High
52,Azerbaijan,2022,3,3,True,0.5045352973567392,High
52,Azerbaijan,2023,3,3,True,0.5389329448391441,High
54,Denmark,2010,3,3,True,0.18445635166223853,Low
54,Denmark,2011,3,3,True,0.15556511531274242,Low
54,Denmark,2012,3,3,True,0.11954343560786229,Low
54,Denmark,2013,3,3,True,0.1555035329882682,Low
54,Denmark,2014,3,3,True,0.12361526778655968,Low
54,Denmark,2015,3,2,False,,Insufficient coverage
54,Denmark,2016,3,2,False,,Insufficient coverage
54,Denmark,2017,3,2,False,,Insufficient coverage
54,Denmark,2018,3,2,False,,Insufficient coverage
54,Denmark,2019,3,3,True,0.16826672116448882,Low
54,Denmark,2020,3,3,True,0.17458391025684236,Low
54,Denmark,2021,3,3,True,0.14887336344597002,Low
54,Denmark,2022,3,3,True,0.11043687476960819,Low
54,Denmark,2023,3,3,True,0.18052307643481985,Low
56,Dominican Republic,2014,3,2,False,,Insufficient coverage
56,Dominican Republic,2015,3,2,False,,Insufficient coverage
56,Dominican Republic,2016,3,2,False,,Insufficient coverage
56,Dominican Republic,2017,3,2,False,,Insufficient coverage
56,Dominican Republic,2018,3,2,False,,Insufficient coverage
56,Dominican Republic,2019,3,2,False,,Insufficient coverage
56,Dominican Republic,2020,3,2,False,,Insufficient coverage
56,Dominican Republic,2021,3,2,False,,Insufficient coverage
56,Dominican Republic,2022,3,2,False,,Insufficient coverage
56,Dominican Republic,2023,3,2,False,,Insufficient coverage
57,Belarus,2010,3,2,False,,Insufficient coverage
57,Belarus,2011,3,2,False,,Insufficient coverage
57,Belarus,2012,3,2,False,,Insufficient coverage
57,Belarus,2013,3,2,False,,Insufficient coverage
57,Belarus,2014,3,2,False,,Insufficient coverage
57,Belarus,2015,3,2,False,,Insufficient coverage
57,Belarus,2016,3,2,False,,Insufficient coverage
57,Belarus,2017,3,2,False,,Insufficient coverage
57,Belarus,2018,3,2,False,,Insufficient coverage
57,Belarus,2019,3,2,False,,Insufficient coverage
57,Belarus,2020,3,2,False,,Insufficient coverage
57,Belarus,2021,3,2,False,,Insufficient coverage
58,Ecuador,2010,3,3,True,0.3233464807194094,Moderate
58,Ecuador,2011,3,3,True,0.32266138160337976,Moderate
58,Ecuador,2012,3,3,True,0.3828891824840015,Moderate
58,Ecuador,2013,3,3,True,0.2600446449074916,Moderate
58,Ecuador,2014,3,3,True,0.23568082677680155,Low
58,Ecuador,2015,3,3,True,0.24139660604256452,Low
58,Ecuador,2016,3,3,True,0.2664959397874429,Moderate
58,Ecuador,2017,3,3,True,0.24193760545672943,Low
58,Ecuador,2018,3,3,True,0.2655892709092367,Moderate
58,Ecuador,2019,3,3,True,0.2557590981322412,Moderate
58,Ecuador,2020,3,3,True,0.26685020525274145,Moderate
58,Ecuador,2021,3,3,True,0.282946726079615,Moderate
58,Ecuador,2022,3,3,True,0.23853267779027404,Low
58,Ecuador,2023,3,3,True,0.3326467393613702,Moderate
59,Egypt,2011,3,3,True,0.24536414589107028,Low
59,Egypt,2013,3,3,True,0.3173743967397662,Moderate
59,Egypt,2017,3,3,True,0.3269424427293891,Moderate
59,Egypt,2018,3,3,True,0.4019108703563703,Moderate
59,Egypt,2019,3,3,True,0.37091382261273104,Moderate
59,Egypt,2020,3,3,True,0.3406237819431034,Moderate
59,Egypt,2021,3,3,True,0.2980894841821814,Moderate
59,Egypt,2022,3,3,True,0.33534399114817354,Moderate
59,Egypt,2023,3,3,True,0.36080064479207874,Moderate
60,El Salvador,2010,3,2,False,,Insufficient coverage
60,El Salvador,2011,3,2,False,,Insufficient coverage
60,El Salvador,2012,3,2,False,,Insufficient coverage
60,El Salvador,2013,3,2,False,,Insufficient coverage
60,El Salvador,2014,3,2,False,,Insufficient coverage
60,El Salvador,2015,3,2,False,,Insufficient coverage
60,El Salvador,2016,3,2,False,,Insufficient coverage
60,El Salvador,2017,3,2,False,,Insufficient coverage
60,El Salvador,2018,3,2,False,,Insufficient coverage
60,El Salvador,2019,3,2,False,,Insufficient coverage
60,El Salvador,2020,3,2,False,,Insufficient coverage
60,El Salvador,2021,3,2,False,,Insufficient coverage
60,El Salvador,2022,3,2,False,,Insufficient coverage
60,El Salvador,2023,3,2,False,,Insufficient coverage
63,Estonia,2010,3,1,False,,Insufficient coverage
63,Estonia,2011,3,1,False,,Insufficient coverage
63,Estonia,2012,3,1,False,,Insufficient coverage
63,Estonia,2013,3,1,False,,Insufficient coverage
63,Estonia,2014,3,1,False,,Insufficient coverage
63,Estonia,2015,3,1,False,,Insufficient coverage
63,Estonia,2016,3,0,False,,Insufficient coverage
63,Estonia,2017,3,1,False,,Insufficient coverage
63,Estonia,2018,3,1,False,,Insufficient coverage
63,Estonia,2019,3,3,True,0.4652404988418303,Moderate
63,Estonia,2020,3,3,True,0.5761516507104572,High
63,Estonia,2021,3,3,True,0.3856567651678572,Moderate
63,Estonia,2022,3,3,True,0.32105538096311625,Moderate
63,Estonia,2023,3,3,True,0.4746358574341488,Moderate
66,Fiji,2010,3,2,False,,Insufficient coverage
66,Fiji,2011,3,2,False,,Insufficient coverage
66,Fiji,2012,3,2,False,,Insufficient coverage
66,Fiji,2013,3,2,False,,Insufficient coverage
66,Fiji,2014,3,2,False,,Insufficient coverage
66,Fiji,2015,3,2,False,,Insufficient coverage
66,Fiji,2016,3,2,False,,Insufficient coverage
66,Fiji,2017,3,2,False,,Insufficient coverage
66,Fiji,2018,3,2,False,,Insufficient coverage
66,Fiji,2019,3,2,False,,Insufficient coverage
66,Fiji,2020,3,2,False,,Insufficient coverage
66,Fiji,2021,3,2,False,,Insufficient coverage
66,Fiji,2022,3,2,False,,Insufficient coverage
66,Fiji,2023,3,2,False,,Insufficient coverage
67,Finland,2010,3,1,False,,Insufficient coverage
67,Finland,2011,3,1,False,,Insufficient coverage
67,Finland,2012,3,1,False,,Insufficient coverage
67,Finland,2013,3,1,False,,Insufficient coverage
67,Finland,2014,3,1,False,,Insufficient coverage
67,Finland,2015,3,1,False,,Insufficient coverage
67,Finland,2016,3,1,False,,Insufficient coverage
67,Finland,2017,3,1,False,,Insufficient coverage
67,Finland,2018,3,1,False,,Insufficient coverage
67,Finland,2019,3,2,False,,Insufficient coverage
67,Finland,2020,3,3,True,0.21310614335197944,Low
67,Finland,2021,3,3,True,0.28440619996819677,Moderate
67,Finland,2022,3,3,True,0.22017941821027667,Low
67,Finland,2023,3,3,True,0.2353893703503254,Low
68,France,2010,3,3,True,0.10923121119491093,Low
68,France,2011,3,3,True,0.13819902121439856,Low
68,France,2012,3,3,True,0.15842220150512962,Low
68,France,2013,3,3,True,0.15239917425067406,Low
68,France,2014,3,3,True,0.0460543851722343,Low
68,France,2015,3,3,True,0.036765587820763355,Low
68,France,2016,3,3,True,0.031860609647576144,Low
68,France,2017,3,3,True,0.036581323197119986,Low
68,France,2018,3,3,True,0.05154804803988246,Low
68,France,2019,3,3,True,0.0381338311245664,Low
68,France,2020,3,3,True,0.08818211155872137,Low
68,France,2021,3,3,True,0.044855162039313834,Low
68,France,2022,3,3,True,0.060421804955250014,Low
68,France,2023,3,3,True,0.039305162096414846,Low
70,French Polynesia,2010,3,0,False,,Insufficient coverage
70,French Polynesia,2011,3,0,False,,Insufficient coverage
70,French Polynesia,2012,3,0,False,,Insufficient coverage
70,French Polynesia,2013,3,0,False,,Insufficient coverage
70,French Polynesia,2014,3,0,False,,Insufficient coverage
70,French Polynesia,2015,3,0,False,,Insufficient coverage
70,French Polynesia,2016,3,0,False,,Insufficient coverage
70,French Polynesia,2017,3,0,False,,Insufficient coverage
70,French Polynesia,2018,3,0,False,,Insufficient coverage
70,French Polynesia,2019,3,0,False,,Insufficient coverage
70,French Polynesia,2020,3,0,False,,Insufficient coverage
70,French Polynesia,2021,3,0,False,,Insufficient coverage
70,French Polynesia,2022,3,0,False,,Insufficient coverage
72,Djibouti,2021,3,1,False,,Insufficient coverage
72,Djibouti,2022,3,0,False,,Insufficient coverage
72,Djibouti,2023,3,1,False,,Insufficient coverage
73,Georgia,2010,3,2,False,,Insufficient coverage
73,Georgia,2011,3,2,False,,Insufficient coverage
73,Georgia,2012,3,2,False,,Insufficient coverage
73,Georgia,2013,3,2,False,,Insufficient coverage
73,Georgia,2014,3,2,False,,Insufficient coverage
73,Georgia,2015,3,2,False,,Insufficient coverage
73,Georgia,2016,3,2,False,,Insufficient coverage
73,Georgia,2017,3,2,False,,Insufficient coverage
73,Georgia,2018,3,2,False,,Insufficient coverage
73,Georgia,2019,3,2,False,,Insufficient coverage
73,Georgia,2020,3,2,False,,Insufficient coverage
73,Georgia,2021,3,2,False,,Insufficient coverage
73,Georgia,2022,3,2,False,,Insufficient coverage
73,Georgia,2023,3,2,False,,Insufficient coverage
74,Gabon,2020,3,1,False,,Insufficient coverage
74,Gabon,2021,3,2,False,,Insufficient coverage
74,Gabon,2022,3,1,False,,Insufficient coverage
74,Gabon,2023,3,2,False,,Insufficient coverage
75,Gambia,2010,2,1,False,,Insufficient coverage
75,Gambia,2011,3,2,False,,Insufficient coverage
75,Gambia,2012,3,2,False,,Insufficient coverage
75,Gambia,2013,2,1,False,,Insufficient coverage
75,Gambia,2014,3,1,False,,Insufficient coverage
75,Gambia,2015,3,2,False,,Insufficient coverage
75,Gambia,2016,3,1,False,,Insufficient coverage
75,Gambia,2017,3,0,False,,Insufficient coverage
75,Gambia,2018,3,0,False,,Insufficient coverage
75,Gambia,2019,3,0,False,,Insufficient coverage
75,Gambia,2020,3,2,False,,Insufficient coverage
75,Gambia,2021,3,1,False,,Insufficient coverage
75,Gambia,2022,3,1,False,,Insufficient coverage
75,Gambia,2023,3,2,False,,Insufficient coverage
79,Germany,2010,3,2,False,,Insufficient coverage
79,Germany,2011,3,2,False,,Insufficient coverage
79,Germany,2012,3,2,False,,Insufficient coverage
79,Germany,2013,3,2,False,,Insufficient coverage
79,Germany,2014,3,2,False,,Insufficient coverage
79,Germany,2015,3,2,False,,Insufficient coverage
79,Germany,2016,3,2,False,,Insufficient coverage
79,Germany,2017,3,2,False,,Insufficient coverage
79,Germany,2018,3,2,False,,Insufficient coverage
79,Germany,2019,3,3,True,0.05051670241140705,Low
79,Germany,2020,3,3,True,0.07444062693988385,Low
79,Germany,2021,3,3,True,0.08887326180015158,Low
79,Germany,2022,3,3,True,0.06838433192680066,Low
79,Germany,2023,3,3,True,0.0825597474470481,Low
80,Bosnia and Herzegovina,2010,3,2,False,,Insufficient coverage
80,Bosnia and Herzegovina,2011,3,2,False,,Insufficient coverage
80,Bosnia and Herzegovina,2012,3,2,False,,Insufficient coverage
80,Bosnia and Herzegovina,2013,3,2,False,,Insufficient coverage
80,Bosnia and Herzegovina,2014,3,2,False,,Insufficient coverage
80,Bosnia and Herzegovina,2015,3,2,False,,Insufficient coverage
80,Bosnia and Herzegovina,2016,3,2,False,,Insufficient coverage
80,Bosnia and Herzegovina,2017,3,2,False,,Insufficient coverage
80,Bosnia and Herzegovina,2018,3,2,False,,Insufficient coverage
80,Bosnia and Herzegovina,2019,3,2,False,,Insufficient coverage
80,Bosnia and Herzegovina,2020,3,2,False,,Insufficient coverage
80,Bosnia and Herzegovina,2021,3,2,False,,Insufficient coverage
80,Bosnia and Herzegovina,2022,3,2,False,,Insufficient coverage
80,Bosnia and Herzegovina,2023,3,2,False,,Insufficient coverage
81,Ghana,2010,3,2,False,,Insufficient coverage
81,Ghana,2011,3,2,False,,Insufficient coverage
81,Ghana,2012,3,2,False,,Insufficient coverage
81,Ghana,2013,3,2,False,,Insufficient coverage
81,Ghana,2016,3,2,False,,Insufficient coverage
81,Ghana,2017,3,2,False,,Insufficient coverage
81,Ghana,2018,3,2,False,,Insufficient coverage
81,Ghana,2019,3,2,False,,Insufficient coverage
81,Ghana,2021,3,2,False,,Insufficient coverage
81,Ghana,2022,3,2,False,,Insufficient coverage
81,Ghana,2023,3,2,False,,Insufficient coverage
83,Kiribati,2011,3,0,False,,Insufficient coverage
83,Kiribati,2012,3,0,False,,Insufficient coverage
83,Kiribati,2014,3,0,False,,Insufficient coverage
83,Kiribati,2015,3,0,False,,Insufficient coverage
83,Kiribati,2016,3,0,False,,Insufficient coverage
83,Kiribati,2017,3,0,False,,Insufficient coverage
83,Kiribati,2018,3,0,False,,Insufficient coverage
83,Kiribati,2020,3,0,False,,Insufficient coverage
83,Kiribati,2021,3,0,False,,Insufficient coverage
84,Greece,2010,3,3,True,0.05175911283678453,Low
84,Greece,2011,3,3,True,0.07980398797874355,Low
84,Greece,2012,3,3,True,0.16745718113098146,Low
84,Greece,2013,3,3,True,0.18538961364938727,Low
84,Greece,2014,3,3,True,0.2489749245651225,Low
84,Greece,2015,3,3,True,0.1831257140043622,Low
84,Greece,2016,3,3,True,0.17522241745917544,Low
84,Greece,2017,3,3,True,0.18382586064128267,Low
84,Greece,2018,3,3,True,0.19939243005635973,Low
84,Greece,2019,3,3,True,0.25656036154910083,Moderate
84,Greece,2020,3,3,True,0.28940473704741054,Moderate
84,Greece,2021,3,3,True,0.3397549595302893,Moderate
84,Greece,2022,3,3,True,0.30353722961740637,Moderate
84,Greece,2023,3,3,True,0.24153952022970132,Low
86,Grenada,2016,3,1,False,,Insufficient coverage
86,Grenada,2017,3,1,False,,Insufficient coverage
86,Grenada,2018,3,0,False,,Insufficient coverage
86,Grenada,2019,3,0,False,,Insufficient coverage
86,Grenada,2020,3,0,False,,Insufficient coverage
86,Grenada,2021,3,1,False,,Insufficient coverage
86,Grenada,2022,3,0,False,,Insufficient coverage
86,Grenada,2023,3,1,False,,Insufficient coverage
89,Guatemala,2010,3,3,True,0.641478839773705,High
89,Guatemala,2011,3,3,True,0.658189682096899,High
89,Guatemala,2012,3,3,True,0.5063240621609391,High
89,Guatemala,2013,3,3,True,0.432566787340909,Moderate
89,Guatemala,2014,3,3,True,0.6362383693096547,High
89,Guatemala,2015,3,3,True,0.616562777031749,High
89,Guatemala,2016,3,3,True,0.6427314352163509,High
89,Guatemala,2017,3,3,True,0.6143329460927311,High
89,Guatemala,2018,3,3,True,0.6404795015942861,High
89,Guatemala,2019,3,3,True,0.5987836297846475,High
89,Guatemala,2020,3,3,True,0.5513245778550913,High
89,Guatemala,2021,3,3,True,0.5708703358873776,High
89,Guatemala,2022,3,3,True,0.5105365350173487,High
89,Guatemala,2023,3,3,True,0.49215781359271077,Moderate
90,Guinea,2014,3,1,False,,Insufficient coverage
90,Guinea,2015,3,1,False,,Insufficient coverage
90,Guinea,2016,3,2,False,,Insufficient coverage
91,Guyana,2010,3,2,False,,Insufficient coverage
91,Guyana,2011,3,2,False,,Insufficient coverage
91,Guyana,2012,3,2,False,,Insufficient coverage
91,Guyana,2013,3,2,False,,Insufficient coverage
91,Guyana,2014,3,1,False,,Insufficient coverage
91,Guyana,2015,3,2,False,,Insufficient coverage
91,Guyana,2016,3,2,False,,Insufficient coverage
91,Guyana,2017,3,2,False,,Insufficient coverage
91,Guyana,2018,3,2,False,,Insufficient coverage
91,Guyana,2019,3,2,False,,Insufficient coverage
91,Guyana,2020,3,1,False,,Insufficient coverage
91,Guyana,2021,3,2,False,,Insufficient coverage
91,Guyana,2022,3,2,False,,Insufficient coverage
91,Guyana,2023,3,2,False,,Insufficient coverage
95,Honduras,2012,3,3,True,0.6531080489610003,High
95,Honduras,2014,3,3,True,0.7094056399494585,High
95,Honduras,2015,3,3,True,0.6514109381737756,High
95,Honduras,2016,3,3,True,0.7316470811283775,High
95,Honduras,2017,3,3,True,0.74278854707059,High
95,Honduras,2018,3,3,True,0.7182034664917762,High
95,Honduras,2019,3,3,True,0.7450672966333463,High
95,Honduras,2020,3,3,True,0.7399244249567556,High
95,Honduras,2021,3,3,True,0.7763064995527913,Very High
95,Honduras,2023,3,3,True,0.7344021784603032,High
96,"China, Hong Kong SAR",2010,3,1,False,,Insufficient coverage
96,"China, Hong Kong SAR",2011,3,1,False,,Insufficient coverage
96,"China, Hong Kong SAR",2012,3,1,False,,Insufficient coverage
96,"China, Hong Kong SAR",2013,3,1,False,,Insufficient coverage
96,"China, Hong Kong SAR",2014,3,1,False,,Insufficient coverage
96,"China, Hong Kong SAR",2015,3,1,False,,Insufficient coverage
96,"China, Hong Kong SAR",2016,3,1,False,,Insufficient coverage
96,"China, Hong Kong SAR",2017,3,1,False,,Insufficient coverage
96,"China, Hong Kong SAR",2018,3,1,False,,Insufficient coverage
96,"China, Hong Kong SAR",2019,3,1,False,,Insufficient coverage
96,"China, Hong Kong SAR",2020,3,1,False,,Insufficient coverage
96,"China, Hong Kong SAR",2021,3,1,False,,Insufficient coverage
96,"China, Hong Kong SAR",2022,3,1,False,,Insufficient coverage
96,"China, Hong Kong SAR",2023,3,1,False,,Insufficient coverage
97,Hungary,2010,3,3,True,0.41725356097268695,Moderate
97,Hungary,2011,3,3,True,0.22184454386180727,Low
97,Hungary,2012,3,2,False,,Insufficient coverage
97,Hungary,2013,3,3,True,0.2702972548963566,Moderate
97,Hungary,2014,3,3,True,0.2568320010947077,Moderate
97,Hungary,2015,3,3,True,0.29837225877152884,Moderate
97,Hungary,2016,3,3,True,0.3388201927873883,Moderate
97,Hungary,2017,3,3,True,0.5011979822316391,High
97,Hungary,2018,3,3,True,0.32994655077960355,Moderate
97,Hungary,2019,3,3,True,0.32325160839132455,Moderate
97,Hungary,2020,3,3,True,0.512497167051878,High
97,Hungary,2021,3,3,True,0.32137175901152687,Moderate
97,Hungary,2022,3,3,True,0.32765072700720915,Moderate
97,Hungary,2023,3,3,True,0.26218591849596184,Moderate
98,Croatia,2010,3,2,False,,Insufficient coverage
98,Croatia,2011,3,2,False,,Insufficient coverage
98,Croatia,2012,3,2,False,,Insufficient coverage
98,Croatia,2013,3,2,False,,Insufficient coverage
98,Croatia,2014,3,2,False,,Insufficient coverage
98,Croatia,2015,3,2,False,,Insufficient coverage
98,Croatia,2016,3,2,False,,Insufficient coverage
98,Croatia,2017,3,2,False,,Insufficient coverage
98,Croatia,2018,3,2,False,,Insufficient coverage
98,Croatia,2019,3,3,True,0.4528036068301171,Moderate
98,Croatia,2020,3,3,True,0.5337878344400321,High
98,Croatia,2021,3,3,True,0.30784866414457546,Moderate
98,Croatia,2022,3,3,True,0.33009670387526724,Moderate
98,Croatia,2023,3,3,True,0.386855067152755,Moderate
99,Iceland,2010,3,0,False,,Insufficient coverage
99,Iceland,2011,3,0,False,,Insufficient coverage
99,Iceland,2012,3,0,False,,Insufficient coverage
99,Iceland,2013,3,0,False,,Insufficient coverage
99,Iceland,2014,3,0,False,,Insufficient coverage
99,Iceland,2015,3,0,False,,Insufficient coverage
99,Iceland,2016,3,0,False,,Insufficient coverage
99,Iceland,2017,3,0,False,,Insufficient coverage
99,Iceland,2018,3,0,False,,Insufficient coverage
99,Iceland,2019,3,0,False,,Insufficient coverage
99,Iceland,2020,3,0,False,,Insufficient coverage
99,Iceland,2021,3,0,False,,Insufficient coverage
99,Iceland,2022,3,0,False,,Insufficient coverage
99,Iceland,2023,3,0,False,,Insufficient coverage
100,India,2010,3,3,True,0.04064231740162403,Low
100,India,2011,3,3,True,0.034484532271757046,Low
100,India,2012,3,3,True,0.03645580216322958,Low
100,India,2013,3,3,True,0.04619103587108904,Low
100,India,2014,3,3,True,0.04476396553046652,Low
100,India,2015,3,3,True,0.04121393605798651,Low
100,India,2016,3,3,True,0.03779540297175753,Low
100,India,2017,3,3,True,0.06165872046054276,Low
100,India,2018,3,3,True,0.034860818431995,Low
100,India,2019,3,3,True,0.022543269240926974,Low
100,India,2020,3,3,True,0.028553237302143437,Low
100,India,2021,3,3,True,0.02261790090256867,Low
100,India,2022,3,3,True,0.035541357784340415,Low
100,India,2023,3,3,True,0.04861059108615429,Low
101,Indonesia,2010,3,2,False,,Insufficient coverage
101,Indonesia,2011,3,2,False,,Insufficient coverage
101,Indonesia,2012,3,2,False,,Insufficient coverage
101,Indonesia,2013,3,2,False,,Insufficient coverage
101,Indonesia,2014,3,2,False,,Insufficient coverage
101,Indonesia,2015,3,2,False,,Insufficient coverage
101,Indonesia,2016,3,2,False,,Insufficient coverage
101,Indonesia,2017,3,2,False,,Insufficient coverage
101,Indonesia,2018,3,2,False,,Insufficient coverage
101,Indonesia,2019,3,2,False,,Insufficient coverage
101,Indonesia,2020,3,2,False,,Insufficient coverage
101,Indonesia,2021,3,2,False,,Insufficient coverage
101,Indonesia,2022,3,2,False,,Insufficient coverage
101,Indonesia,2023,3,2,False,,Insufficient coverage
102,Iran (Islamic Republic of),2010,3,3,True,0.1548494238656275,Low
102,Iran (Islamic Republic of),2014,3,3,True,0.11540272744180229,Low
102,Iran (Islamic Republic of),2016,3,3,True,0.15099005233902335,Low
102,Iran (Islamic Republic of),2017,3,3,True,0.11225011862848572,Low
102,Iran (Islamic Republic of),2018,3,3,True,0.13468891223817103,Low
102,Iran (Islamic Republic of),2020,3,3,True,0.22971368164284306,Low
102,Iran (Islamic Republic of),2021,3,3,True,0.16576826906696046,Low
102,Iran (Islamic Republic of),2022,3,3,True,0.1684737775908069,Low
103,Iraq,2014,3,0,False,,Insufficient coverage
103,Iraq,2015,3,0,False,,Insufficient coverage
103,Iraq,2016,3,1,False,,Insufficient coverage
104,Ireland,2010,3,1,False,,Insufficient coverage
104,Ireland,2011,3,1,False,,Insufficient coverage
104,Ireland,2012,3,1,False,,Insufficient coverage
104,Ireland,2013,3,1,False,,Insufficient coverage
104,Ireland,2014,3,1,False,,Insufficient coverage
104,Ireland,2015,3,1,False,,Insufficient coverage
104,Ireland,2016,3,1,False,,Insufficient coverage
104,Ireland,2017,3,1,False,,Insufficient coverage
104,Ireland,2018,3,1,False,,Insufficient coverage
104,Ireland,2019,3,3,True,0.5464188376609166,High
104,Ireland,2020,3,3,True,0.43153511443114423,Moderate
104,Ireland,2021,3,3,True,0.1632703388964361,Low
104,Ireland,2022,3,3,True,0.48546063166758924,Moderate
104,Ireland,2023,3,3,True,0.3742395675743208,Moderate
105,Israel,2010,3,2,False,,Insufficient coverage
105,Israel,2011,3,2,False,,Insufficient coverage
105,Israel,2012,3,2,False,,Insufficient coverage
105,Israel,2013,3,2,False,,Insufficient coverage
105,Israel,2014,3,2,False,,Insufficient coverage
105,Israel,2015,3,2,False,,Insufficient coverage
105,Israel,2016,3,2,False,,Insufficient coverage
105,Israel,2017,3,2,False,,Insufficient coverage
105,Israel,2018,3,2,False,,Insufficient coverage
105,Israel,2019,3,2,False,,Insufficient coverage
105,Israel,2020,3,2,False,,Insufficient coverage
105,Israel,2021,3,2,False,,Insufficient coverage
105,Israel,2022,3,2,False,,Insufficient coverage
105,Israel,2023,3,2,False,,Insufficient coverage
106,Italy,2010,3,3,True,0.042698560340115516,Low
106,Italy,2011,3,3,True,0.03834348596793073,Low
106,Italy,2012,3,3,True,0.0369419799140526,Low
106,Italy,2013,3,3,True,0.03680432376171454,Low
106,Italy,2014,3,3,True,0.03426107847797408,Low
106,Italy,2015,3,3,True,0.030891968300524347,Low
106,Italy,2016,3,3,True,0.029520118281445202,Low
106,Italy,2017,3,3,True,0.034620663694748866,Low
106,Italy,2018,3,3,True,0.03579166426778464,Low
106,Italy,2019,3,3,True,0.03514361936331474,Low
106,Italy,2020,3,3,True,0.04379795127391096,Low
106,Italy,2021,3,3,True,0.037992793427141895,Low
106,Italy,2022,3,3,True,0.040279213520626626,Low
106,Italy,2023,3,3,True,0.03482098410671037,Low
107,Côte d'Ivoire,2010,3,2,False,,Insufficient coverage
107,Côte d'Ivoire,2011,3,2,False,,Insufficient coverage
107,Côte d'Ivoire,2012,3,2,False,,Insufficient coverage
107,Côte d'Ivoire,2013,3,2,False,,Insufficient coverage
107,Côte d'Ivoire,2014,3,2,False,,Insufficient coverage
107,Côte d'Ivoire,2015,3,2,False,,Insufficient coverage
107,Côte d'Ivoire,2016,3,2,False,,Insufficient coverage
107,Côte d'Ivoire,2017,3,2,False,,Insufficient coverage
107,Côte d'Ivoire,2018,3,2,False,,Insufficient coverage
107,Côte d'Ivoire,2019,3,2,False,,Insufficient coverage
107,Côte d'Ivoire,2020,3,2,False,,Insufficient coverage
107,Côte d'Ivoire,2021,3,2,False,,Insufficient coverage
107,Côte d'Ivoire,2022,3,2,False,,Insufficient coverage
107,Côte d'Ivoire,2023,3,2,False,,Insufficient coverage
108,Kazakhstan,2010,1,0,False,,Insufficient coverage
108,Kazakhstan,2011,3,3,True,0.08625693661507794,Low
108,Kazakhstan,2012,3,2,False,,Insufficient coverage
108,Kazakhstan,2013,3,3,True,0.10612454572520416,Low
108,Kazakhstan,2014,3,3,True,0.11588336118748568,Low
108,Kazakhstan,2015,3,3,True,0.11355560681920493,Low
108,Kazakhstan,2016,3,3,True,0.0710473634536336,Low
108,Kazakhstan,2017,3,3,True,0.06615451590040275,Low
108,Kazakhstan,2018,3,3,True,0.2602177973761787,Moderate
108,Kazakhstan,2019,3,3,True,0.3806725244853465,Moderate
108,Kazakhstan,2020,3,3,True,0.3204903129456478,Moderate
108,Kazakhstan,2021,3,3,True,0.448347937376857,Moderate
108,Kazakhstan,2022,3,3,True,0.3561383308525693,Moderate
108,Kazakhstan,2023,3,3,True,0.6619895089145675,High
109,Jamaica,2010,3,2,False,,Insufficient coverage
109,Jamaica,2012,3,2,False,,Insufficient coverage
109,Jamaica,2013,3,2,False,,Insufficient coverage
109,Jamaica,2014,3,2,False,,Insufficient coverage
109,Jamaica,2015,3,2,False,,Insufficient coverage
109,Jamaica,2016,3,2,False,,Insufficient coverage
109,Jamaica,2017,3,2,False,,Insufficient coverage
109,Jamaica,2018,3,2,False,,Insufficient coverage
109,Jamaica,2019,3,2,False,,Insufficient coverage
109,Jamaica,2020,3,2,False,,Insufficient coverage
109,Jamaica,2021,3,2,False,,Insufficient coverage
109,Jamaica,2022,3,2,False,,Insufficient coverage
109,Jamaica,2023,3,2,False,,Insufficient coverage
112,Jordan,2010,3,2,False,,Insufficient coverage
112,Jordan,2011,3,2,False,,Insufficient coverage
112,Jordan,2012,3,2,False,,Insufficient coverage
112,Jordan,2013,3,2,False,,Insufficient coverage
112,Jordan,2014,3,2,False,,Insufficient coverage
112,Jordan,2015,3,2,False,,Insufficient coverage
112,Jordan,2016,3,2,False,,Insufficient coverage
112,Jordan,2017,3,2,False,,Insufficient coverage
112,Jordan,2018,3,2,False,,Insufficient coverage
112,Jordan,2019,3,2,False,,Insufficient coverage
112,Jordan,2020,3,2,False,,Insufficient coverage
112,Jordan,2021,3,2,False,,Insufficient coverage
112,Jordan,2022,3,2,False,,Insufficient coverage
112,Jordan,2023,3,2,False,,Insufficient coverage
113,Kyrgyzstan,2010,3,3,True,0.5170530634770607,High
113,Kyrgyzstan,2011,3,3,True,0.5043381411284319,High
113,Kyrgyzstan,2012,3,3,True,0.6381152919013797,High
113,Kyrgyzstan,2015,3,3,True,0.4726720562855543,Moderate
113,Kyrgyzstan,2016,3,3,True,0.42082942394707445,Moderate
113,Kyrgyzstan,2017,3,3,True,0.5267751068226573,High
113,Kyrgyzstan,2018,3,3,True,0.4695015125440587,Moderate
113,Kyrgyzstan,2019,3,3,True,0.4988996545104744,Moderate
113,Kyrgyzstan,2020,3,3,True,0.38321244129164084,Moderate
113,Kyrgyzstan,2021,3,3,True,0.40586704960175335,Moderate
113,Kyrgyzstan,2022,3,3,True,0.45996324371315334,Moderate
113,Kyrgyzstan,2023,3,3,True,0.4924528265930014,Moderate
114,Kenya,2010,3,3,True,0.2750794454067478,Moderate
114,Kenya,2013,3,3,True,0.2270789586949521,Low
114,Kenya,2016,3,3,True,0.30625624729781664,Moderate
114,Kenya,2017,3,3,True,0.2584928765420615,Moderate
114,Kenya,2018,3,3,True,0.30180236629484525,Moderate
114,Kenya,2019,3,3,True,0.33184931787261884,Moderate
114,Kenya,2020,3,3,True,0.22526512356358336,Low
114,Kenya,2021,3,3,True,0.3684168364306044,Moderate
114,Kenya,2022,3,3,True,0.37706391705448394,Moderate
114,Kenya,2023,3,3,True,0.31848678053343166,Moderate
115,Cambodia,2010,3,2,False,,Insufficient coverage
115,Cambodia,2011,3,2,False,,Insufficient coverage
115,Cambodia,2012,3,2,False,,Insufficient coverage
115,Cambodia,2013,3,2,False,,Insufficient coverage
115,Cambodia,2014,3,2,False,,Insufficient coverage
115,Cambodia,2015,3,2,False,,Insufficient coverage
115,Cambodia,2016,3,2,False,,Insufficient coverage
115,Cambodia,2017,3,2,False,,Insufficient coverage
115,Cambodia,2018,3,2,False,,Insufficient coverage
115,Cambodia,2019,3,2,False,,Insufficient coverage
115,Cambodia,2020,3,2,False,,Insufficient coverage
115,Cambodia,2021,3,2,False,,Insufficient coverage
115,Cambodia,2022,3,2,False,,Insufficient coverage
115,Cambodia,2023,3,2,False,,Insufficient coverage
117,Republic of Korea,2010,3,3,True,0.25617959501372517,Moderate
117,Republic of Korea,2011,3,3,True,0.32271069111115,Moderate
117,Republic of Korea,2012,3,3,True,0.25305874240744897,Moderate
117,Republic of Korea,2013,3,3,True,0.2641620302247557,Moderate
117,Republic of Korea,2014,3,3,True,0.23434188389594574,Low
117,Republic of Korea,2015,3,3,True,0.20097796070133847,Low
117,Republic of Korea,2016,3,3,True,0.22616066264468043,Low
117,Republic of Korea,2017,3,3,True,0.2327645172528291,Low
117,Republic of Korea,2018,3,3,True,0.259738288597687,Moderate
117,Republic of Korea,2019,3,3,True,0.25881954600785917,Moderate
117,Republic of Korea,2020,3,3,True,0.2303744125793677,Low
117,Republic of Korea,2021,3,3,True,0.2422808785465676,Low
117,Republic of Korea,2022,3,3,True,0.2633156792598448,Moderate
117,Republic of Korea,2023,3,3,True,0.2198819502109196,Low
118,Kuwait,2013,3,2,False,,Insufficient coverage
118,Kuwait,2014,3,2,False,,Insufficient coverage
118,Kuwait,2015,3,2,False,,Insufficient coverage
118,Kuwait,2016,3,2,False,,Insufficient coverage
118,Kuwait,2017,3,2,False,,Insufficient coverage
118,Kuwait,2018,3,2,False,,Insufficient coverage
118,Kuwait,2019,3,1,False,,Insufficient coverage
118,Kuwait,2020,3,2,False,,Insufficient coverage
118,Kuwait,2021,3,2,False,,Insufficient coverage
118,Kuwait,2022,3,2,False,,Insufficient coverage
118,Kuwait,2023,3,2,False,,Insufficient coverage
119,Latvia,2010,3,1,False,,Insufficient coverage
119,Latvia,2011,3,1,False,,Insufficient coverage
119,Latvia,2012,3,1,False,,Insufficient coverage
119,Latvia,2013,3,1,False,,Insufficient coverage
119,Latvia,2014,3,1,False,,Insufficient coverage
119,Latvia,2015,3,1,False,,Insufficient coverage
119,Latvia,2016,3,1,False,,Insufficient coverage
119,Latvia,2017,3,1,False,,Insufficient coverage
119,Latvia,2018,3,1,False,,Insufficient coverage
119,Latvia,2019,3,3,True,0.7718044395440021,Very High
119,Latvia,2020,3,3,True,0.7572309920971979,Very High
119,Latvia,2021,3,3,True,0.6893042832689171,High
119,Latvia,2022,3,3,True,0.6765382293836106,High
119,Latvia,2023,3,3,True,0.6457236939352585,High
120,Lao People's Democratic Republic,2015,3,2,False,,Insufficient coverage
120,Lao People's Democratic Republic,2016,3,2,False,,Insufficient coverage
120,Lao People's Democratic Republic,2017,3,2,False,,Insufficient coverage
120,Lao People's Democratic Republic,2018,3,2,False,,Insufficient coverage
120,Lao People's Democratic Republic,2019,3,2,False,,Insufficient coverage
120,Lao People's Democratic Republic,2020,3,2,False,,Insufficient coverage
120,Lao People's Democratic Republic,2021,3,2,False,,Insufficient coverage
120,Lao People's Democratic Republic,2022,3,2,False,,Insufficient coverage
120,Lao People's Democratic Republic,2023,3,2,False,,Insufficient coverage
121,Lebanon,2010,3,2,False,,Insufficient coverage
121,Lebanon,2011,3,2,False,,Insufficient coverage
121,Lebanon,2012,3,2,False,,Insufficient coverage
121,Lebanon,2013,3,2,False,,Insufficient coverage
121,Lebanon,2014,3,2,False,,Insufficient coverage
121,Lebanon,2015,3,2,False,,Insufficient coverage
121,Lebanon,2016,3,2,False,,Insufficient coverage
121,Lebanon,2017,3,2,False,,Insufficient coverage
121,Lebanon,2018,3,2,False,,Insufficient coverage
121,Lebanon,2019,3,2,False,,Insufficient coverage
121,Lebanon,2020,3,2,False,,Insufficient coverage
121,Lebanon,2021,3,2,False,,Insufficient coverage
121,Lebanon,2022,3,2,False,,Insufficient coverage
121,Lebanon,2023,3,2,False,,Insufficient coverage
122,Lesotho,2016,3,2,False,,Insufficient coverage
122,Lesotho,2017,3,2,False,,Insufficient coverage
122,Lesotho,2018,3,2,False,,Insufficient coverage
122,Lesotho,2019,3,2,False,,Insufficient coverage
122,Lesotho,2020,3,2,False,,Insufficient coverage
122,Lesotho,2021,3,2,False,,Insufficient coverage
122,Lesotho,2022,3,2,False,,Insufficient coverage
122,Lesotho,2023,3,2,False,,Insufficient coverage
124,Libya,2016,3,1,False,,Insufficient coverage
124,Libya,2017,3,1,False,,Insufficient coverage
124,Libya,2018,3,2,False,,Insufficient coverage
124,Libya,2019,3,1,False,,Insufficient coverage
126,Lithuania,2010,3,2,False,,Insufficient coverage
126,Lithuania,2011,3,2,False,,Insufficient coverage
126,Lithuania,2012,3,2,False,,Insufficient coverage
126,Lithuania,2013,3,2,False,,Insufficient coverage
126,Lithuania,2014,3,2,False,,Insufficient coverage
126,Lithuania,2015,3,2,False,,Insufficient coverage
126,Lithuania,2016,3,2,False,,Insufficient coverage
126,Lithuania,2017,3,2,False,,Insufficient coverage
126,Lithuania,2018,3,2,False,,Insufficient coverage
126,Lithuania,2019,3,3,True,0.37284677235609964,Moderate
126,Lithuania,2020,3,3,True,0.2582443680991548,Moderate
126,Lithuania,2021,3,3,True,0.16873256361017666,Low
126,Lithuania,2022,3,3,True,0.18434794793741685,Low
126,Lithuania,2023,3,3,True,0.22927451396794646,Low
128,"China, Macao SAR",2010,3,0,False,,Insufficient coverage
128,"China, Macao SAR",2011,2,0,False,,Insufficient coverage
128,"China, Macao SAR",2012,2,0,False,,Insufficient coverage
128,"China, Macao SAR",2014,3,0,False,,Insufficient coverage
128,"China, Macao SAR",2015,3,0,False,,Insufficient coverage
128,"China, Macao SAR",2016,3,0,False,,Insufficient coverage
128,"China, Macao SAR",2017,2,0,False,,Insufficient coverage
128,"China, Macao SAR",2018,3,0,False,,Insufficient coverage
128,"China, Macao SAR",2019,2,0,False,,Insufficient coverage
128,"China, Macao SAR",2020,2,0,False,,Insufficient coverage
128,"China, Macao SAR",2021,3,0,False,,Insufficient coverage
128,"China, Macao SAR",2022,3,0,False,,Insufficient coverage
128,"China, Macao SAR",2023,3,0,False,,Insufficient coverage
129,Madagascar,2010,3,3,True,0.21524692112205285,Low
129,Madagascar,2011,3,3,True,0.22886405341356378,Low
129,Madagascar,2012,3,3,True,0.17094333025546818,Low
129,Madagascar,2013,3,3,True,0.2468017196702439,Low
129,Madagascar,2014,3,3,True,0.24952281596925432,Low
129,Madagascar,2015,3,3,True,0.26652090099739834,Moderate
129,Madagascar,2016,3,3,True,0.24631097354783338,Low
129,Madagascar,2017,3,3,True,0.2551391929622579,Moderate
129,Madagascar,2018,3,3,True,0.24667612886029502,Low
129,Madagascar,2019,3,3,True,0.1934034485809653,Low
129,Madagascar,2020,3,3,True,0.23197903190496105,Low
129,Madagascar,2021,3,3,True,0.3541938133087691,Moderate
129,Madagascar,2022,3,3,True,0.3500612414088796,Moderate
129,Madagascar,2023,3,3,True,0.3104118862935324,Moderate
130,Malawi,2010,3,3,True,0.06925382028783081,Low
130,Malawi,2011,3,3,True,0.07518703528338688,Low
130,Malawi,2013,3,3,True,0.12611469670608946,Low
130,Malawi,2014,3,3,True,0.09206611800760571,Low
130,Malawi,2015,3,3,True,0.23686254537810672,Low
130,Malawi,2016,3,3,True,0.2722607922393617,Moderate
130,Malawi,2017,3,3,True,0.13334076810734544,Low
130,Malawi,2018,3,3,True,0.07687825618050563,Low
130,Malawi,2019,3,3,True,0.06281799886562997,Low
130,Malawi,2020,3,3,True,0.0914697707554082,Low
130,Malawi,2021,3,3,True,0.06950349576641845,Low
130,Malawi,2022,3,3,True,0.04248382731833362,Low
130,Malawi,2023,3,3,True,0.11950318616308667,Low
131,Malaysia,2010,3,3,True,0.4610444600177153,Moderate
131,Malaysia,2011,3,3,True,0.414663647351012,Moderate
131,Malaysia,2012,3,3,True,0.4962783532786462,Moderate
131,Malaysia,2013,3,3,True,0.40558226700359146,Moderate
131,Malaysia,2014,3,3,True,0.41959055091299446,Moderate
131,Malaysia,2015,3,3,True,0.35596581201805494,Moderate
131,Malaysia,2016,3,3,True,0.36292170747479413,Moderate
131,Malaysia,2017,3,3,True,0.3876201876408718,Moderate
131,Malaysia,2018,3,3,True,0.3873432456313804,Moderate
131,Malaysia,2019,3,3,True,0.35422094752356026,Moderate
131,Malaysia,2020,3,3,True,0.33345330629245473,Moderate
131,Malaysia,2021,3,3,True,0.39067348627326437,Moderate
131,Malaysia,2022,3,3,True,0.41869927617373576,Moderate
131,Malaysia,2023,3,3,True,0.37215292802068256,Moderate
132,Maldives,2010,3,0,False,,Insufficient coverage
132,Maldives,2011,3,0,False,,Insufficient coverage
132,Maldives,2012,3,0,False,,Insufficient coverage
132,Maldives,2013,3,0,False,,Insufficient coverage
132,Maldives,2014,3,0,False,,Insufficient coverage
132,Maldives,2015,3,0,False,,Insufficient coverage
132,Maldives,2016,3,0,False,,Insufficient coverage
132,Maldives,2017,3,0,False,,Insufficient coverage
132,Maldives,2018,3,0,False,,Insufficient coverage
132,Maldives,2019,3,0,False,,Insufficient coverage
132,Maldives,2020,3,0,False,,Insufficient coverage
132,Maldives,2021,3,0,False,,Insufficient coverage
132,Maldives,2022,3,0,False,,Insufficient coverage
132,Maldives,2023,3,0,False,,Insufficient coverage
134,Malta,2010,3,1,False,,Insufficient coverage
134,Malta,2011,3,1,False,,Insufficient coverage
134,Malta,2012,3,1,False,,Insufficient coverage
134,Malta,2013,3,1,False,,Insufficient coverage
134,Malta,2014,3,1,False,,Insufficient coverage
134,Malta,2015,3,1,False,,Insufficient coverage
134,Malta,2016,3,1,False,,Insufficient coverage
134,Malta,2017,3,1,False,,Insufficient coverage
134,Malta,2018,3,1,False,,Insufficient coverage
134,Malta,2019,3,3,True,0.27312323547518275,Moderate
134,Malta,2020,3,3,True,0.1900683021113797,Low
134,Malta,2021,3,3,True,0.43117674789767324,Moderate
134,Malta,2022,3,3,True,0.3426730562657417,Moderate
134,Malta,2023,3,3,True,0.3096106839058154,Moderate
136,Mauritania,2010,3,1,False,,Insufficient coverage
136,Mauritania,2011,3,1,False,,Insufficient coverage
136,Mauritania,2012,3,1,False,,Insufficient coverage
136,Mauritania,2013,3,1,False,,Insufficient coverage
136,Mauritania,2014,3,1,False,,Insufficient coverage
136,Mauritania,2016,3,0,False,,Insufficient coverage
136,Mauritania,2017,3,0,False,,Insufficient coverage
136,Mauritania,2018,3,1,False,,Insufficient coverage
136,Mauritania,2019,3,1,False,,Insufficient coverage
136,Mauritania,2020,3,1,False,,Insufficient coverage
136,Mauritania,2021,3,1,False,,Insufficient coverage
136,Mauritania,2022,3,1,False,,Insufficient coverage
136,Mauritania,2023,3,1,False,,Insufficient coverage
137,Mauritius,2010,3,2,False,,Insufficient coverage
137,Mauritius,2011,3,2,False,,Insufficient coverage
137,Mauritius,2012,3,2,False,,Insufficient coverage
137,Mauritius,2013,3,2,False,,Insufficient coverage
137,Mauritius,2014,3,2,False,,Insufficient coverage
137,Mauritius,2015,3,2,False,,Insufficient coverage
137,Mauritius,2016,3,2,False,,Insufficient coverage
137,Mauritius,2017,3,2,False,,Insufficient coverage
137,Mauritius,2018,3,2,False,,Insufficient coverage
137,Mauritius,2019,3,2,False,,Insufficient coverage
137,Mauritius,2020,3,2,False,,Insufficient coverage
137,Mauritius,2021,3,2,False,,Insufficient coverage
137,Mauritius,2022,3,2,False,,Insufficient coverage
138,Mexico,2010,3,3,True,0.5677440275220637,High
138,Mexico,2011,3,3,True,0.5738145513389608,High
138,Mexico,2012,3,3,True,0.5565089758308379,High
138,Mexico,2013,3,3,True,0.5303535370124306,High
138,Mexico,2014,3,3,True,0.5193372364597065,High
138,Mexico,2015,3,3,True,0.4988102686864039,Moderate
138,Mexico,2016,3,3,True,0.5171907326331534,High
138,Mexico,2017,3,3,True,0.5120807571240605,High
138,Mexico,2018,3,3,True,0.5126678769504577,High
138,Mexico,2019,3,3,True,0.6161554355230672,High
138,Mexico,2020,3,3,True,0.6072600460861304,High
138,Mexico,2021,3,3,True,0.6456476439928107,High
138,Mexico,2022,3,3,True,0.6398153078770352,High
138,Mexico,2023,3,3,True,0.6053808862468426,High
141,Mongolia,2015,3,1,False,,Insufficient coverage
141,Mongolia,2016,3,1,False,,Insufficient coverage
141,Mongolia,2017,3,1,False,,Insufficient coverage
141,Mongolia,2018,3,1,False,,Insufficient coverage
141,Mongolia,2019,3,1,False,,Insufficient coverage
141,Mongolia,2020,3,1,False,,Insufficient coverage
141,Mongolia,2021,3,1,False,,Insufficient coverage
141,Mongolia,2022,3,1,False,,Insufficient coverage
141,Mongolia,2023,3,1,False,,Insufficient coverage
143,Morocco,2010,3,3,True,0.4066034446798794,Moderate
143,Morocco,2012,3,3,True,0.2457550820120732,Low
143,Morocco,2013,3,3,True,0.2664396339134073,Moderate
143,Morocco,2014,3,3,True,0.2787366501803805,Moderate
143,Morocco,2015,3,3,True,0.22216772225135842,Low
143,Morocco,2016,3,3,True,0.29855485798704495,Moderate
143,Morocco,2017,3,3,True,0.11346440770560634,Low
143,Morocco,2018,3,3,True,0.2621758874731207,Moderate
143,Morocco,2019,3,3,True,0.3764617592053501,Moderate
143,Morocco,2020,3,3,True,0.29307255231399454,Moderate
143,Morocco,2021,3,3,True,0.17822911084503162,Low
143,Morocco,2022,3,3,True,0.3954296746784026,Moderate
143,Morocco,2023,3,3,True,0.2903797330443468,Moderate
144,Mozambique,2012,3,3,True,0.2596958642362114,Moderate
144,Mozambique,2014,3,3,True,0.3062762111975035,Moderate
144,Mozambique,2015,3,3,True,0.37585130642666575,Moderate
144,Mozambique,2016,3,3,True,0.3431363582008451,Moderate
144,Mozambique,2019,3,3,True,0.3467100107109818,Moderate
144,Mozambique,2020,3,3,True,0.3063431595276316,Moderate
144,Mozambique,2021,3,3,True,0.3058805456275142,Moderate
144,Mozambique,2022,3,3,True,0.2799598565853647,Moderate
144,Mozambique,2023,3,3,True,0.38353447895250314,Moderate
146,Republic of Moldova,2010,3,3,True,0.24865253406387897,Low
146,Republic of Moldova,2011,3,3,True,0.22528624105202563,Low
146,Republic of Moldova,2012,3,3,True,0.32003900547123976,Moderate
146,Republic of Moldova,2013,3,3,True,0.23899407472449605,Low
146,Republic of Moldova,2014,3,3,True,0.22724431797250583,Low
146,Republic of Moldova,2015,3,3,True,0.23360446153485037,Low
146,Republic of Moldova,2016,3,3,True,0.2117715289142579,Low
146,Republic of Moldova,2017,3,3,True,0.25883680967853917,Moderate
146,Republic of Moldova,2018,3,3,True,0.21731121630225492,Low
146,Republic of Moldova,2019,3,3,True,0.24993038884801969,Low
146,Republic of Moldova,2020,3,2,False,,Insufficient coverage
146,Republic of Moldova,2021,3,3,True,0.16134728329266462,Low
146,Republic of Moldova,2022,3,2,False,,Insufficient coverage
146,Republic of Moldova,2023,3,2,False,,Insufficient coverage
147,Namibia,2012,3,2,False,,Insufficient coverage
147,Namibia,2013,3,2,False,,Insufficient coverage
147,Namibia,2014,3,2,False,,Insufficient coverage
147,Namibia,2015,3,2,False,,Insufficient coverage
147,Namibia,2016,3,2,False,,Insufficient coverage
147,Namibia,2017,3,2,False,,Insufficient coverage
147,Namibia,2018,3,2,False,,Insufficient coverage
147,Namibia,2019,3,2,False,,Insufficient coverage
147,Namibia,2020,3,2,False,,Insufficient coverage
147,Namibia,2021,3,2,False,,Insufficient coverage
147,Namibia,2022,3,2,False,,Insufficient coverage
147,Namibia,2023,3,2,False,,Insufficient coverage
149,Nepal,2010,3,3,True,0.2428033982958443,Low
149,Nepal,2011,3,3,True,0.2628588908175174,Moderate
149,Nepal,2012,3,3,True,0.26115495734032423,Moderate
149,Nepal,2013,3,3,True,0.35882748604490655,Moderate
149,Nepal,2014,3,3,True,0.38399315530391626,Moderate
149,Nepal,2015,3,2,False,,Insufficient coverage
149,Nepal,2016,3,3,True,0.4238931199068624,Moderate
149,Nepal,2017,3,3,True,0.40169304528924243,Moderate
149,Nepal,2018,3,3,True,0.40377692532972836,Moderate
149,Nepal,2019,3,3,True,0.36228853469474726,Moderate
149,Nepal,2020,3,2,False,,Insufficient coverage
149,Nepal,2021,3,3,True,0.46456337538717796,Moderate
149,Nepal,2022,3,3,True,0.3831652800150469,Moderate
150,Netherlands (Kingdom of the),2010,3,2,False,,Insufficient coverage
150,Netherlands (Kingdom of the),2011,3,2,False,,Insufficient coverage
150,Netherlands (Kingdom of the),2012,3,2,False,,Insufficient coverage
150,Netherlands (Kingdom of the),2013,3,2,False,,Insufficient coverage
150,Netherlands (Kingdom of the),2014,3,2,False,,Insufficient coverage
150,Netherlands (Kingdom of the),2015,3,2,False,,Insufficient coverage
150,Netherlands (Kingdom of the),2016,3,2,False,,Insufficient coverage
150,Netherlands (Kingdom of the),2017,3,2,False,,Insufficient coverage
150,Netherlands (Kingdom of the),2018,3,2,False,,Insufficient coverage
150,Netherlands (Kingdom of the),2019,3,3,True,0.11301199538991968,Low
150,Netherlands (Kingdom of the),2020,3,3,True,0.11590341401239916,Low
150,Netherlands (Kingdom of the),2021,3,3,True,0.11661871311489048,Low
150,Netherlands (Kingdom of the),2022,3,3,True,0.11907086856153752,Low
150,Netherlands (Kingdom of the),2023,3,3,True,0.10497907793409908,Low
153,New Caledonia,2010,3,2,False,,Insufficient coverage
153,New Caledonia,2011,3,2,False,,Insufficient coverage
153,New Caledonia,2012,3,2,False,,Insufficient coverage
153,New Caledonia,2013,3,2,False,,Insufficient coverage
153,New Caledonia,2014,3,2,False,,Insufficient coverage
153,New Caledonia,2015,3,2,False,,Insufficient coverage
154,North Macedonia,2010,3,3,True,0.46027471103608447,Moderate
154,North Macedonia,2011,3,3,True,0.4508943838840811,Moderate
154,North Macedonia,2012,3,3,True,0.4143667833618767,Moderate
154,North Macedonia,2013,3,3,True,0.4848170539950819,Moderate
154,North Macedonia,2014,3,3,True,0.4594835279090329,Moderate
154,North Macedonia,2015,3,3,True,0.5553447085929909,High
154,North Macedonia,2016,3,3,True,0.5168739826095035,High
154,North Macedonia,2017,3,3,True,0.5345125810151998,High
154,North Macedonia,2018,3,3,True,0.5407615507396009,High
154,North Macedonia,2019,3,3,True,0.5234445452667914,High
154,North Macedonia,2020,3,3,True,0.5156843633092003,High
154,North Macedonia,2021,3,3,True,0.5364555841811571,High
154,North Macedonia,2022,3,2,False,,Insufficient coverage
154,North Macedonia,2023,3,3,True,0.5923736248254741,High
155,Vanuatu,2010,3,1,False,,Insufficient coverage
155,Vanuatu,2011,3,1,False,,Insufficient coverage
156,New Zealand,2010,3,3,True,0.546799002378719,High
156,New Zealand,2011,3,3,True,0.6059599236503571,High
156,New Zealand,2012,3,3,True,0.608208705306002,High
156,New Zealand,2013,3,3,True,0.5901227757429842,High
156,New Zealand,2014,3,3,True,0.6013391885391031,High
156,New Zealand,2015,3,3,True,0.5812992312103992,High
156,New Zealand,2016,3,3,True,0.5437459682254567,High
156,New Zealand,2017,3,3,True,0.5546902807739842,High
156,New Zealand,2018,3,3,True,0.5753531926136928,High
156,New Zealand,2019,3,3,True,0.5582500953107861,High
156,New Zealand,2020,3,3,True,0.44728870876524324,Moderate
156,New Zealand,2021,3,3,True,0.5619500637594756,High
156,New Zealand,2022,3,3,True,0.5949969393073824,High
156,New Zealand,2023,3,3,True,0.5768920327778835,High
157,Nicaragua,2010,3,2,False,,Insufficient coverage
157,Nicaragua,2011,3,2,False,,Insufficient coverage
157,Nicaragua,2012,3,2,False,,Insufficient coverage
157,Nicaragua,2013,3,2,False,,Insufficient coverage
157,Nicaragua,2014,3,2,False,,Insufficient coverage
157,Nicaragua,2015,3,2,False,,Insufficient coverage
157,Nicaragua,2016,3,2,False,,Insufficient coverage
157,Nicaragua,2017,3,2,False,,Insufficient coverage
157,Nicaragua,2018,3,2,False,,Insufficient coverage
157,Nicaragua,2019,3,2,False,,Insufficient coverage
157,Nicaragua,2020,3,2,False,,Insufficient coverage
157,Nicaragua,2021,3,2,False,,Insufficient coverage
157,Nicaragua,2022,3,2,False,,Insufficient coverage
157,Nicaragua,2023,3,2,False,,Insufficient coverage
158,Niger,2010,3,3,True,0.3628562798495527,Moderate
158,Niger,2011,3,2,False,,Insufficient coverage
158,Niger,2012,3,3,True,0.35047749089164815,Moderate
158,Niger,2013,3,3,True,0.37009707883993015,Moderate
158,Niger,2014,3,3,True,0.46061522270787736,Moderate
158,Niger,2015,3,2,False,,Insufficient coverage
158,Niger,2016,3,2,False,,Insufficient coverage
158,Niger,2017,3,3,True,0.7323045321374592,High
158,Niger,2018,3,3,True,0.709444986420797,High
158,Niger,2019,3,3,True,0.5733535020644602,High
158,Niger,2020,3,3,True,0.3588805835923503,Moderate
158,Niger,2021,3,1,False,,Insufficient coverage
158,Niger,2022,3,1,False,,Insufficient coverage
158,Niger,2023,3,3,True,0.6667550502816354,High
162,Norway,2010,3,1,False,,Insufficient coverage
162,Norway,2011,3,1,False,,Insufficient coverage
162,Norway,2012,3,1,False,,Insufficient coverage
162,Norway,2013,3,1,False,,Insufficient coverage
162,Norway,2014,3,1,False,,Insufficient coverage
162,Norway,2015,3,1,False,,Insufficient coverage
162,Norway,2016,3,1,False,,Insufficient coverage
162,Norway,2017,3,1,False,,Insufficient coverage
162,Norway,2018,3,1,False,,Insufficient coverage
162,Norway,2019,3,1,False,,Insufficient coverage
162,Norway,2020,3,1,False,,Insufficient coverage
162,Norway,2021,3,1,False,,Insufficient coverage
162,Norway,2022,3,1,False,,Insufficient coverage
162,Norway,2023,3,1,False,,Insufficient coverage
165,Pakistan,2010,3,2,False,,Insufficient coverage
165,Pakistan,2011,3,3,True,0.07395169771997806,Low
165,Pakistan,2012,3,3,True,0.047874180437962585,Low
165,Pakistan,2013,3,3,True,0.07069945727698372,Low
165,Pakistan,2014,3,3,True,0.057902600928548646,Low
165,Pakistan,2015,3,2,False,,Insufficient coverage
165,Pakistan,2016,3,3,True,0.036453280650122405,Low
165,Pakistan,2017,3,3,True,0.030509381779057022,Low
165,Pakistan,2018,3,3,True,0.051045287444054545,Low
165,Pakistan,2019,3,3,True,0.05142573947684499,Low
165,Pakistan,2020,3,3,True,0.16248795900727903,Low
165,Pakistan,2021,3,3,True,0.13425979818221453,Low
165,Pakistan,2022,3,3,True,0.08570864299470764,Low
165,Pakistan,2023,3,3,True,0.19664096720069651,Low
166,Panama,2011,3,2,False,,Insufficient coverage
166,Panama,2012,3,2,False,,Insufficient coverage
166,Panama,2013,3,2,False,,Insufficient coverage
166,Panama,2017,3,2,False,,Insufficient coverage
166,Panama,2018,3,2,False,,Insufficient coverage
166,Panama,2019,3,2,False,,Insufficient coverage
166,Panama,2020,3,2,False,,Insufficient coverage
166,Panama,2021,3,1,False,,Insufficient coverage
166,Panama,2022,3,1,False,,Insufficient coverage
166,Panama,2023,3,2,False,,Insufficient coverage
167,Czechia,2010,3,2,False,,Insufficient coverage
167,Czechia,2011,3,2,False,,Insufficient coverage
167,Czechia,2012,3,2,False,,Insufficient coverage
167,Czechia,2013,3,2,False,,Insufficient coverage
167,Czechia,2014,3,2,False,,Insufficient coverage
167,Czechia,2015,3,2,False,,Insufficient coverage
167,Czechia,2016,3,2,False,,Insufficient coverage
167,Czechia,2017,3,1,False,,Insufficient coverage
167,Czechia,2018,3,2,False,,Insufficient coverage
167,Czechia,2019,3,3,True,0.22140403189170135,Low
167,Czechia,2020,3,3,True,0.2946493826776031,Moderate
167,Czechia,2021,3,3,True,0.23739230503684328,Low
167,Czechia,2022,3,2,False,,Insufficient coverage
167,Czechia,2023,3,3,True,0.22840589366958888,Low
168,Papua New Guinea,2020,3,1,False,,Insufficient coverage
168,Papua New Guinea,2021,3,1,False,,Insufficient coverage
168,Papua New Guinea,2022,3,0,False,,Insufficient coverage
168,Papua New Guinea,2023,3,0,False,,Insufficient coverage
169,Paraguay,2010,3,3,True,0.19119040443320198,Low
169,Paraguay,2011,3,3,True,0.12691636282709343,Low
169,Paraguay,2012,3,0,False,,Insufficient coverage
169,Paraguay,2013,3,3,True,0.13670472444563236,Low
169,Paraguay,2014,3,2,False,,Insufficient coverage
169,Paraguay,2015,3,3,True,0.20084452220982263,Low
169,Paraguay,2016,3,2,False,,Insufficient coverage
169,Paraguay,2017,3,3,True,0.11158193843391784,Low
169,Paraguay,2018,3,2,False,,Insufficient coverage
169,Paraguay,2019,3,3,True,0.12369135922291144,Low
169,Paraguay,2020,3,2,False,,Insufficient coverage
169,Paraguay,2021,3,3,True,0.20725993774205756,Low
169,Paraguay,2022,3,1,False,,Insufficient coverage
169,Paraguay,2023,3,1,False,,Insufficient coverage
170,Peru,2010,3,3,True,0.37957431621647464,Moderate
170,Peru,2011,3,3,True,0.3989013637096519,Moderate
170,Peru,2012,3,3,True,0.3634213788162293,Moderate
170,Peru,2013,3,3,True,0.36008071450086854,Moderate
170,Peru,2014,3,3,True,0.43480077088608715,Moderate
170,Peru,2015,3,3,True,0.43192546225254413,Moderate
170,Peru,2016,3,3,True,0.45850410589630686,Moderate
170,Peru,2017,3,3,True,0.44207997413986233,Moderate
170,Peru,2018,3,3,True,0.43868723307113977,Moderate
170,Peru,2019,3,3,True,0.41184974898010734,Moderate
170,Peru,2020,3,3,True,0.4717379344637896,Moderate
170,Peru,2021,3,3,True,0.44383620352836334,Moderate
170,Peru,2022,3,3,True,0.39402244073502196,Moderate
170,Peru,2023,3,3,True,0.44044358292206626,Moderate
171,Philippines,2010,3,2,False,,Insufficient coverage
171,Philippines,2011,3,2,False,,Insufficient coverage
171,Philippines,2012,3,2,False,,Insufficient coverage
171,Philippines,2013,3,2,False,,Insufficient coverage
171,Philippines,2014,3,2,False,,Insufficient coverage
171,Philippines,2015,3,2,False,,Insufficient coverage
171,Philippines,2016,3,2,False,,Insufficient coverage
171,Philippines,2017,3,2,False,,Insufficient coverage
171,Philippines,2018,3,2,False,,Insufficient coverage
171,Philippines,2019,3,2,False,,Insufficient coverage
171,Philippines,2020,3,2,False,,Insufficient coverage
171,Philippines,2021,3,2,False,,Insufficient coverage
171,Philippines,2022,3,2,False,,Insufficient coverage
171,Philippines,2023,3,2,False,,Insufficient coverage
173,Poland,2010,3,2,False,,Insufficient coverage
173,Poland,2011,3,2,False,,Insufficient coverage
173,Poland,2012,3,2,False,,Insufficient coverage
173,Poland,2013,3,2,False,,Insufficient coverage
173,Poland,2014,3,1,False,,Insufficient coverage
173,Poland,2015,3,1,False,,Insufficient coverage
173,Poland,2016,3,1,False,,Insufficient coverage
173,Poland,2017,3,1,False,,Insufficient coverage
173,Poland,2018,3,1,False,,Insufficient coverage
173,Poland,2019,3,2,False,,Insufficient coverage
173,Poland,2020,3,2,False,,Insufficient coverage
173,Poland,2021,3,2,False,,Insufficient coverage
173,Poland,2022,3,2,False,,Insufficient coverage
173,Poland,2023,3,2,False,,Insufficient coverage
174,Portugal,2010,3,3,True,0.2969769475929879,Moderate
174,Portugal,2011,3,3,True,0.23691900171562896,Low
174,Portugal,2012,3,3,True,0.30815179579398466,Moderate
174,Portugal,2013,3,3,True,0.38252184552760293,Moderate
174,Portugal,2014,3,3,True,0.3472426769708429,Moderate
174,Portugal,2015,3,3,True,0.3431074578056371,Moderate
174,Portugal,2016,3,3,True,0.24035444682858095,Low
174,Portugal,2017,3,3,True,0.387445868848894,Moderate
174,Portugal,2018,3,3,True,0.3969593143004596,Moderate
174,Portugal,2019,3,3,True,0.3261083192639378,Moderate
174,Portugal,2020,3,3,True,0.361205805679354,Moderate
174,Portugal,2021,3,3,True,0.3212813223895704,Moderate
174,Portugal,2022,3,3,True,0.3794121139173718,Moderate
174,Portugal,2023,3,3,True,0.18308844000019459,Low
176,Timor-Leste,2017,3,1,False,,Insufficient coverage
176,Timor-Leste,2019,3,0,False,,Insufficient coverage
176,Timor-Leste,2020,3,0,False,,Insufficient coverage
176,Timor-Leste,2021,3,1,False,,Insufficient coverage
176,Timor-Leste,2022,3,0,False,,Insufficient coverage
176,Timor-Leste,2023,3,0,False,,Insufficient coverage
179,Qatar,2019,3,1,False,,Insufficient coverage
179,Qatar,2020,3,1,False,,Insufficient coverage
179,Qatar,2021,3,2,False,,Insufficient coverage
179,Qatar,2022,3,2,False,,Insufficient coverage
179,Qatar,2023,3,1,False,,Insufficient coverage
181,Zimbabwe,2010,3,3,True,0.3222150878995702,Moderate
181,Zimbabwe,2011,3,3,True,0.32645940957100633,Moderate
181,Zimbabwe,2012,3,3,True,0.46197987379980454,Moderate
181,Zimbabwe,2013,3,3,True,0.387328148229893,Moderate
181,Zimbabwe,2014,3,3,True,0.3821666151691487,Moderate
181,Zimbabwe,2015,3,3,True,0.6245426353134019,High
181,Zimbabwe,2016,3,3,True,0.25893355213231606,Moderate
181,Zimbabwe,2017,3,3,True,0.2573110001405474,Moderate
181,Zimbabwe,2018,3,3,True,0.19406865929259978,Low
181,Zimbabwe,2019,3,3,True,0.24334722311879875,Low
181,Zimbabwe,2020,3,2,False,,Insufficient coverage
181,Zimbabwe,2021,3,2,False,,Insufficient coverage
181,Zimbabwe,2022,3,2,False,,Insufficient coverage
181,Zimbabwe,2023,3,3,True,0.5719932693485856,High
183,Romania,2010,3,3,True,0.2900512347548144,Moderate
183,Romania,2011,3,3,True,0.1709939000160488,Low
183,Romania,2012,3,3,True,0.33987036285103006,Moderate
183,Romania,2013,3,3,True,0.3356686589742728,Moderate
183,Romania,2014,3,3,True,0.3498667861460225,Moderate
183,Romania,2015,3,3,True,0.25959131754140324,Moderate
183,Romania,2016,3,3,True,0.414320584466984,Moderate
183,Romania,2017,3,3,True,0.29393275340835456,Moderate
183,Romania,2018,3,3,True,0.2513898121951835,Moderate
183,Romania,2019,3,3,True,0.2765959296205718,Moderate
183,Romania,2020,3,3,True,0.417704861463804,Moderate
183,Romania,2021,3,3,True,0.29807664702801884,Moderate
183,Romania,2022,3,3,True,0.27952319529298675,Moderate
183,Romania,2023,3,3,True,0.39724500569584803,Moderate
184,Rwanda,2010,3,3,True,0.4997464865145632,Moderate
184,Rwanda,2011,3,3,True,0.30999571735190695,Moderate
184,Rwanda,2012,3,3,True,0.38899479302030815,Moderate
184,Rwanda,2013,3,3,True,0.4061522663990636,Moderate
184,Rwanda,2014,3,3,True,0.43710615292059773,Moderate
184,Rwanda,2015,3,3,True,0.542878485234671,High
184,Rwanda,2016,3,3,True,0.5337015206486324,High
184,Rwanda,2017,3,3,True,0.5013054537774494,High
184,Rwanda,2018,3,3,True,0.6080261648313227,High
184,Rwanda,2019,3,3,True,0.40941647985095414,Moderate
184,Rwanda,2020,3,3,True,0.4588798383008819,Moderate
184,Rwanda,2021,3,3,True,0.44323509729692956,Moderate
184,Rwanda,2022,3,3,True,0.35726211401502406,Moderate
185,Russian Federation,2010,3,3,True,0.06161123115786534,Low
185,Russian Federation,2011,3,3,True,0.029525623235688,Low
185,Russian Federation,2012,3,3,True,0.18388584056741242,Low
185,Russian Federation,2013,3,3,True,0.08935069886249399,Low
185,Russian Federation,2014,3,3,True,0.06038721852638729,Low
185,Russian Federation,2015,3,3,True,0.05544083730468937,Low
185,Russian Federation,2016,3,3,True,0.05256036903836632,Low
185,Russian Federation,2017,3,3,True,0.043559536232153265,Low
185,Russian Federation,2018,3,3,True,0.13526713227377346,Low
185,Russian Federation,2019,3,3,True,0.060489242472343545,Low
185,Russian Federation,2020,3,3,True,0.06557156894902727,Low
185,Russian Federation,2021,3,3,True,0.06394844270002514,Low
188,Saint Kitts and Nevis,2015,3,0,False,,Insufficient coverage
188,Saint Kitts and Nevis,2016,3,0,False,,Insufficient coverage
188,Saint Kitts and Nevis,2017,3,0,False,,Insufficient coverage
189,Saint Lucia,2014,3,0,False,,Insufficient coverage
189,Saint Lucia,2016,3,0,False,,Insufficient coverage
189,Saint Lucia,2017,3,1,False,,Insufficient coverage
189,Saint Lucia,2018,3,0,False,,Insufficient coverage
189,Saint Lucia,2019,3,1,False,,Insufficient coverage
189,Saint Lucia,2020,3,0,False,,Insufficient coverage
191,Saint Vincent and the Grenadines,2010,3,1,False,,Insufficient coverage
191,Saint Vincent and the Grenadines,2014,3,2,False,,Insufficient coverage
191,Saint Vincent and the Grenadines,2015,3,1,False,,Insufficient coverage
191,Saint Vincent and the Grenadines,2016,3,1,False,,Insufficient coverage
191,Saint Vincent and the Grenadines,2017,3,2,False,,Insufficient coverage
191,Saint Vincent and the Grenadines,2018,3,2,False,,Insufficient coverage
191,Saint Vincent and the Grenadines,2019,3,1,False,,Insufficient coverage
191,Saint Vincent and the Grenadines,2020,3,2,False,,Insufficient coverage
191,Saint Vincent and the Grenadines,2021,3,2,False,,Insufficient coverage
191,Saint Vincent and the Grenadines,2022,3,2,False,,Insufficient coverage
191,Saint Vincent and the Grenadines,2023,3,1,False,,Insufficient coverage
193,Sao Tome and Principe,2012,3,1,False,,Insufficient coverage
193,Sao Tome and Principe,2013,3,1,False,,Insufficient coverage
193,Sao Tome and Principe,2014,3,0,False,,Insufficient coverage
193,Sao Tome and Principe,2015,3,0,False,,Insufficient coverage
193,Sao Tome and Principe,2016,3,0,False,,Insufficient coverage
193,Sao Tome and Principe,2017,3,0,False,,Insufficient coverage
193,Sao Tome and Principe,2018,3,0,False,,Insufficient coverage
193,Sao Tome and Principe,2019,3,0,False,,Insufficient coverage
193,Sao Tome and Principe,2020,3,1,False,,Insufficient coverage
193,Sao Tome and Principe,2021,3,0,False,,Insufficient coverage
193,Sao Tome and Principe,2022,3,0,False,,Insufficient coverage
193,Sao Tome and Principe,2023,3,0,False,,Insufficient coverage
194,Saudi Arabia,2010,3,3,True,0.33612850295565866,Moderate
194,Saudi Arabia,2011,3,3,True,0.2608061386461205,Moderate
194,Saudi Arabia,2012,3,3,True,0.2624222157687437,Moderate
194,Saudi Arabia,2013,3,3,True,0.2594598993580737,Moderate
194,Saudi Arabia,2014,3,3,True,0.31946764042674924,Moderate
194,Saudi Arabia,2015,3,3,True,0.3929713739796936,Moderate
194,Saudi Arabia,2016,3,3,True,0.38084050091633503,Moderate
194,Saudi Arabia,2017,3,3,True,0.40007592046657015,Moderate
194,Saudi Arabia,2018,3,3,True,0.3617732383780664,Moderate
194,Saudi Arabia,2019,3,3,True,0.40347876114067716,Moderate
194,Saudi Arabia,2020,3,3,True,0.40380752228776917,Moderate
194,Saudi Arabia,2021,3,3,True,0.2725473189275206,Moderate
194,Saudi Arabia,2022,3,3,True,0.36705789164073727,Moderate
194,Saudi Arabia,2023,3,3,True,0.3778813770295184,Moderate
195,Senegal,2010,3,2,False,,Insufficient coverage
195,Senegal,2011,3,2,False,,Insufficient coverage
195,Senegal,2012,3,2,False,,Insufficient coverage
195,Senegal,2013,3,2,False,,Insufficient coverage
195,Senegal,2014,3,2,False,,Insufficient coverage
195,Senegal,2015,3,2,False,,Insufficient coverage
195,Senegal,2016,3,2,False,,Insufficient coverage
195,Senegal,2017,3,2,False,,Insufficient coverage
195,Senegal,2018,3,2,False,,Insufficient coverage
195,Senegal,2019,3,2,False,,Insufficient coverage
195,Senegal,2020,3,2,False,,Insufficient coverage
195,Senegal,2021,3,2,False,,Insufficient coverage
195,Senegal,2022,3,2,False,,Insufficient coverage
195,Senegal,2023,3,2,False,,Insufficient coverage
196,Seychelles,2014,3,0,False,,Insufficient coverage
196,Seychelles,2015,3,0,False,,Insufficient coverage
196,Seychelles,2016,3,0,False,,Insufficient coverage
196,Seychelles,2017,3,0,False,,Insufficient coverage
196,Seychelles,2018,3,0,False,,Insufficient coverage
196,Seychelles,2019,3,0,False,,Insufficient coverage
196,Seychelles,2020,3,0,False,,Insufficient coverage
196,Seychelles,2021,3,0,False,,Insufficient coverage
196,Seychelles,2022,3,0,False,,Insufficient coverage
196,Seychelles,2023,3,0,False,,Insufficient coverage
197,Sierra Leone,2018,3,1,False,,Insufficient coverage
198,Slovenia,2010,3,2,False,,Insufficient coverage
198,Slovenia,2011,3,2,False,,Insufficient coverage
198,Slovenia,2012,3,2,False,,Insufficient coverage
198,Slovenia,2013,3,2,False,,Insufficient coverage
198,Slovenia,2014,3,2,False,,Insufficient coverage
198,Slovenia,2015,3,2,False,,Insufficient coverage
198,Slovenia,2016,3,2,False,,Insufficient coverage
198,Slovenia,2017,3,2,False,,Insufficient coverage
198,Slovenia,2018,3,2,False,,Insufficient coverage
198,Slovenia,2019,3,3,True,0.4588856682763647,Moderate
198,Slovenia,2020,3,3,True,0.49803636097451415,Moderate
198,Slovenia,2021,3,3,True,0.6593554963138902,High
198,Slovenia,2022,3,3,True,0.5501689633529584,High
198,Slovenia,2023,3,3,True,0.5188005467932519,High
199,Slovakia,2010,3,2,False,,Insufficient coverage
199,Slovakia,2011,3,2,False,,Insufficient coverage
199,Slovakia,2012,3,2,False,,Insufficient coverage
199,Slovakia,2013,3,2,False,,Insufficient coverage
199,Slovakia,2014,3,2,False,,Insufficient coverage
199,Slovakia,2015,3,1,False,,Insufficient coverage
199,Slovakia,2016,3,2,False,,Insufficient coverage
199,Slovakia,2017,3,2,False,,Insufficient coverage
199,Slovakia,2018,3,2,False,,Insufficient coverage
199,Slovakia,2019,3,3,True,0.319398315656944,Moderate
199,Slovakia,2020,3,3,True,0.3494722405486989,Moderate
199,Slovakia,2021,3,3,True,0.39008073815339933,Moderate
199,Slovakia,2022,3,2,False,,Insufficient coverage
199,Slovakia,2023,3,3,True,0.3221406019297746,Moderate
202,South Africa,2010,3,3,True,0.24710636656281482,Low
202,South Africa,2011,3,3,True,0.2433810755913019,Low
202,South Africa,2012,3,3,True,0.2031592211596052,Low
202,South Africa,2013,3,3,True,0.12336114048867393,Low
202,South Africa,2014,3,3,True,0.29268102334837665,Moderate
202,South Africa,2015,3,3,True,0.24988701821178227,Low
202,South Africa,2016,3,3,True,0.2668375508372496,Moderate
202,South Africa,2017,3,3,True,0.10776007096636699,Low
202,South Africa,2018,3,3,True,0.13069328622316773,Low
202,South Africa,2019,3,3,True,0.20461951721167612,Low
202,South Africa,2020,3,3,True,0.19125422873312542,Low
202,South Africa,2021,3,3,True,0.12490149393075757,Low
202,South Africa,2022,3,3,True,0.09803753777486948,Low
202,South Africa,2023,3,3,True,0.18815508273781725,Low
203,Spain,2010,3,3,True,0.036746471204703514,Low
203,Spain,2011,3,3,True,0.03341433565042865,Low
203,Spain,2012,3,3,True,0.04374752835646008,Low
203,Spain,2013,3,3,True,0.1280927251889748,Low
203,Spain,2014,3,3,True,0.06578859913304226,Low
203,Spain,2015,3,3,True,0.03130250049007357,Low
203,Spain,2016,3,3,True,0.0246478714000664,Low
203,Spain,2017,3,3,True,0.05142069234804629,Low
203,Spain,2018,3,3,True,0.023767328890585835,Low
203,Spain,2019,3,3,True,0.062420141607485984,Low
203,Spain,2020,3,3,True,0.027157480024707567,Low
203,Spain,2021,3,3,True,0.02666729862259498,Low
203,Spain,2022,3,3,True,0.02957674950060038,Low
203,Spain,2023,3,3,True,0.07130071647653066,Low
207,Suriname,2010,3,2,False,,Insufficient coverage
207,Suriname,2011,3,2,False,,Insufficient coverage
207,Suriname,2017,3,1,False,,Insufficient coverage
207,Suriname,2018,2,1,False,,Insufficient coverage
207,Suriname,2019,3,1,False,,Insufficient coverage
207,Suriname,2020,3,1,False,,Insufficient coverage
207,Suriname,2021,3,2,False,,Insufficient coverage
207,Suriname,2022,3,1,False,,Insufficient coverage
207,Suriname,2023,3,1,False,,Insufficient coverage
208,Tajikistan,2016,3,3,True,0.6552203040604957,High
208,Tajikistan,2017,3,3,True,0.6537203115762722,High
208,Tajikistan,2018,3,2,False,,Insufficient coverage
208,Tajikistan,2019,3,3,True,0.6596664624495154,High
208,Tajikistan,2020,3,3,True,0.64391868337223,High
208,Tajikistan,2021,3,1,False,,Insufficient coverage
208,Tajikistan,2022,3,2,False,,Insufficient coverage
208,Tajikistan,2023,3,3,True,0.6720491732197826,High
209,Eswatini,2015,3,3,True,0.7374408041507526,High
209,Eswatini,2016,3,3,True,0.7890205226233928,Very High
209,Eswatini,2017,3,3,True,0.6609432066121459,High
209,Eswatini,2018,3,3,True,0.6553212931063858,High
209,Eswatini,2019,3,3,True,0.6284225969401164,High
209,Eswatini,2020,3,3,True,0.6700714505967106,High
209,Eswatini,2021,3,3,True,0.6358215783762012,High
209,Eswatini,2022,3,3,True,0.623987566128403,High
209,Eswatini,2023,3,3,True,0.6472047929805861,High
210,Sweden,2010,3,1,False,,Insufficient coverage
210,Sweden,2011,3,1,False,,Insufficient coverage
210,Sweden,2012,3,1,False,,Insufficient coverage
210,Sweden,2013,3,1,False,,Insufficient coverage
210,Sweden,2014,3,1,False,,Insufficient coverage
210,Sweden,2015,3,1,False,,Insufficient coverage
210,Sweden,2016,3,1,False,,Insufficient coverage
210,Sweden,2017,3,1,False,,Insufficient coverage
210,Sweden,2018,3,2,False,,Insufficient coverage
210,Sweden,2019,3,3,True,0.06439920640348351,Low
210,Sweden,2020,3,3,True,0.13514284083105368,Low
210,Sweden,2021,3,3,True,0.12178567083575784,Low
210,Sweden,2022,3,3,True,0.07060933354960372,Low
210,Sweden,2023,3,3,True,0.15677302084704345,Low
211,Switzerland,2010,3,2,False,,Insufficient coverage
211,Switzerland,2011,3,2,False,,Insufficient coverage
211,Switzerland,2012,3,2,False,,Insufficient coverage
211,Switzerland,2013,3,2,False,,Insufficient coverage
211,Switzerland,2014,3,2,False,,Insufficient coverage
211,Switzerland,2015,3,2,False,,Insufficient coverage
211,Switzerland,2016,3,2,False,,Insufficient coverage
211,Switzerland,2017,3,2,False,,Insufficient coverage
211,Switzerland,2018,3,2,False,,Insufficient coverage
211,Switzerland,2019,3,2,False,,Insufficient coverage
211,Switzerland,2020,3,2,False,,Insufficient coverage
211,Switzerland,2021,3,2,False,,Insufficient coverage
211,Switzerland,2022,3,2,False,,Insufficient coverage
211,Switzerland,2023,3,2,False,,Insufficient coverage
212,Syrian Arab Republic,2010,3,3,True,0.2857286519708171,Moderate
214,"China, Taiwan Province of",2010,3,3,True,0.4227059611972449,Moderate
214,"China, Taiwan Province of",2011,3,3,True,0.3858630993297867,Moderate
214,"China, Taiwan Province of",2012,3,3,True,0.3789244407468507,Moderate
214,"China, Taiwan Province of",2013,3,3,True,0.3960545705619962,Moderate
214,"China, Taiwan Province of",2014,3,3,True,0.37110842392762644,Moderate
214,"China, Taiwan Province of",2015,3,3,True,0.39094822530825063,Moderate
214,"China, Taiwan Province of",2016,3,3,True,0.4046893944788762,Moderate
214,"China, Taiwan Province of",2017,3,3,True,0.3963336333304809,Moderate
214,"China, Taiwan Province of",2018,3,3,True,0.3995244421920297,Moderate
214,"China, Taiwan Province of",2019,3,3,True,0.45302814211721676,Moderate
214,"China, Taiwan Province of",2020,3,3,True,0.4632253808888846,Moderate
214,"China, Taiwan Province of",2021,3,3,True,0.428513643718587,Moderate
214,"China, Taiwan Province of",2022,3,3,True,0.41119361212396,Moderate
214,"China, Taiwan Province of",2023,3,3,True,0.42117672770017694,Moderate
215,United Republic of Tanzania,2010,3,3,True,0.0801147286967145,Low
215,United Republic of Tanzania,2011,3,3,True,0.10928513746172175,Low
215,United Republic of Tanzania,2012,3,3,True,0.10497886217178114,Low
215,United Republic of Tanzania,2013,3,3,True,0.17126505792285562,Low
215,United Republic of Tanzania,2014,3,3,True,0.08550460829777073,Low
215,United Republic of Tanzania,2015,3,3,True,0.10452190687163487,Low
215,United Republic of Tanzania,2016,3,3,True,0.09206618848869659,Low
215,United Republic of Tanzania,2017,3,3,True,0.124347877241261,Low
215,United Republic of Tanzania,2018,3,2,False,,Insufficient coverage
215,United Republic of Tanzania,2019,3,3,True,0.14781529669867985,Low
215,United Republic of Tanzania,2020,3,3,True,0.12445979319545941,Low
215,United Republic of Tanzania,2021,3,3,True,0.08574361739574243,Low
215,United Republic of Tanzania,2022,3,3,True,0.11587785074357215,Low
215,United Republic of Tanzania,2023,3,3,True,0.16890829259211684,Low
216,Thailand,2010,3,3,True,0.053290291865319486,Low
216,Thailand,2011,3,3,True,0.07203134177093351,Low
216,Thailand,2012,3,3,True,0.11179580659503799,Low
216,Thailand,2013,3,3,True,0.06419510476885001,Low
216,Thailand,2014,3,3,True,0.0564487525514729,Low
216,Thailand,2015,3,3,True,0.09105500007508757,Low
216,Thailand,2016,3,3,True,0.09261846872696147,Low
216,Thailand,2017,3,3,True,0.08829377755448288,Low
216,Thailand,2018,3,3,True,0.07037677317706885,Low
216,Thailand,2019,3,3,True,0.08794739611481722,Low
216,Thailand,2020,3,3,True,0.06616796388560726,Low
216,Thailand,2021,3,3,True,0.09312180742110429,Low
216,Thailand,2022,3,3,True,0.08898143333412796,Low
216,Thailand,2023,3,3,True,0.10967312396985968,Low
219,Tonga,2022,3,1,False,,Insufficient coverage
219,Tonga,2023,3,0,False,,Insufficient coverage
220,Trinidad and Tobago,2010,3,2,False,,Insufficient coverage
220,Trinidad and Tobago,2015,3,2,False,,Insufficient coverage
220,Trinidad and Tobago,2016,3,2,False,,Insufficient coverage
220,Trinidad and Tobago,2017,3,2,False,,Insufficient coverage
220,Trinidad and Tobago,2018,3,2,False,,Insufficient coverage
220,Trinidad and Tobago,2019,3,2,False,,Insufficient coverage
220,Trinidad and Tobago,2020,3,2,False,,Insufficient coverage
220,Trinidad and Tobago,2021,3,2,False,,Insufficient coverage
220,Trinidad and Tobago,2022,3,2,False,,Insufficient coverage
220,Trinidad and Tobago,2023,3,2,False,,Insufficient coverage
221,Oman,2010,3,2,False,,Insufficient coverage
221,Oman,2011,3,2,False,,Insufficient coverage
221,Oman,2012,3,2,False,,Insufficient coverage
221,Oman,2013,3,2,False,,Insufficient coverage
221,Oman,2014,3,1,False,,Insufficient coverage
221,Oman,2015,3,2,False,,Insufficient coverage
221,Oman,2016,3,2,False,,Insufficient coverage
221,Oman,2017,3,2,False,,Insufficient coverage
221,Oman,2018,3,2,False,,Insufficient coverage
221,Oman,2019,3,2,False,,Insufficient coverage
221,Oman,2020,3,2,False,,Insufficient coverage
221,Oman,2021,3,2,False,,Insufficient coverage
221,Oman,2022,3,2,False,,Insufficient coverage
221,Oman,2023,3,2,False,,Insufficient coverage
222,Tunisia,2010,3,1,False,,Insufficient coverage
222,Tunisia,2011,3,1,False,,Insufficient coverage
222,Tunisia,2012,3,1,False,,Insufficient coverage
222,Tunisia,2013,3,1,False,,Insufficient coverage
222,Tunisia,2014,3,1,False,,Insufficient coverage
222,Tunisia,2015,3,1,False,,Insufficient coverage
222,Tunisia,2016,3,1,False,,Insufficient coverage
222,Tunisia,2017,3,1,False,,Insufficient coverage
222,Tunisia,2018,3,1,False,,Insufficient coverage
222,Tunisia,2019,3,1,False,,Insufficient coverage
222,Tunisia,2020,3,1,False,,Insufficient coverage
222,Tunisia,2021,3,1,False,,Insufficient coverage
222,Tunisia,2022,3,1,False,,Insufficient coverage
222,Tunisia,2023,3,1,False,,Insufficient coverage
223,Türkiye,2010,3,3,True,0.23889115221543056,Low
223,Türkiye,2011,3,3,True,0.14480312871656523,Low
223,Türkiye,2012,3,3,True,0.3310242299878795,Moderate
223,Türkiye,2013,3,3,True,0.2801582830467718,Moderate
223,Türkiye,2014,3,3,True,0.38164639672923567,Moderate
223,Türkiye,2015,3,3,True,0.3165461689976905,Moderate
223,Türkiye,2016,3,3,True,0.332279026409828,Moderate
223,Türkiye,2017,3,3,True,0.30074939871192063,Moderate
223,Türkiye,2018,3,3,True,0.4774286073619382,Moderate
223,Türkiye,2019,3,3,True,0.36913876514939536,Moderate
223,Türkiye,2020,3,3,True,0.2905170358132354,Moderate
223,Türkiye,2021,3,3,True,0.14697007921115704,Low
223,Türkiye,2022,3,3,True,0.14955168021610252,Low
223,Türkiye,2023,3,3,True,0.21752931827462424,Low
225,United Arab Emirates,2014,3,2,False,,Insufficient coverage
225,United Arab Emirates,2015,3,2,False,,Insufficient coverage
225,United Arab Emirates,2016,3,2,False,,Insufficient coverage
225,United Arab Emirates,2017,3,2,False,,Insufficient coverage
225,United Arab Emirates,2018,3,2,False,,Insufficient coverage
225,United Arab Emirates,2019,3,2,False,,Insufficient coverage
225,United Arab Emirates,2020,3,2,False,,Insufficient coverage
225,United Arab Emirates,2021,3,2,False,,Insufficient coverage
225,United Arab Emirates,2022,3,2,False,,Insufficient coverage
225,United Arab Emirates,2023,3,2,False,,Insufficient coverage
226,Uganda,2010,3,3,True,0.11738863676025502,Low
226,Uganda,2011,3,3,True,0.11064743752813273,Low
226,Uganda,2012,3,3,True,0.14487173305241718,Low
226,Uganda,2013,3,3,True,0.12046130478115741,Low
226,Uganda,2014,3,3,True,0.12595580954378302,Low
226,Uganda,2015,3,3,True,0.13262731619505364,Low
226,Uganda,2016,3,3,True,0.09670523059003283,Low
226,Uganda,2017,3,3,True,0.13251294316028803,Low
226,Uganda,2018,3,3,True,0.1674916365610436,Low
226,Uganda,2019,3,3,True,0.16586368065238388,Low
226,Uganda,2020,3,3,True,0.18263770980138558,Low
226,Uganda,2021,3,3,True,0.31251839892731276,Moderate
226,Uganda,2022,3,3,True,0.24716223415349522,Low
226,Uganda,2023,3,3,True,0.2154156732514666,Low
229,United Kingdom of Great Britain and Northern Ireland,2010,3,2,False,,Insufficient coverage
229,United Kingdom of Great Britain and Northern Ireland,2011,3,2,False,,Insufficient coverage
229,United Kingdom of Great Britain and Northern Ireland,2012,3,2,False,,Insufficient coverage
229,United Kingdom of Great Britain and Northern Ireland,2013,3,2,False,,Insufficient coverage
229,United Kingdom of Great Britain and Northern Ireland,2014,3,1,False,,Insufficient coverage
229,United Kingdom of Great Britain and Northern Ireland,2015,3,1,False,,Insufficient coverage
229,United Kingdom of Great Britain and Northern Ireland,2016,3,1,False,,Insufficient coverage
229,United Kingdom of Great Britain and Northern Ireland,2017,3,1,False,,Insufficient coverage
229,United Kingdom of Great Britain and Northern Ireland,2018,3,1,False,,Insufficient coverage
229,United Kingdom of Great Britain and Northern Ireland,2019,3,1,False,,Insufficient coverage
229,United Kingdom of Great Britain and Northern Ireland,2020,3,1,False,,Insufficient coverage
229,United Kingdom of Great Britain and Northern Ireland,2021,3,1,False,,Insufficient coverage
229,United Kingdom of Great Britain and Northern Ireland,2022,3,1,False,,Insufficient coverage
229,United Kingdom of Great Britain and Northern Ireland,2023,3,1,False,,Insufficient coverage
230,Ukraine,2010,3,3,True,0.02620277636338422,Low
230,Ukraine,2011,3,3,True,0.032647272484701784,Low
230,Ukraine,2012,3,3,True,0.04176954981870166,Low
230,Ukraine,2013,3,3,True,0.03376369503572889,Low
230,Ukraine,2014,3,3,True,0.030758794140939086,Low
230,Ukraine,2015,3,3,True,0.017231556891135747,Low
230,Ukraine,2016,3,3,True,0.01504634236210423,Low
230,Ukraine,2017,3,3,True,0.02648975531524612,Low
230,Ukraine,2018,3,3,True,0.03356029298507508,Low
230,Ukraine,2019,3,3,True,0.018767722417606724,Low
230,Ukraine,2020,3,3,True,0.06087376181513552,Low
230,Ukraine,2021,3,3,True,0.04265292233503724,Low
230,Ukraine,2022,3,2,False,,Insufficient coverage
230,Ukraine,2023,3,3,True,0.133328744383519,Low
231,United States of America,2010,3,3,True,0.14857410145149533,Low
231,United States of America,2011,3,3,True,0.27950473395519626,Moderate
231,United States of America,2012,3,3,True,0.08735900844682054,Low
231,United States of America,2013,3,3,True,0.11822279051879461,Low
231,United States of America,2014,3,3,True,0.09415975223403461,Low
231,United States of America,2015,3,3,True,0.1560422278655272,Low
231,United States of America,2016,3,3,True,0.15017255149338476,Low
231,United States of America,2017,3,3,True,0.25200533182260854,Moderate
231,United States of America,2018,3,3,True,0.19754059614514274,Low
231,United States of America,2019,3,3,True,0.10617567780513858,Low
231,United States of America,2020,3,3,True,0.11274521042084432,Low
231,United States of America,2021,3,3,True,0.12975957579625264,Low
231,United States of America,2022,3,3,True,0.12135883265958547,Low
231,United States of America,2023,3,3,True,0.09106713270867421,Low
233,Burkina Faso,2010,3,3,True,0.12515046636171634,Low
233,Burkina Faso,2011,3,3,True,0.16983610008641106,Low
233,Burkina Faso,2012,3,3,True,0.18396412345033375,Low
233,Burkina Faso,2013,3,3,True,0.1580557157320892,Low
233,Burkina Faso,2014,3,2,False,,Insufficient coverage
233,Burkina Faso,2015,3,2,False,,Insufficient coverage
233,Burkina Faso,2016,3,2,False,,Insufficient coverage
233,Burkina Faso,2017,3,2,False,,Insufficient coverage
233,Burkina Faso,2018,3,2,False,,Insufficient coverage
233,Burkina Faso,2019,3,2,False,,Insufficient coverage
233,Burkina Faso,2020,3,2,False,,Insufficient coverage
233,Burkina Faso,2021,3,2,False,,Insufficient coverage
233,Burkina Faso,2022,3,2,False,,Insufficient coverage
233,Burkina Faso,2023,3,2,False,,Insufficient coverage
234,Uruguay,2010,3,2,False,,Insufficient coverage
234,Uruguay,2011,3,3,True,0.587835936481079,High
234,Uruguay,2012,3,2,False,,Insufficient coverage
234,Uruguay,2013,3,1,False,,Insufficient coverage
234,Uruguay,2014,3,3,True,0.6145929549777805,High
234,Uruguay,2015,3,3,True,0.5623931414860159,High
234,Uruguay,2016,3,2,False,,Insufficient coverage
234,Uruguay,2017,3,2,False,,Insufficient coverage
234,Uruguay,2018,3,3,True,0.5443810181292527,High
234,Uruguay,2019,3,2,False,,Insufficient coverage
234,Uruguay,2020,3,2,False,,Insufficient coverage
234,Uruguay,2021,3,3,True,0.5069409802631215,High
234,Uruguay,2022,3,2,False,,Insufficient coverage
234,Uruguay,2023,3,2,False,,Insufficient coverage
235,Uzbekistan,2017,3,2,False,,Insufficient coverage
235,Uzbekistan,2018,3,3,True,0.6226120870792481,High
235,Uzbekistan,2019,3,2,False,,Insufficient coverage
235,Uzbekistan,2020,3,3,True,0.5601427468436857,High
235,Uzbekistan,2021,3,3,True,0.5804200808860855,High
235,Uzbekistan,2022,3,3,True,0.5640157360792037,High
235,Uzbekistan,2023,3,3,True,0.5798568547797023,High
236,Venezuela (Bolivarian Republic of),2010,3,3,True,0.4558106976898313,Moderate
236,Venezuela (Bolivarian Republic of),2011,3,3,True,0.44096223151758646,Moderate
236,Venezuela (Bolivarian Republic of),2012,3,3,True,0.46534892080063883,Moderate
236,Venezuela (Bolivarian Republic of),2013,3,3,True,0.46204405530566517,Moderate
236,Venezuela (Bolivarian Republic of),2014,3,2,False,,Insufficient coverage
236,Venezuela (Bolivarian Republic of),2015,3,3,True,0.41529674094518465,Moderate
236,Venezuela (Bolivarian Republic of),2016,3,1,False,,Insufficient coverage
236,Venezuela (Bolivarian Republic of),2017,3,2,False,,Insufficient coverage
236,Venezuela (Bolivarian Republic of),2018,3,1,False,,Insufficient coverage
236,Venezuela (Bolivarian Republic of),2019,3,2,False,,Insufficient coverage
236,Venezuela (Bolivarian Republic of),2020,3,2,False,,Insufficient coverage
236,Venezuela (Bolivarian Republic of),2022,3,3,True,0.331563069030079,Moderate
236,Venezuela (Bolivarian Republic of),2023,3,3,True,0.44034214823262147,Moderate
237,Viet Nam,2012,3,3,True,0.11276779771208614,Low
237,Viet Nam,2013,3,3,True,0.09427872329446549,Low
237,Viet Nam,2014,3,3,True,0.09625875902548639,Low
237,Viet Nam,2015,3,3,True,0.10010396954473029,Low
237,Viet Nam,2016,3,3,True,0.09549107769698889,Low
237,Viet Nam,2017,3,3,True,0.10089506919633345,Low
237,Viet Nam,2018,3,3,True,0.09991709009130514,Low
237,Viet Nam,2019,3,3,True,0.10847054881136531,Low
237,Viet Nam,2020,3,3,True,0.09512064412713896,Low
237,Viet Nam,2021,3,3,True,0.2370841671709666,Low
237,Viet Nam,2022,3,3,True,0.21214589316844681,Low
237,Viet Nam,2023,3,3,True,0.19961937349686298,Low
238,Ethiopia,2010,3,3,True,0.16375589509331714,Low
238,Ethiopia,2011,3,3,True,0.17722532989009598,Low
238,Ethiopia,2012,3,3,True,0.06565289580447689,Low
238,Ethiopia,2013,3,3,True,0.14480775595591083,Low
238,Ethiopia,2014,3,3,True,0.1231384013174848,Low
238,Ethiopia,2015,3,3,True,0.1111210439512241,Low
238,Ethiopia,2016,3,3,True,0.09437036025758594,Low
238,Ethiopia,2017,3,3,True,0.127102226959965,Low
238,Ethiopia,2018,3,3,True,0.14043430307886606,Low
238,Ethiopia,2019,3,3,True,0.1661697190105874,Low
238,Ethiopia,2020,3,3,True,0.1675553356963278,Low
238,Ethiopia,2021,3,3,True,0.15139699771321574,Low
238,Ethiopia,2022,3,3,True,0.15405254676251826,Low
238,Ethiopia,2023,3,3,True,0.13907318696525817,Low
244,Samoa,2012,3,0,False,,Insufficient coverage
244,Samoa,2013,3,0,False,,Insufficient coverage
244,Samoa,2014,3,0,False,,Insufficient coverage
244,Samoa,2015,3,0,False,,Insufficient coverage
244,Samoa,2017,3,0,False,,Insufficient coverage
244,Samoa,2018,3,0,False,,Insufficient coverage
244,Samoa,2019,3,0,False,,Insufficient coverage
244,Samoa,2021,3,0,False,,Insufficient coverage
244,Samoa,2022,3,0,False,,Insufficient coverage
244,Samoa,2023,3,0,False,,Insufficient coverage
249,Yemen,2011,3,2,False,,Insufficient coverage
249,Yemen,2012,3,2,False,,Insufficient coverage
249,Yemen,2013,3,2,False,,Insufficient coverage
249,Yemen,2014,3,2,False,,Insufficient coverage
249,Yemen,2015,3,2,False,,Insufficient coverage
249,Yemen,2018,3,2,False,,Insufficient coverage
249,Yemen,2019,3,2,False,,Insufficient coverage
250,Democratic Republic of the Congo,2016,3,3,True,0.20771186796670352,Low
250,Democratic Republic of the Congo,2017,3,3,True,0.257758906048583,Moderate
250,Democratic Republic of the Congo,2018,3,3,True,0.2817150287725042,Moderate
250,Democratic Republic of the Congo,2019,3,3,True,0.2971684005844943,Moderate
250,Democratic Republic of the Congo,2020,3,3,True,0.2690504201113272,Moderate
250,Democratic Republic of the Congo,2021,3,3,True,0.294511125155789,Moderate
250,Democratic Republic of the Congo,2022,3,3,True,0.26929503289624906,Moderate
250,Democratic Republic of the Congo,2023,3,3,True,0.3059217627337528,Moderate
251,Zambia,2010,3,3,True,0.068273045065898,Low
251,Zambia,2011,3,3,True,0.10337626138319289,Low
251,Zambia,2012,3,3,True,0.12541566972121154,Low
251,Zambia,2013,3,3,True,0.05048693663784506,Low
251,Zambia,2014,3,3,True,0.06324007149955717,Low
251,Zambia,2015,3,3,True,0.08796370130954498,Low
251,Zambia,2016,3,3,True,0.07546684387253834,Low
251,Zambia,2017,3,3,True,0.06054724575956438,Low
251,Zambia,2018,3,3,True,0.06951289079541695,Low
251,Zambia,2019,3,3,True,0.07916600285291128,Low
251,Zambia,2020,3,3,True,0.09203287190721142,Low
251,Zambia,2021,3,3,True,0.0626935711426593,Low
251,Zambia,2022,3,3,True,0.09402757003175016,Low
251,Zambia,2023,3,3,True,0.09953159780538812,Low
255,Belgium,2010,3,2,False,,Insufficient coverage
255,Belgium,2011,3,2,False,,Insufficient coverage
255,Belgium,2012,3,2,False,,Insufficient coverage
255,Belgium,2013,3,2,False,,Insufficient coverage
255,Belgium,2014,3,2,False,,Insufficient coverage
255,Belgium,2015,3,2,False,,Insufficient coverage
255,Belgium,2016,3,2,False,,Insufficient coverage
255,Belgium,2017,3,2,False,,Insufficient coverage
255,Belgium,2018,3,2,False,,Insufficient coverage
255,Belgium,2019,3,3,True,0.48658395358525214,Moderate
255,Belgium,2020,3,3,True,0.31262478312862385,Moderate
255,Belgium,2021,3,3,True,0.13722321050364947,Low
255,Belgium,2022,3,3,True,0.15489574467285608,Low
255,Belgium,2023,3,3,True,0.13700156072713296,Low
256,Luxembourg,2010,3,2,False,,Insufficient coverage
256,Luxembourg,2011,3,2,False,,Insufficient coverage
256,Luxembourg,2012,3,2,False,,Insufficient coverage
256,Luxembourg,2013,3,2,False,,Insufficient coverage
256,Luxembourg,2014,3,2,False,,Insufficient coverage
256,Luxembourg,2015,3,2,False,,Insufficient coverage
256,Luxembourg,2016,3,2,False,,Insufficient coverage
256,Luxembourg,2017,3,2,False,,Insufficient coverage
256,Luxembourg,2018,3,2,False,,Insufficient coverage
256,Luxembourg,2019,3,3,True,0.655314437140206,High
256,Luxembourg,2020,3,3,True,0.6152948760894521,High
256,Luxembourg,2021,3,3,True,0.6155384534423761,High
256,Luxembourg,2022,3,3,True,0.6182707076061943,High
256,Luxembourg,2023,3,3,True,0.5151274032041798,High
272,Serbia,2010,3,2,False,,Insufficient coverage
272,Serbia,2011,3,2,False,,Insufficient coverage
272,Serbia,2012,3,1,False,,Insufficient coverage
272,Serbia,2013,3,2,False,,Insufficient coverage
272,Serbia,2014,3,2,False,,Insufficient coverage
272,Serbia,2015,3,2,False,,Insufficient coverage
272,Serbia,2016,3,2,False,,Insufficient coverage
272,Serbia,2017,3,2,False,,Insufficient coverage
272,Serbia,2018,3,2,False,,Insufficient coverage
272,Serbia,2019,3,2,False,,Insufficient coverage
272,Serbia,2020,3,2,False,,Insufficient coverage
272,Serbia,2021,3,2,False,,Insufficient coverage
272,Serbia,2022,3,2,False,,Insufficient coverage
272,Serbia,2023,3,2,False,,Insufficient coverage
273,Montenegro,2010,3,2,False,,Insufficient coverage
273,Montenegro,2011,3,2,False,,Insufficient coverage
273,Montenegro,2012,3,2,False,,Insufficient coverage
273,Montenegro,2013,3,2,False,,Insufficient coverage
273,Montenegro,2014,3,2,False,,Insufficient coverage
273,Montenegro,2015,3,2,False,,Insufficient coverage
273,Montenegro,2016,3,1,False,,Insufficient coverage
273,Montenegro,2017,3,2,False,,Insufficient coverage
273,Montenegro,2018,3,2,False,,Insufficient coverage
273,Montenegro,2019,3,2,False,,Insufficient coverage
273,Montenegro,2020,3,2,False,,Insufficient coverage
273,Montenegro,2021,3,2,False,,Insufficient coverage
273,Montenegro,2022,3,2,False,,Insufficient coverage
273,Montenegro,2023,3,2,False,,Insufficient coverage
