Country Code,Country,Year,Item,kcal_per_capita_day,protein_g_per_capita_day,fat_g_per_capita_day,Commodity,dominant_partner_code,dominant_partner,dominant_partner_import_quantity_t,total_import_quantity_t,dominant_partner_import_share
1,Armenia,2010,Maize and products,46.44,1.11,0.45,Maize,185,Russian Federation,21373.0,48033.0,0.4449649199508671
1,Armenia,2010,Rice and products,40.33,0.88,0.23,Rice,216,Thailand,5704.0,14643.55,0.3895230323248119
1,Armenia,2010,Wheat and products,952.18,29.87,4.84,Wheat,185,Russian Federation,311878.0,338929.0,0.9201868237890533
1,Armenia,2011,Maize and products,40.81,0.98,0.4,Maize,230,Ukraine,31841.0,51508.0,0.6181758173487614
1,Armenia,2011,Rice and products,31.37,0.68,0.16,Rice,216,Thailand,7233.1,13231.85,0.5466431375809128
1,Armenia,2011,Wheat and products,991.24,31.09,5.03,Wheat,185,Russian Federation,201806.0,368435.0,0.547738407046019
1,Armenia,2012,Maize and products,21.98,0.53,0.21,Maize,185,Russian Federation,28312.0,37766.0,0.7496690144574485
1,Armenia,2012,Rice and products,16.24,0.34,0.06,Rice,216,Thailand,5123.4,12653.25,0.4049078300041491
1,Armenia,2012,Wheat and products,948.85,29.74,4.77,Wheat,185,Russian Federation,439360.0,481737.0,0.9120329142249816
1,Armenia,2013,Maize and products,21.15,0.51,0.2,Maize,185,Russian Federation,51178.0,80641.0,0.6346399474212869
1,Armenia,2013,Rice and products,21.2,0.44,0.07,Rice,216,Thailand,6943.2,14771.1,0.470053008916059
1,Armenia,2013,Wheat and products,978.02,30.67,4.89,Wheat,185,Russian Federation,324119.0,346476.0,0.9354731640864014
1,Armenia,2014,Maize and products,39.16,0.94,0.38,Maize,185,Russian Federation,21796.93,50460.48,0.4319604173404612
1,Armenia,2014,Rice and products,34.7,0.72,0.11,Rice,216,Thailand,9732.81,19081.75,0.5100585638109711
1,Armenia,2014,Wheat and products,902.28,28.27,4.57,Wheat,185,Russian Federation,332297.03,335404.9,0.9907339755620744
1,Armenia,2015,Maize and products,40.62,0.97,0.39,Maize,185,Russian Federation,37396.23,47385.44,0.7891924185994685
1,Armenia,2015,Rice and products,32.25,0.66,0.09,Rice,216,Thailand,9136.6,19157.480000000003,0.4769207641088493
1,Armenia,2015,Wheat and products,975.05,30.53,5.0,Wheat,185,Russian Federation,308646.55,309221.95,0.9981392006615312
1,Armenia,2016,Maize and products,49.36,1.18,0.48,Maize,185,Russian Federation,34362.03,35077.28999999999,0.9796090290897616
1,Armenia,2016,Rice and products,31.52,0.64,0.08,Rice,216,Thailand,10276.81,18476.85,0.5561992439187415
1,Armenia,2016,Wheat and products,992.06,31.04,5.11,Wheat,185,Russian Federation,294567.07,299477.39,0.9836037037720944
1,Armenia,2017,Maize and products,17.94,0.43,0.17,Maize,185,Russian Federation,46517.31,46625.16,0.997686871208592
1,Armenia,2017,Rice and products,31.29,0.64,0.09,Rice,216,Thailand,10300.47,17998.1,0.5723087437007239
1,Armenia,2017,Wheat and products,907.48,28.33,4.81,Wheat,185,Russian Federation,316862.53,320775.15,0.9878026087744016
1,Armenia,2018,Maize and products,44.23,1.06,0.43,Maize,185,Russian Federation,66610.59,67459.16,0.9874209818207044
1,Armenia,2018,Rice and products,35.75,0.74,0.11,Rice,216,Thailand,11573.38,18785.35,0.6160854069793749
1,Armenia,2018,Wheat and products,965.57,30.06,5.2,Wheat,185,Russian Federation,342420.11,356126.74999999994,0.961511905522402
1,Armenia,2019,Maize and products,35.12,0.84,0.34,Maize,185,Russian Federation,64725.92,64986.37,0.9959922365259054
1,Armenia,2019,Rice and products,37.42,0.76,0.1,Rice,216,Thailand,10613.08,21807.53,0.4866704298927939
1,Armenia,2019,Wheat and products,938.33,29.19,5.1,Wheat,185,Russian Federation,249420.92,269680.92000000004,0.9248741809394596
1,Armenia,2020,Maize and products,42.67,1.02,0.41,Maize,185,Russian Federation,71454.48,71466.95,0.9998255137514612
1,Armenia,2020,Rice and products,36.65,0.75,0.1,Rice,216,Thailand,10650.14,21824.7,0.4879856309594175
1,Armenia,2020,Wheat and products,984.67,30.62,5.41,Wheat,185,Russian Federation,369121.24,369286.64,0.9995521094399732
1,Armenia,2021,Maize and products,68.19,1.64,0.67,Maize,185,Russian Federation,66110.38,66354.16,0.9963260781238132
1,Armenia,2021,Rice and products,29.69,0.6,0.08,Rice,216,Thailand,8244.58,17451.83,0.4724192248033587
1,Armenia,2021,Wheat and products,924.12,28.75,5.15,Wheat,185,Russian Federation,290996.28,292699.81,0.9941799415585546
1,Armenia,2022,Maize and products,45.35,1.1,0.45,Maize,185,Russian Federation,95922.12,96384.48,0.9952029621366428
1,Armenia,2022,Rice and products,38.55,0.78,0.1,Rice,216,Thailand,10176.24,21598.68,0.4711510147842368
1,Armenia,2022,Wheat and products,910.01,28.27,5.15,Wheat,185,Russian Federation,391078.8,394274.92,0.9918936766254368
1,Armenia,2023,Maize and products,40.74,0.97,0.39,Maize,185,Russian Federation,67063.6,67172.76,0.9983749365070008
1,Armenia,2023,Rice and products,31.92,0.65,0.08,Rice,216,Thailand,8927.82,18916.37,0.4719626439956503
1,Armenia,2023,Wheat and products,973.31,30.23,5.51,Wheat,185,Russian Federation,377540.35,378066.1,0.9986093701604032
2,Afghanistan,2010,Rice and products,156.37,3.18,0.4,Rice,165,Pakistan,74952.0,80808.0,0.9275319275319276
2,Afghanistan,2010,Wheat and products,1464.44,44.09,6.89,Wheat,108,Kazakhstan,646456.0,802660.0,0.805392071362719
2,Afghanistan,2011,Rice and products,163.66,3.33,0.42,Rice,165,Pakistan,126074.0,146878.0,0.8583586377810155
2,Afghanistan,2011,Wheat and products,1402.32,42.28,6.39,Wheat,108,Kazakhstan,466090.0,684042.0,0.6813762897599855
2,Afghanistan,2017,Maize and products,8.85,0.18,0.08,Maize,235,Uzbekistan,45620.5,46601.77,0.9789435036480376
2,Afghanistan,2017,Rice and products,174.01,3.54,0.47,Rice,165,Pakistan,533211.62,553486.74,0.9633683726551424
2,Afghanistan,2017,Wheat and products,1403.33,42.23,6.61,Wheat,108,Kazakhstan,1990656.0,2935325.1500000004,0.678172229062937
2,Afghanistan,2019,Rice and products,132.9,2.7,0.34,Rice,165,Pakistan,391673.48,400347.34,0.9783341635290996
2,Afghanistan,2019,Wheat and products,1343.85,40.56,6.03,Wheat,108,Kazakhstan,1262493.0,2317877.88,0.5446762363511576
3,Albania,2010,Maize and products,15.34,0.33,0.13,Maize,98,Croatia,16534.0,19038.0,0.8684735791574745
3,Albania,2010,Rice and products,74.02,1.53,0.25,Rice,59,Egypt,8857.4,33408.05,0.2651277162240837
3,Albania,2010,Wheat and products,1033.31,32.0,6.4,Wheat,185,Russian Federation,174162.0,275062.0,0.6331736117675287
3,Albania,2011,Maize and products,18.06,0.38,0.15,Maize,272,Serbia,27204.0,47526.0,0.5724024744350461
3,Albania,2011,Rice and products,61.29,1.28,0.22,Rice,106,Italy,7199.0,30884.1,0.2330972895438106
3,Albania,2011,Wheat and products,1056.0,32.43,6.7,Wheat,185,Russian Federation,149818.0,339230.0,0.4416413642661321
3,Albania,2012,Maize and products,16.75,0.35,0.14,Maize,98,Croatia,8260.0,13887.0,0.5948008929214373
3,Albania,2012,Rice and products,64.54,1.33,0.21,Rice,183,Romania,8900.2,39760.7,0.2238441476130953
3,Albania,2012,Wheat and products,1048.44,32.57,6.27,Wheat,185,Russian Federation,208549.0,287899.0,0.7243825091438317
3,Albania,2013,Maize and products,16.72,0.35,0.14,Maize,272,Serbia,50766.0,64686.0,0.7848066042111121
3,Albania,2013,Rice and products,72.45,1.5,0.25,Rice,59,Egypt,9180.0,37775.65,0.243013687388569
3,Albania,2013,Wheat and products,1042.14,32.31,6.32,Wheat,185,Russian Federation,165452.0,302370.0,0.547183913748057
3,Albania,2014,Maize and products,17.03,0.36,0.14,Maize,272,Serbia,50566.03,51494.93,0.981961330950445
3,Albania,2014,Rice and products,67.48,1.38,0.19,Rice,106,Italy,8957.81,26912.82,0.332845461753915
3,Albania,2014,Wheat and products,1042.98,32.35,6.29,Wheat,185,Russian Federation,98128.97,180499.44,0.5436524900021851
3,Albania,2015,Maize and products,19.47,0.41,0.16,Maize,272,Serbia,55007.76,64586.02,0.8516976274432144
3,Albania,2015,Rice and products,66.37,1.35,0.18,Rice,203,Spain,6809.24,25838.39,0.263531899626873
3,Albania,2015,Wheat and products,1009.36,31.4,5.93,Wheat,185,Russian Federation,173209.45,274370.64,0.6312973210253109
3,Albania,2016,Maize and products,17.78,0.37,0.15,Maize,272,Serbia,71767.72,73505.18000000001,0.9763627542984044
3,Albania,2016,Rice and products,65.42,1.33,0.17,Rice,165,Pakistan,6474.28,25579.49,0.253104342580716
3,Albania,2016,Wheat and products,983.78,30.5,6.01,Wheat,185,Russian Federation,134394.87,256864.17,0.5232137670271413
3,Albania,2017,Maize and products,21.16,0.44,0.18,Maize,272,Serbia,65411.45,65480.34,0.9989479284927354
3,Albania,2017,Rice and products,65.55,1.33,0.17,Rice,106,Italy,5185.48,10470.78,0.4952334019051111
3,Albania,2017,Wheat and products,963.46,29.74,6.19,Wheat,185,Russian Federation,120171.0,224401.55,0.5355176913884954
3,Albania,2018,Maize and products,18.03,0.38,0.15,Maize,272,Serbia,83942.07,84834.02,0.9894859397208808
3,Albania,2018,Rice and products,71.19,1.45,0.18,Rice,106,Italy,4947.15,8198.279999999999,0.6034375503154321
3,Albania,2018,Wheat and products,961.69,29.83,5.86,Wheat,185,Russian Federation,125289.27,223349.49,0.5609561499334519
3,Albania,2019,Maize and products,21.13,0.45,0.18,Maize,272,Serbia,88060.04,89429.21999999999,0.9846897915468792
3,Albania,2019,Rice and products,66.84,1.36,0.18,Rice,106,Italy,6847.15,14497.45,0.4723003010874326
3,Albania,2019,Wheat and products,938.22,28.96,6.03,Wheat,185,Russian Federation,110487.0,164208.2,0.6728470319996199
3,Albania,2020,Maize and products,17.6,0.38,0.15,Maize,272,Serbia,80743.84,83401.95999999999,0.9681288065652176
3,Albania,2020,Rice and products,48.03,0.98,0.13,Rice,185,Russian Federation,8116.0,28241.55,0.2873779944797647
3,Albania,2020,Wheat and products,957.44,29.56,5.98,Wheat,185,Russian Federation,153184.6,259556.25000000003,0.5901788148041127
3,Albania,2021,Maize and products,18.66,0.45,0.17,Maize,272,Serbia,67175.04,69429.98,0.9675220992430072
3,Albania,2021,Rice and products,42.92,0.87,0.11,Rice,106,Italy,6085.0,19237.17,0.3163147178093243
3,Albania,2021,Wheat and products,681.62,21.39,4.28,Wheat,272,Serbia,41931.72,59179.98,0.7085456939998965
3,Albania,2023,Maize and products,27.16,0.65,0.25,Maize,272,Serbia,63230.29,65590.25,0.9640196523111286
3,Albania,2023,Rice and products,57.84,1.17,0.15,Rice,41,"China, mainland",11922.32,27163.12,0.4389157062958894
3,Albania,2023,Wheat and products,724.62,22.52,5.97,Wheat,272,Serbia,70863.0,209722.16,0.337889901572633
4,Algeria,2011,Maize and products,105.78,2.11,0.87,Maize,9,Argentina,1787458.0,3153350.0,0.566844149872358
4,Algeria,2011,Rice and products,24.27,0.5,0.07,Rice,237,Viet Nam,68443.5,164180.75,0.4168789580995335
4,Algeria,2011,Wheat and products,1287.02,40.6,6.12,Wheat,68,France,5660639.0,7454705.0,0.7593377605150036
4,Algeria,2012,Maize and products,101.38,2.0,0.82,Maize,9,Argentina,2411170.0,3041015.0,0.7928832971886032
4,Algeria,2012,Rice and products,26.36,0.54,0.07,Rice,100,India,89961.0,210742.0,0.4268774140892655
4,Algeria,2012,Wheat and products,1312.79,41.39,6.29,Wheat,68,France,3243667.0,6347358.0,0.5110263199271255
4,Algeria,2013,Maize and products,105.31,2.08,0.85,Maize,9,Argentina,2242669.0,3218997.0,0.6966980708587178
4,Algeria,2013,Rice and products,23.95,0.49,0.06,Rice,237,Viet Nam,134042.0,234818.3,0.5708328524650762
4,Algeria,2013,Wheat and products,1270.79,40.06,6.11,Wheat,68,France,4707558.0,6304784.0,0.7466644376714571
4,Algeria,2014,Maize and products,129.17,2.58,1.06,Maize,9,Argentina,3166668.58,4108042.66,0.7708460797726964
4,Algeria,2014,Rice and products,24.5,0.5,0.07,Rice,100,India,76188.89,225683.15,0.3375922836950831
4,Algeria,2014,Wheat and products,1252.06,39.46,6.04,Wheat,68,France,4686502.73,7417394.75,0.6318259831054563
4,Algeria,2015,Maize and products,134.36,2.71,1.11,Maize,9,Argentina,2718696.53,4417613.19,0.6154220419647017
4,Algeria,2015,Rice and products,25.06,0.51,0.07,Rice,100,India,84495.44,213800.07,0.3952077284165529
4,Algeria,2015,Wheat and products,1259.57,39.73,6.0,Wheat,68,France,4098732.12,8504899.71,0.4819259791130447
4,Algeria,2016,Maize and products,124.91,2.48,1.02,Maize,9,Argentina,2544443.38,4115550.62,0.6182510227513615
4,Algeria,2016,Rice and products,24.51,0.5,0.06,Rice,100,India,92637.63,214423.8,0.4320305395203331
4,Algeria,2016,Wheat and products,1233.69,38.91,5.88,Wheat,68,France,3915241.07,8225654.96,0.4759792489521102
4,Algeria,2017,Maize and products,119.28,2.43,1.0,Maize,9,Argentina,3301225.7,4141522.8,0.7971043163157281
4,Algeria,2017,Rice and products,25.01,0.51,0.07,Rice,216,Thailand,79086.34,251569.15,0.3143721716275624
4,Algeria,2017,Wheat and products,1242.98,39.22,5.88,Wheat,68,France,3314989.89,8079172.79,0.4103130328024585
7,Angola,2019,Maize and products,391.99,8.11,3.33,Maize,9,Argentina,51489.69,57357.780000000006,0.8976932161600396
7,Angola,2019,Rice and products,149.6,3.08,0.5,Rice,216,Thailand,647237.1200000001,791206.03,0.818038659285749
7,Angola,2019,Wheat and products,180.98,5.6,1.31,Wheat,68,France,273814.67,605064.98,0.4525376266198714
7,Angola,2020,Maize and products,382.22,7.9,3.25,Maize,9,Argentina,42614.7,44909.38,0.9489042155558594
7,Angola,2020,Rice and products,141.11,2.9,0.46,Rice,216,Thailand,659863.28,969769.88,0.6804328466048049
7,Angola,2020,Wheat and products,190.12,5.92,1.19,Wheat,223,Türkiye,335600.08,769792.1599999999,0.4359619354917827
7,Angola,2021,Maize and products,390.42,8.07,3.32,Maize,9,Argentina,33205.48,49782.41,0.667012304145179
7,Angola,2021,Rice and products,129.23,2.65,0.4,Rice,216,Thailand,464547.32,907699.83,0.5117851790277409
7,Angola,2021,Wheat and products,164.33,5.05,1.14,Wheat,68,France,295992.72,707804.71,0.4181841626908642
7,Angola,2022,Maize and products,408.64,8.45,3.47,Maize,9,Argentina,60099.61,92234.62,0.6515949217332928
7,Angola,2022,Rice and products,111.34,2.26,0.3,Rice,100,India,711181.46,1061894.9,0.6697286708882395
7,Angola,2022,Wheat and products,140.72,4.31,0.97,Wheat,9,Argentina,174487.72,665438.54,0.2622146291677064
7,Angola,2023,Maize and products,399.03,8.25,3.39,Maize,9,Argentina,24712.17,30389.25,0.8131878871640464
7,Angola,2023,Rice and products,96.27,1.96,0.27,Rice,100,India,373747.51,671330.77,0.5567263213631635
7,Angola,2023,Wheat and products,153.4,4.79,0.89,Wheat,173,Poland,223661.88,670927.77,0.3333620845653773
8,Antigua and Barbuda,2011,Maize and products,33.44,0.77,0.24,Maize,231,United States of America,38.0,39.0,0.9743589743589745
8,Antigua and Barbuda,2011,Rice and products,138.51,3.21,0.92,Rice,91,Guyana,972.0,1661.4,0.5850487540628385
8,Antigua and Barbuda,2011,Wheat and products,428.56,12.96,4.22,Wheat,191,Saint Vincent and the Grenadines,3656.0,5105.0,0.7161606268364349
8,Antigua and Barbuda,2012,Maize and products,27.28,0.76,0.23,Maize,229,United Kingdom of Great Britain and Northern Ireland,29.0,35.0,0.8285714285714286
8,Antigua and Barbuda,2012,Rice and products,124.8,2.96,0.86,Rice,231,United States of America,66.15,84.95,0.7786933490288406
8,Antigua and Barbuda,2012,Wheat and products,366.82,11.08,3.04,Wheat,231,United States of America,65.0,102.0,0.6372549019607843
8,Antigua and Barbuda,2013,Maize and products,43.89,1.12,0.36,Maize,231,United States of America,43.0,46.0,0.9347826086956522
8,Antigua and Barbuda,2013,Rice and products,144.87,3.39,0.98,Rice,91,Guyana,1029.5,1644.8,0.6259119649805448
8,Antigua and Barbuda,2013,Wheat and products,418.6,12.22,4.14,Wheat,191,Saint Vincent and the Grenadines,2941.0,3634.0,0.8093010456796919
8,Antigua and Barbuda,2014,Maize and products,57.41,1.49,0.42,Maize,231,United States of America,42.85,46.99,0.9118961481166206
8,Antigua and Barbuda,2014,Rice and products,119.4,2.75,0.81,Rice,91,Guyana,1246.28,1832.91,0.6799460966441342
8,Antigua and Barbuda,2014,Wheat and products,413.95,12.15,4.16,Wheat,191,Saint Vincent and the Grenadines,2822.54,3552.96,0.7944193010897955
8,Antigua and Barbuda,2015,Maize and products,58.58,1.51,0.44,Maize,231,United States of America,34.95,36.13,0.9673401605314144
8,Antigua and Barbuda,2015,Rice and products,120.14,2.76,0.81,Rice,91,Guyana,1025.04,1694.1699999999998,0.6050396359279175
8,Antigua and Barbuda,2015,Wheat and products,406.14,11.79,4.24,Wheat,191,Saint Vincent and the Grenadines,2782.21,3563.34,0.7807871266845151
8,Antigua and Barbuda,2016,Maize and products,61.1,1.82,0.55,Maize,231,United States of America,35.22,35.98,0.9788771539744304
8,Antigua and Barbuda,2016,Rice and products,135.18,3.13,0.92,Rice,91,Guyana,892.05,1467.27,0.6079658140628514
8,Antigua and Barbuda,2016,Wheat and products,425.94,12.59,4.07,Wheat,191,Saint Vincent and the Grenadines,2458.19,3416.76,0.7194505906180124
8,Antigua and Barbuda,2017,Maize and products,55.74,1.48,0.45,Maize,231,United States of America,50.2,53.150000000000006,0.9444967074317968
8,Antigua and Barbuda,2017,Rice and products,124.16,2.87,0.85,Rice,91,Guyana,798.58,1746.59,0.4572223589966736
8,Antigua and Barbuda,2017,Wheat and products,404.03,11.77,4.16,Wheat,191,Saint Vincent and the Grenadines,2211.7,3879.78,0.5700580960776126
8,Antigua and Barbuda,2018,Maize and products,39.19,1.08,0.34,Maize,231,United States of America,59.73,65.96,0.9055488174651304
8,Antigua and Barbuda,2018,Rice and products,146.5,3.44,0.98,Rice,91,Guyana,576.67,1756.15,0.3283717222332943
8,Antigua and Barbuda,2018,Wheat and products,427.07,12.37,4.57,Wheat,191,Saint Vincent and the Grenadines,2139.98,4324.3,0.4948731586615174
8,Antigua and Barbuda,2019,Maize and products,29.03,0.76,0.25,Maize,231,United States of America,50.41,55.16,0.913886874546773
8,Antigua and Barbuda,2019,Rice and products,158.28,3.77,1.07,Rice,91,Guyana,665.91,1586.79,0.4196585559525835
8,Antigua and Barbuda,2019,Wheat and products,433.9,12.62,4.46,Wheat,191,Saint Vincent and the Grenadines,1904.47,3818.63,0.498731220359134
8,Antigua and Barbuda,2020,Maize and products,25.48,0.57,0.2,Maize,231,United States of America,62.98,68.47,0.9198188987877902
8,Antigua and Barbuda,2020,Rice and products,108.69,2.4,0.68,Rice,91,Guyana,796.98,1916.88,0.4157693752347565
8,Antigua and Barbuda,2020,Wheat and products,517.7,15.01,4.99,Wheat,191,Saint Vincent and the Grenadines,2292.74,4047.1,0.5665142941859602
8,Antigua and Barbuda,2021,Maize and products,26.3,0.7,0.25,Maize,231,United States of America,47.66,51.8,0.92007722007722
8,Antigua and Barbuda,2021,Rice and products,145.81,3.5,1.0,Rice,91,Guyana,693.51,1411.85,0.4912065729362184
8,Antigua and Barbuda,2021,Wheat and products,426.21,12.29,4.63,Wheat,191,Saint Vincent and the Grenadines,2485.72,4022.71,0.6179217492685279
8,Antigua and Barbuda,2022,Maize and products,23.5,0.58,0.2,Maize,231,United States of America,51.71,54.39,0.950726236440522
8,Antigua and Barbuda,2022,Rice and products,159.51,3.81,1.08,Rice,91,Guyana,797.1600000000001,1536.37,0.5188593893398075
8,Antigua and Barbuda,2022,Wheat and products,432.0,12.6,4.38,Wheat,191,Saint Vincent and the Grenadines,2039.22,4241.12,0.4808211038593579
8,Antigua and Barbuda,2023,Maize and products,22.17,0.49,0.16,Maize,231,United States of America,59.91,72.08,0.8311598224195338
8,Antigua and Barbuda,2023,Rice and products,132.01,3.18,0.89,Rice,91,Guyana,739.0699999999999,1648.16,0.448421269779633
8,Antigua and Barbuda,2023,Wheat and products,424.72,12.17,4.75,Wheat,191,Saint Vincent and the Grenadines,1966.78,3694.69,0.5323261220833142
9,Argentina,2010,Maize and products,87.81,1.82,0.75,Maize,21,Brazil,2861.0,6395.0,0.4473807662236121
9,Argentina,2010,Rice and products,76.6,1.61,0.3,Rice,234,Uruguay,8882.05,16119.8,0.5510024938274668
9,Argentina,2010,Wheat and products,910.14,28.68,4.34,Wheat,21,Brazil,84.0,96.0,0.875
9,Argentina,2011,Maize and products,84.37,1.74,0.72,Maize,21,Brazil,3407.0,4884.0,0.6975839475839476
9,Argentina,2011,Rice and products,82.31,1.71,0.28,Rice,21,Brazil,8096.45,17549.85,0.4613401254141773
9,Argentina,2011,Wheat and products,866.99,27.33,4.11,Wheat,68,France,7.0,11.0,0.6363636363636364
9,Argentina,2012,Maize and products,91.21,1.89,0.78,Maize,21,Brazil,3266.0,7048.0,0.4633938706015891
9,Argentina,2012,Rice and products,66.48,1.38,0.22,Rice,234,Uruguay,4190.9,10091.55,0.4152880380120001
9,Argentina,2012,Wheat and products,825.75,26.07,3.85,Wheat,21,Brazil,11.0,20.0,0.55
9,Argentina,2013,Maize and products,100.78,2.08,0.86,Maize,21,Brazil,1225.0,2674.0,0.4581151832460733
9,Argentina,2013,Rice and products,85.59,1.81,0.36,Rice,169,Paraguay,4734.0,11084.0,0.4271021291952364
9,Argentina,2013,Wheat and products,850.31,26.82,4.04,Wheat,234,Uruguay,125.0,176.0,0.7102272727272727
9,Argentina,2014,Maize and products,94.3,1.95,0.8,Maize,231,United States of America,795.36,1639.88,0.4850110983730517
9,Argentina,2014,Rice and products,97.3,2.07,0.44,Rice,169,Paraguay,6574.8,11172.07,0.5885032943760646
9,Argentina,2014,Wheat and products,804.91,25.4,3.81,Wheat,68,France,9.66,20.72,0.4662162162162162
9,Argentina,2015,Maize and products,90.23,1.87,0.77,Maize,231,United States of America,1081.47,2183.03,0.4953985973623817
9,Argentina,2015,Rice and products,100.92,2.15,0.47,Rice,234,Uruguay,5685.0,13563.78,0.4191309502218407
9,Argentina,2015,Wheat and products,839.54,26.47,4.0,Wheat,106,Italy,10.55,18.43,0.5724362452523061
9,Argentina,2016,Maize and products,89.22,1.84,0.76,Maize,21,Brazil,1211.54,2022.38,0.5990664464640671
9,Argentina,2016,Rice and products,82.88,1.75,0.34,Rice,169,Paraguay,9655.04,16702.95,0.578043998215884
9,Argentina,2016,Wheat and products,837.06,26.33,4.12,Wheat,234,Uruguay,2882.21,2903.1,0.992804243739451
9,Argentina,2017,Maize and products,90.16,1.86,0.77,Maize,231,United States of America,3137.22,6004.299999999999,0.5224955448595173
9,Argentina,2017,Rice and products,83.83,1.77,0.34,Rice,234,Uruguay,8789.5,18298.23,0.4803470062404943
9,Argentina,2017,Wheat and products,836.52,26.27,4.22,Wheat,106,Italy,3.78,8.67,0.4359861591695501
9,Argentina,2018,Maize and products,91.11,1.88,0.77,Maize,231,United States of America,3325.95,6714.01,0.4953745972972932
9,Argentina,2018,Rice and products,93.99,1.98,0.39,Rice,169,Paraguay,11882.3,12628.31,0.9409255870342113
9,Argentina,2018,Wheat and products,845.43,26.57,4.19,Wheat,106,Italy,6.66,17.91,0.371859296482412
9,Argentina,2019,Maize and products,92.57,1.91,0.79,Maize,231,United States of America,2107.83,5075.48,0.4152966812991087
9,Argentina,2019,Rice and products,74.01,1.55,0.28,Rice,169,Paraguay,13236.12,13642.520000000002,0.9702107821722086
9,Argentina,2019,Wheat and products,830.92,27.38,7.97,Wheat,106,Italy,45.98,70.79,0.6495267693177001
9,Argentina,2020,Maize and products,89.68,1.85,0.76,Maize,231,United States of America,2032.54,3771.62,0.5389037071603184
9,Argentina,2020,Rice and products,102.94,2.16,0.4,Rice,169,Paraguay,15824.0,17884.190000000002,0.8848038407107058
9,Argentina,2020,Wheat and products,777.36,25.51,7.18,Wheat,106,Italy,68.44,93.47,0.7322135444527655
9,Argentina,2021,Maize and products,92.89,1.92,0.79,Maize,231,United States of America,2996.89,5308.7,0.5645242714788932
9,Argentina,2021,Rice and products,127.35,2.67,0.49,Rice,169,Paraguay,3298.0,3811.9,0.8651853406437734
9,Argentina,2021,Wheat and products,761.14,24.92,6.83,Wheat,106,Italy,75.06,183.85,0.4082676094642372
9,Argentina,2022,Maize and products,93.27,1.93,0.79,Maize,231,United States of America,5716.88,8212.18,0.696146455630539
9,Argentina,2022,Rice and products,72.23,1.48,0.21,Rice,234,Uruguay,2018.0,2768.8,0.7288355966483676
9,Argentina,2022,Wheat and products,865.45,28.49,8.25,Wheat,106,Italy,165.66,258.28,0.6413969335604771
9,Argentina,2023,Maize and products,81.01,1.68,0.69,Maize,231,United States of America,12260.75,15774.64,0.7772443618364666
9,Argentina,2023,Rice and products,82.31,1.72,0.31,Rice,106,Italy,145.28,587.09,0.2474578003372566
9,Argentina,2023,Wheat and products,908.86,29.89,8.62,Wheat,106,Italy,78.73,187.59,0.4196918812303428
10,Australia,2010,Maize and products,43.1,0.94,0.35,Maize,106,Italy,351.0,903.0,0.388704318936877
10,Australia,2010,Rice and products,98.58,1.93,0.29,Rice,216,Thailand,220926.8,361416.75,0.6112799143924569
10,Australia,2010,Wheat and products,513.61,16.64,3.98,Wheat,100,India,4615.0,8779.0,0.5256862968447431
10,Australia,2011,Maize and products,43.97,0.96,0.36,Maize,9,Argentina,762.0,977.0,0.7799385875127943
10,Australia,2011,Rice and products,92.11,1.85,0.29,Rice,216,Thailand,177365.4,304987.2,0.5815503076850438
10,Australia,2011,Wheat and products,537.25,17.78,4.36,Wheat,100,India,5332.0,9477.0,0.5626253033660441
10,Australia,2012,Maize and products,43.37,0.95,0.35,Maize,9,Argentina,632.0,908.0,0.6960352422907489
10,Australia,2012,Rice and products,90.07,1.83,0.29,Rice,216,Thailand,128524.8,259339.6,0.4955849395927194
10,Australia,2012,Wheat and products,561.08,18.38,4.53,Wheat,100,India,5997.0,10839.0,0.5532798228618876
10,Australia,2013,Maize and products,43.09,0.94,0.35,Maize,9,Argentina,513.0,818.0,0.6271393643031785
10,Australia,2013,Rice and products,95.86,1.93,0.31,Rice,216,Thailand,133188.9,279570.69999999995,0.4764050739222673
10,Australia,2013,Wheat and products,583.22,18.33,5.15,Wheat,100,India,6902.0,14129.0,0.4884988321891146
10,Australia,2014,Maize and products,40.13,0.88,0.33,Maize,156,New Zealand,488.84,1057.75,0.4621507917749941
10,Australia,2014,Rice and products,76.94,1.54,0.21,Rice,216,Thailand,157174.7,310599.89,0.506035916496944
10,Australia,2014,Wheat and products,569.27,18.12,5.15,Wheat,100,India,9001.36,16646.95,0.5407212732662741
10,Australia,2015,Maize and products,40.85,0.89,0.33,Maize,9,Argentina,430.92,856.91,0.5028766148136911
10,Australia,2015,Rice and products,77.7,1.56,0.21,Rice,216,Thailand,139000.0,304377.03,0.4566704655735684
10,Australia,2015,Wheat and products,559.99,17.65,5.19,Wheat,100,India,9912.51,21404.06,0.4631135401414498
10,Australia,2016,Maize and products,39.12,0.85,0.32,Maize,9,Argentina,408.42,800.35,0.510301742987443
10,Australia,2016,Rice and products,76.47,1.54,0.21,Rice,216,Thailand,147810.94,323378.54,0.4570833302667518
10,Australia,2016,Wheat and products,570.93,17.99,5.3,Wheat,100,India,10467.4,20912.41,0.5005353280659666
10,Australia,2017,Maize and products,39.12,0.85,0.32,Maize,231,United States of America,780.99,1281.56,0.6094057242735417
10,Australia,2017,Rice and products,87.33,1.75,0.24,Rice,216,Thailand,145649.22999999998,318767.51,0.4569136609938697
10,Australia,2017,Wheat and products,557.76,17.92,4.79,Wheat,100,India,11524.62,23649.87,0.487301621531112
10,Australia,2018,Maize and products,37.66,0.82,0.31,Maize,231,United States of America,1077.16,2357.09,0.4569872172891149
10,Australia,2018,Rice and products,79.91,1.6,0.22,Rice,216,Thailand,132513.4,325279.91,0.4073826754317535
10,Australia,2018,Wheat and products,565.12,18.21,4.75,Wheat,100,India,13230.61,27979.72,0.4728642745531406
10,Australia,2019,Maize and products,34.7,0.76,0.28,Maize,231,United States of America,2185.1,4773.14,0.4577908881784318
10,Australia,2019,Rice and products,78.38,1.56,0.21,Rice,216,Thailand,144784.56,407913.15,0.3549396728200599
10,Australia,2019,Wheat and products,578.46,18.41,5.15,Wheat,33,Canada,486236.35,517828.1,0.9389918198722704
10,Australia,2020,Maize and products,31.41,0.67,0.26,Maize,231,United States of America,2096.21,3953.78,0.5301787150524309
10,Australia,2020,Rice and products,80.28,1.61,0.23,Rice,216,Thailand,183006.67,534743.49,0.3422326282083397
10,Australia,2020,Wheat and products,577.93,18.44,5.41,Wheat,33,Canada,481115.64,516984.77,0.9306185944317082
10,Australia,2021,Maize and products,30.21,0.64,0.25,Maize,156,New Zealand,1369.37,2545.8,0.5378937858433498
10,Australia,2021,Rice and products,88.26,1.79,0.28,Rice,216,Thailand,120378.77,388658.76,0.309728693623167
10,Australia,2021,Wheat and products,554.8,17.69,5.3,Wheat,100,India,9437.51,22994.300000000003,0.4104282365629743
10,Australia,2022,Maize and products,41.46,0.88,0.34,Maize,231,United States of America,611.07,1216.64,0.50226032351394
10,Australia,2022,Rice and products,83.62,1.68,0.25,Rice,216,Thailand,162984.26,479178.23,0.3401328562025867
10,Australia,2022,Wheat and products,579.54,18.62,5.55,Wheat,100,India,10425.85,23270.7,0.4480247693451422
10,Australia,2023,Maize and products,40.02,0.84,0.34,Maize,231,United States of America,1192.08,2042.74,0.5835691277401921
10,Australia,2023,Rice and products,84.68,1.69,0.23,Rice,216,Thailand,150345.46000000002,434219.26000000007,0.3462431859885717
10,Australia,2023,Wheat and products,600.28,19.67,5.67,Wheat,106,Italy,7786.92,21778.46,0.3575514522147112
11,Austria,2010,Maize and products,108.13,2.34,0.84,Maize,97,Hungary,305955.0,617336.0,0.4956053105602135
11,Austria,2010,Rice and products,34.58,0.7,0.09,Rice,106,Italy,30660.15,62802.0,0.488203401165568
11,Austria,2010,Wheat and products,594.33,18.99,3.24,Wheat,97,Hungary,187541.0,636697.0,0.2945529820306991
11,Austria,2011,Maize and products,119.36,2.59,0.91,Maize,97,Hungary,409176.0,805721.0,0.5078383212054793
11,Austria,2011,Rice and products,35.13,0.71,0.09,Rice,106,Italy,30846.45,65785.25,0.4688961431323891
11,Austria,2011,Wheat and products,604.1,19.31,3.27,Wheat,79,Germany,211748.0,655019.0,0.3232700120149187
11,Austria,2012,Maize and products,120.53,2.62,0.91,Maize,97,Hungary,234216.0,621497.0,0.3768578126684441
11,Austria,2012,Rice and products,35.91,0.73,0.1,Rice,106,Italy,33776.95,69835.6,0.4836637760683662
11,Austria,2012,Wheat and products,619.41,19.5,3.67,Wheat,199,Slovakia,173239.0,596367.0,0.2904905871719931
11,Austria,2013,Maize and products,113.08,2.44,0.87,Maize,97,Hungary,286481.0,920829.0,0.3111120522920108
11,Austria,2013,Rice and products,35.05,0.71,0.09,Rice,106,Italy,30127.3,65323.45,0.4612019114115987
11,Austria,2013,Wheat and products,617.05,19.52,3.65,Wheat,199,Slovakia,205358.0,673228.0,0.3050348470354768
11,Austria,2014,Maize and products,106.93,2.32,0.82,Maize,97,Hungary,298670.2,942744.58,0.3168092464663122
11,Austria,2014,Rice and products,35.38,0.72,0.09,Rice,106,Italy,30878.76,72399.09999999999,0.4265075118337106
11,Austria,2014,Wheat and products,682.36,21.95,4.36,Wheat,199,Slovakia,296885.10000000003,903126.14,0.3287304916232411
11,Austria,2015,Maize and products,99.65,2.15,0.79,Maize,97,Hungary,440139.5,1038256.58,0.4239217053649686
11,Austria,2015,Rice and products,35.48,0.72,0.1,Rice,106,Italy,33995.47,76021.59,0.4471817808598847
11,Austria,2015,Wheat and products,659.86,21.57,3.52,Wheat,167,Czechia,260247.0,970665.51,0.2681119266306268
11,Austria,2016,Maize and products,102.38,2.22,0.79,Maize,97,Hungary,449702.79,902706.87,0.4981714496091073
11,Austria,2016,Rice and products,36.67,0.74,0.1,Rice,106,Italy,33523.33,77263.73,0.4338818485724156
11,Austria,2016,Wheat and products,657.78,21.53,3.55,Wheat,167,Czechia,318085.58,1013339.94,0.3138981968874137
11,Austria,2017,Maize and products,106.24,2.3,0.82,Maize,97,Hungary,481939.68,1057648.09,0.4556711107945176
11,Austria,2017,Rice and products,36.54,0.74,0.1,Rice,106,Italy,31097.85,74042.01,0.4200027795031496
11,Austria,2017,Wheat and products,665.61,21.7,3.59,Wheat,97,Hungary,350974.5,1098492.18,0.3195056882425872
11,Austria,2018,Maize and products,101.56,2.18,0.81,Maize,97,Hungary,472126.24,941659.99,0.5013765531229589
11,Austria,2018,Rice and products,37.16,0.75,0.1,Rice,106,Italy,34193.3,76305.57,0.4481101445150072
11,Austria,2018,Wheat and products,658.19,21.45,3.52,Wheat,97,Hungary,377571.67,986425.33,0.3827676140473806
11,Austria,2019,Maize and products,107.48,2.33,0.83,Maize,97,Hungary,499254.79,1093957.99,0.4563747370225798
11,Austria,2019,Rice and products,36.71,0.74,0.1,Rice,106,Italy,29632.22,79427.95,0.3730704367920864
11,Austria,2019,Wheat and products,646.18,20.88,3.6,Wheat,97,Hungary,384566.1,977087.73,0.3935840029431134
11,Austria,2020,Maize and products,110.92,2.38,0.88,Maize,97,Hungary,528375.79,967256.95,0.5462620764833997
11,Austria,2020,Rice and products,42.26,0.84,0.12,Rice,106,Italy,37152.09,83518.34,0.4448375051515631
11,Austria,2020,Wheat and products,608.04,19.74,3.38,Wheat,97,Hungary,494613.12,1238750.68,0.3992838332891975
11,Austria,2021,Maize and products,118.63,2.56,0.93,Maize,97,Hungary,465919.01,1085357.58,0.4292769669512972
11,Austria,2021,Rice and products,36.65,0.73,0.1,Rice,106,Italy,32507.17,71187.29999999999,0.4566428281449079
11,Austria,2021,Wheat and products,650.32,21.03,3.74,Wheat,97,Hungary,503650.21,1280716.78,0.3932565090620582
11,Austria,2022,Maize and products,99.54,2.13,0.79,Maize,97,Hungary,331170.72,1151154.93,0.2876856202144745
11,Austria,2022,Rice and products,36.96,0.73,0.11,Rice,106,Italy,32591.84,71690.69,0.4546174684606885
11,Austria,2022,Wheat and products,664.61,21.73,3.55,Wheat,97,Hungary,583216.86,1347466.6,0.4328247245608908
11,Austria,2023,Maize and products,91.23,1.94,0.74,Maize,97,Hungary,183893.79,650661.25,0.2826260054675148
11,Austria,2023,Rice and products,38.71,0.77,0.11,Rice,106,Italy,38104.03,81015.66,0.4703291931461151
11,Austria,2023,Wheat and products,664.85,21.57,3.94,Wheat,97,Hungary,601407.4500000001,1286659.33,0.4674177818304089
12,Bahamas,2012,Maize and products,44.92,1.02,0.36,Maize,231,United States of America,137.0,137.0,1.0
12,Bahamas,2012,Rice and products,249.6,5.31,0.83,Rice,231,United States of America,5854.45,5937.3,0.9860458457548044
12,Bahamas,2012,Wheat and products,210.73,5.02,4.44,Wheat,231,United States of America,1863.0,2547.0,0.7314487632508834
12,Bahamas,2013,Maize and products,59.83,1.41,0.46,Maize,231,United States of America,131.0,131.0,1.0
12,Bahamas,2013,Rice and products,264.98,5.69,0.93,Rice,231,United States of America,4056.6,4207.4,0.9641583876027952
12,Bahamas,2013,Wheat and products,237.96,5.73,4.99,Wheat,231,United States of America,2241.0,2883.0,0.777315296566077
12,Bahamas,2014,Maize and products,115.93,2.55,0.94,Maize,231,United States of America,50.4,50.4,1.0
12,Bahamas,2014,Rice and products,248.05,5.26,0.83,Rice,231,United States of America,8502.01,8568.92,0.9921915480597322
12,Bahamas,2014,Wheat and products,268.97,6.64,5.22,Wheat,231,United States of America,1155.09,1548.79,0.7458015612187578
12,Bahamas,2015,Maize and products,110.78,2.44,0.9,Maize,231,United States of America,86.46,87.72,0.9856361149110806
12,Bahamas,2015,Rice and products,240.23,5.09,0.79,Rice,231,United States of America,3449.83,3610.78,0.9554251435977822
12,Bahamas,2015,Wheat and products,262.01,6.42,5.23,Wheat,231,United States of America,1708.4,2382.6400000000003,0.7170197763825
12,Bahamas,2016,Maize and products,107.01,2.33,0.87,Maize,231,United States of America,82.79,82.79,1.0
12,Bahamas,2016,Rice and products,227.51,4.76,0.71,Rice,231,United States of America,2183.82,2228.26,0.980056187339
12,Bahamas,2016,Wheat and products,283.98,7.0,5.42,Wheat,231,United States of America,824.2,1249.1,0.6598350812585061
12,Bahamas,2017,Maize and products,96.6,2.14,0.78,Maize,231,United States of America,96.36,96.37,0.9998962332676145
12,Bahamas,2017,Rice and products,215.41,4.48,0.64,Rice,231,United States of America,3880.13,4100.99,0.946144711398955
12,Bahamas,2017,Wheat and products,336.65,8.59,5.68,Wheat,231,United States of America,1434.94,2204.1400000000003,0.6510203526091808
12,Bahamas,2018,Maize and products,124.07,2.79,0.99,Maize,231,United States of America,427.6,427.79,0.9995558568456484
12,Bahamas,2018,Rice and products,184.78,3.77,0.5,Rice,231,United States of America,9883.59,10939.06,0.903513647424916
12,Bahamas,2018,Wheat and products,230.75,5.68,4.57,Wheat,231,United States of America,4280.4,5864.959999999999,0.7298259493670887
12,Bahamas,2019,Maize and products,98.86,2.2,0.79,Maize,231,United States of America,573.2,573.23,0.9999476649861312
12,Bahamas,2019,Rice and products,198.07,4.1,0.58,Rice,231,United States of America,10719.89,12110.82,0.88514980818805
12,Bahamas,2019,Wheat and products,312.77,8.02,5.2,Wheat,231,United States of America,4064.82,6348.41,0.640289458305308
12,Bahamas,2020,Maize and products,111.51,2.47,0.9,Maize,231,United States of America,465.29,465.29,1.0
12,Bahamas,2020,Rice and products,196.65,4.08,0.6,Rice,231,United States of America,4472.47,5424.5,0.8244944234491659
12,Bahamas,2020,Wheat and products,327.32,8.72,4.75,Wheat,231,United States of America,3164.88,4305.9400000000005,0.7350032745463243
12,Bahamas,2021,Maize and products,90.27,2.0,0.73,Maize,231,United States of America,466.38,466.4,0.9999571183533448
12,Bahamas,2021,Rice and products,210.78,4.44,0.83,Rice,231,United States of America,5499.66,6501.27,0.8459362555316114
12,Bahamas,2021,Wheat and products,335.25,8.85,5.14,Wheat,231,United States of America,4316.570000000001,5305.750000000001,0.8135645290486736
12,Bahamas,2022,Maize and products,84.74,1.9,0.68,Maize,231,United States of America,2420.06,2420.17,0.999954548647409
12,Bahamas,2022,Rice and products,72.67,1.61,0.34,Rice,231,United States of America,6141.030000000001,6754.800000000001,0.9091357257061644
12,Bahamas,2022,Wheat and products,298.67,7.1,6.49,Wheat,231,United States of America,2960.66,4168.16,0.7103038271083644
12,Bahamas,2023,Maize and products,52.0,1.16,0.42,Maize,231,United States of America,701.28,701.42,0.9998004048929316
12,Bahamas,2023,Rice and products,71.92,1.66,0.36,Rice,231,United States of America,5518.39,6379.88,0.8649676796428774
12,Bahamas,2023,Wheat and products,308.08,7.25,6.8,Wheat,231,United States of America,2817.23,4175.58,0.6746918990894678
13,Bahrain,2019,Maize and products,57.85,1.2,0.49,Maize,9,Argentina,7192.91,9725.99,0.7395555619530763
13,Bahrain,2019,Rice and products,465.88,9.48,1.21,Rice,100,India,95399.54,154995.3,0.6154995667610567
13,Bahrain,2019,Wheat and products,563.66,17.68,3.51,Wheat,10,Australia,78983.8,117248.7,0.673643289861636
13,Bahrain,2020,Maize and products,56.89,1.18,0.48,Maize,9,Argentina,12393.47,15928.71,0.7780586124048966
13,Bahrain,2020,Rice and products,462.12,9.4,1.2,Rice,100,India,118103.13,163122.69,0.7240141147745909
13,Bahrain,2020,Wheat and products,548.37,17.29,3.32,Wheat,10,Australia,161007.0,177209.13,0.9085705685705924
13,Bahrain,2021,Maize and products,62.01,1.28,0.53,Maize,21,Brazil,6722.06,17415.93,0.3859719234057555
13,Bahrain,2021,Rice and products,436.77,8.89,1.13,Rice,100,India,96517.31,127161.27,0.7590149893910307
13,Bahrain,2021,Wheat and products,545.38,16.95,3.49,Wheat,10,Australia,73797.86,89565.31,0.8239558373660517
13,Bahrain,2022,Maize and products,68.79,1.42,0.58,Maize,165,Pakistan,12800.54,20392.36,0.6277125354789735
13,Bahrain,2022,Rice and products,412.23,8.39,1.06,Rice,100,India,102728.45,134956.94,0.7611942742625907
13,Bahrain,2022,Wheat and products,547.68,16.98,3.42,Wheat,10,Australia,133264.0,148115.08,0.8997328293648426
13,Bahrain,2023,Maize and products,55.85,1.16,0.47,Maize,165,Pakistan,14765.87,17523.760000000002,0.8426199628390254
13,Bahrain,2023,Rice and products,423.93,8.62,1.1,Rice,100,India,102930.82,124194.01,0.8287905350668685
13,Bahrain,2023,Wheat and products,579.75,18.18,3.31,Wheat,10,Australia,87994.68,114354.14,0.7694927354619605
14,Barbados,2010,Maize and products,143.02,3.11,1.15,Maize,231,United States of America,37501.0,37585.0,0.9977650658507384
14,Barbados,2010,Rice and products,160.64,3.47,0.83,Rice,91,Guyana,4480.6,8998.900000000001,0.49790529953661
14,Barbados,2010,Wheat and products,507.33,15.11,4.28,Wheat,231,United States of America,18819.0,20521.0,0.9170605720968764
14,Barbados,2011,Maize and products,144.2,3.14,1.15,Maize,231,United States of America,36219.0,36298.0,0.9978235715466416
14,Barbados,2011,Rice and products,152.82,3.29,0.78,Rice,231,United States of America,4701.8,8167.0,0.5757071139953471
14,Barbados,2011,Wheat and products,504.44,15.13,4.03,Wheat,231,United States of America,22150.0,24224.0,0.914382430647292
14,Barbados,2012,Maize and products,141.11,3.09,1.13,Maize,231,United States of America,29000.0,29053.0,0.9981757477713143
14,Barbados,2012,Rice and products,151.16,3.26,0.78,Rice,231,United States of America,3664.5,7282.65,0.5031822207575539
14,Barbados,2012,Wheat and products,493.98,14.82,3.93,Wheat,231,United States of America,20281.0,23114.0,0.8774335900320153
14,Barbados,2013,Maize and products,136.64,3.0,1.09,Maize,231,United States of America,31419.0,31582.0,0.9948388322462162
14,Barbados,2013,Rice and products,173.78,3.77,0.93,Rice,231,United States of America,2714.55,7105.85,0.3820162260672544
14,Barbados,2013,Wheat and products,523.52,15.65,4.35,Wheat,231,United States of America,18201.0,22486.0,0.8094369830116517
14,Barbados,2014,Maize and products,128.44,2.81,1.03,Maize,231,United States of America,31466.69,31596.1,0.995904241346242
14,Barbados,2014,Rice and products,180.17,3.87,0.9,Rice,91,Guyana,2948.29,8438.62,0.3493805859251868
14,Barbados,2014,Wheat and products,499.99,15.02,3.94,Wheat,231,United States of America,20545.66,24040.3,0.8546340935845227
14,Barbados,2015,Maize and products,123.37,2.7,0.98,Maize,231,United States of America,28817.89,28955.59,0.9952444415741484
14,Barbados,2015,Rice and products,164.27,3.57,0.91,Rice,91,Guyana,3075.07,6097.72,0.5042983278996084
14,Barbados,2015,Wheat and products,484.7,14.47,4.0,Wheat,231,United States of America,17998.140000000003,21972.19,0.8191327309658255
14,Barbados,2016,Maize and products,131.9,2.89,1.05,Maize,231,United States of America,32776.85,32827.05,0.9984707733408882
14,Barbados,2016,Rice and products,157.05,3.41,0.86,Rice,91,Guyana,3251.79,6117.27,0.5315753595966829
14,Barbados,2016,Wheat and products,550.2,16.37,4.68,Wheat,231,United States of America,20353.73,23951.98,0.8497723361492453
14,Barbados,2017,Maize and products,117.66,2.59,0.93,Maize,231,United States of America,29261.73,29301.05,0.9986580685675088
14,Barbados,2017,Rice and products,167.53,3.65,0.94,Rice,91,Guyana,2436.23,5270.28,0.462258172241323
14,Barbados,2017,Wheat and products,510.75,15.16,4.37,Wheat,231,United States of America,18075.68,21716.8,0.8323362558019598
14,Barbados,2018,Maize and products,130.92,2.87,1.04,Maize,231,United States of America,30816.72,30856.65,0.9987059515533928
14,Barbados,2018,Rice and products,165.75,3.63,0.97,Rice,91,Guyana,2413.72,4747.37,0.5084330903215886
14,Barbados,2018,Wheat and products,525.86,15.7,4.47,Wheat,231,United States of America,16387.98,20879.83,0.7848713327646826
14,Barbados,2019,Maize and products,159.04,3.45,1.28,Maize,231,United States of America,35227.69,35268.18,0.9988519396237628
14,Barbados,2019,Rice and products,138.87,3.08,0.9,Rice,91,Guyana,2016.01,4929.82,0.408941908629524
14,Barbados,2019,Wheat and products,571.57,17.04,4.96,Wheat,231,United States of America,20225.55,25515.95,0.7926630205812444
14,Barbados,2020,Maize and products,163.43,3.56,1.32,Maize,231,United States of America,30976.1,31529.39,0.9824516110207016
14,Barbados,2020,Rice and products,161.65,3.52,0.91,Rice,91,Guyana,2350.51,5858.400000000001,0.4012204697528335
14,Barbados,2020,Wheat and products,552.26,16.34,5.01,Wheat,231,United States of America,12951.53,18208.67,0.7112836906814171
14,Barbados,2021,Maize and products,158.53,3.46,1.26,Maize,231,United States of America,28535.89,28535.92,0.9999989486934362
14,Barbados,2021,Rice and products,159.7,3.47,0.87,Rice,91,Guyana,2275.48,5907.6,0.3851784142460559
14,Barbados,2021,Wheat and products,523.83,15.51,4.73,Wheat,231,United States of America,12506.95,17786.57,0.7031681768885176
14,Barbados,2022,Maize and products,130.29,2.82,1.03,Maize,231,United States of America,28009.37,28029.89,0.9992679243479016
14,Barbados,2022,Rice and products,165.03,3.57,0.88,Rice,91,Guyana,2626.42,6358.580000000001,0.4130513416517524
14,Barbados,2022,Wheat and products,533.29,16.04,4.31,Wheat,231,United States of America,20721.58,25860.19,0.8012926432481742
14,Barbados,2023,Maize and products,158.26,3.37,1.27,Maize,231,United States of America,33001.69,33044.850000000006,0.9986938963257512
14,Barbados,2023,Rice and products,179.29,3.87,0.92,Rice,21,Brazil,3282.95,6689.65,0.4907506371783277
14,Barbados,2023,Wheat and products,571.62,17.27,4.5,Wheat,231,United States of America,20471.65,25947.02,0.7889788499796895
16,Bangladesh,2015,Maize and products,6.06,0.15,0.07,Maize,21,Brazil,181510.02,494010.37,0.3674214774074479
16,Bangladesh,2015,Rice and products,1708.37,33.69,4.27,Rice,100,India,2079739.72,2087353.21,0.996352562679126
16,Bangladesh,2015,Wheat and products,141.57,4.47,0.66,Wheat,33,Canada,934648.88,3832556.4,0.2438708742811978
18,Bhutan,2022,Maize and products,491.36,12.08,5.57,Maize,100,India,25651.12,25674.78,0.99907847311642
18,Bhutan,2022,Rice and products,1182.08,24.05,3.05,Rice,100,India,169667.98,169688.31,0.999880192100446
18,Bhutan,2022,Wheat and products,249.53,6.79,3.21,Wheat,100,India,11737.75,11778.34,0.9965538437504776
18,Bhutan,2023,Maize and products,485.58,12.25,5.61,Maize,100,India,39801.08,39808.4,0.9998161192110208
18,Bhutan,2023,Rice and products,1184.8,24.11,3.06,Rice,100,India,187766.0,187839.11,0.9996107839309928
18,Bhutan,2023,Wheat and products,203.81,5.43,2.99,Wheat,100,India,9162.46,9248.96,0.9906475971352456
19,Bolivia (Plurinational State of),2010,Maize and products,219.02,4.8,2.07,Maize,9,Argentina,23307.0,40261.0,0.5788976925560716
19,Bolivia (Plurinational State of),2010,Rice and products,263.46,5.36,0.68,Rice,9,Argentina,2586.0,4268.25,0.6058689158320154
19,Bolivia (Plurinational State of),2010,Wheat and products,394.84,11.88,2.68,Wheat,9,Argentina,222002.0,246850.0,0.8993396799675917
19,Bolivia (Plurinational State of),2011,Maize and products,222.02,4.87,2.1,Maize,9,Argentina,82441.0,85972.0,0.9589284883450424
19,Bolivia (Plurinational State of),2011,Rice and products,264.82,5.39,0.68,Rice,9,Argentina,4894.1,8938.75,0.5475150328625368
19,Bolivia (Plurinational State of),2011,Wheat and products,390.05,11.73,2.67,Wheat,9,Argentina,271967.0,273250.0,0.9953046660567246
19,Bolivia (Plurinational State of),2012,Maize and products,222.84,4.89,2.1,Maize,9,Argentina,3291.0,3923.0,0.8388988019372929
19,Bolivia (Plurinational State of),2012,Rice and products,265.69,5.41,0.69,Rice,21,Brazil,3894.65,5246.3,0.7423612831900578
19,Bolivia (Plurinational State of),2012,Wheat and products,399.38,12.01,2.73,Wheat,9,Argentina,319996.0,320391.0,0.9987671314113068
19,Bolivia (Plurinational State of),2013,Maize and products,209.3,4.6,1.99,Maize,9,Argentina,2457.0,2932.0,0.8379945429740792
19,Bolivia (Plurinational State of),2013,Rice and products,268.64,5.47,0.7,Rice,9,Argentina,45043.8,69729.7,0.645977252160844
19,Bolivia (Plurinational State of),2013,Wheat and products,397.91,11.53,3.26,Wheat,231,United States of America,131497.0,231290.0,0.5685373340827532
19,Bolivia (Plurinational State of),2014,Maize and products,191.14,4.23,1.83,Maize,9,Argentina,2606.06,4759.43,0.547557165458889
19,Bolivia (Plurinational State of),2014,Rice and products,271.35,5.53,0.72,Rice,9,Argentina,79851.88,150843.2,0.5293701008729594
19,Bolivia (Plurinational State of),2014,Wheat and products,390.63,11.72,2.72,Wheat,231,United States of America,141686.2,364497.73,0.388716275407257
19,Bolivia (Plurinational State of),2015,Maize and products,230.89,5.1,2.2,Maize,9,Argentina,3697.05,4582.860000000001,0.806712402299001
19,Bolivia (Plurinational State of),2015,Rice and products,269.43,5.49,0.7,Rice,21,Brazil,41149.22,79007.19,0.5208288005180288
19,Bolivia (Plurinational State of),2015,Wheat and products,407.33,12.27,2.77,Wheat,9,Argentina,212873.5,220953.03,0.9634332690527032
19,Bolivia (Plurinational State of),2017,Maize and products,200.14,4.5,1.98,Maize,9,Argentina,77949.3,79511.75,0.9803494452077838
19,Bolivia (Plurinational State of),2017,Rice and products,269.98,5.49,0.7,Rice,9,Argentina,35746.16,44897.69,0.7961692461237984
19,Bolivia (Plurinational State of),2017,Wheat and products,441.67,13.37,2.89,Wheat,9,Argentina,475830.22,486773.33,0.9775190847041682
19,Bolivia (Plurinational State of),2018,Maize and products,251.28,5.58,2.42,Maize,9,Argentina,27307.37,28738.6,0.9501983395154948
19,Bolivia (Plurinational State of),2018,Rice and products,271.78,5.53,0.71,Rice,9,Argentina,34319.34,51757.55,0.6630789131247519
19,Bolivia (Plurinational State of),2018,Wheat and products,415.73,12.59,2.73,Wheat,9,Argentina,347085.82,351873.59,0.9863934943227765
19,Bolivia (Plurinational State of),2019,Maize and products,255.1,5.64,2.45,Maize,9,Argentina,3714.81,6075.75,0.6114158745833848
19,Bolivia (Plurinational State of),2019,Rice and products,272.34,5.54,0.7,Rice,9,Argentina,26865.12,35255.74,0.7620069809908968
19,Bolivia (Plurinational State of),2019,Wheat and products,373.83,11.35,2.4,Wheat,9,Argentina,371038.33,380724.87,0.9745576379079204
19,Bolivia (Plurinational State of),2020,Maize and products,225.11,5.04,2.19,Maize,9,Argentina,62342.61,63115.92,0.9877477821760342
19,Bolivia (Plurinational State of),2020,Rice and products,289.38,5.89,0.75,Rice,9,Argentina,20676.51,32410.38,0.6379595055658095
19,Bolivia (Plurinational State of),2020,Wheat and products,409.75,12.47,2.64,Wheat,9,Argentina,454196.07,478216.3,0.9497712018599116
19,Bolivia (Plurinational State of),2021,Maize and products,276.02,5.8,2.41,Maize,9,Argentina,28742.69,29052.59,0.9893331369079312
19,Bolivia (Plurinational State of),2021,Rice and products,288.22,5.87,0.75,Rice,9,Argentina,8977.55,15342.65,0.5851368570618505
19,Bolivia (Plurinational State of),2021,Wheat and products,404.11,12.42,2.42,Wheat,9,Argentina,313361.53,320700.77,0.9771149910241874
19,Bolivia (Plurinational State of),2022,Maize and products,253.01,5.32,2.21,Maize,9,Argentina,4291.37,10537.91,0.4072316047489492
19,Bolivia (Plurinational State of),2022,Rice and products,321.92,6.55,0.83,Rice,9,Argentina,11042.31,16195.39,0.6818180976191373
19,Bolivia (Plurinational State of),2022,Wheat and products,379.35,11.52,2.48,Wheat,9,Argentina,173157.79,174907.08000000002,0.9899987467631384
19,Bolivia (Plurinational State of),2023,Maize and products,275.93,5.91,2.5,Maize,21,Brazil,2269.61,6607.64,0.3434826957885115
19,Bolivia (Plurinational State of),2023,Rice and products,360.43,7.34,0.93,Rice,9,Argentina,3525.84,4963.52,0.7103507188446908
19,Bolivia (Plurinational State of),2023,Wheat and products,302.81,9.13,2.09,Wheat,9,Argentina,114300.07,174782.85,0.653954721530173
20,Botswana,2010,Maize and products,438.75,9.17,3.7,Maize,202,South Africa,41077.0,41722.0,0.9845405301759264
20,Botswana,2010,Rice and products,97.35,1.97,0.26,Rice,202,South Africa,34052.8,35399.25000000001,0.961963883415609
20,Botswana,2010,Wheat and products,395.05,12.31,2.79,Wheat,202,South Africa,190892.0,191233.0,0.9982168349604932
20,Botswana,2011,Maize and products,447.47,9.36,3.77,Maize,202,South Africa,60033.0,64123.0,0.9362163342326466
20,Botswana,2011,Rice and products,77.42,1.57,0.22,Rice,202,South Africa,29568.15,30819.25,0.9594052418537116
20,Botswana,2011,Wheat and products,374.02,11.45,3.06,Wheat,202,South Africa,76477.0,76892.0,0.9946028195390938
20,Botswana,2012,Maize and products,439.92,9.2,3.71,Maize,202,South Africa,51919.0,81243.0,0.6390581342392575
20,Botswana,2012,Rice and products,88.27,1.78,0.24,Rice,202,South Africa,29839.05,30910.7,0.9653307754272792
20,Botswana,2012,Wheat and products,398.24,12.18,3.25,Wheat,202,South Africa,31091.0,31109.0,0.9994213893085602
20,Botswana,2013,Maize and products,513.13,10.74,4.32,Maize,202,South Africa,188614.0,190061.0,0.992386654810824
20,Botswana,2013,Rice and products,89.28,1.8,0.24,Rice,202,South Africa,32867.25,34234.950000000004,0.9600495984366852
20,Botswana,2013,Wheat and products,417.85,12.56,3.84,Wheat,202,South Africa,110767.0,111102.0,0.9969847527497254
20,Botswana,2014,Maize and products,660.9,13.82,5.57,Maize,202,South Africa,194988.35,196992.81,0.9898247047696818
20,Botswana,2014,Rice and products,103.12,2.08,0.28,Rice,202,South Africa,33026.33,34421.96,0.9594552431064356
20,Botswana,2014,Wheat and products,408.36,12.67,3.21,Wheat,202,South Africa,117399.0,117403.0,0.9999659293203752
20,Botswana,2015,Maize and products,636.24,13.31,5.36,Maize,202,South Africa,207814.3,209997.53,0.989603544384546
20,Botswana,2015,Rice and products,119.28,2.41,0.32,Rice,202,South Africa,43330.13,44028.12,0.98414672259456
20,Botswana,2015,Wheat and products,402.71,12.47,3.16,Wheat,202,South Africa,98090.06,106847.96,0.91803399896451
20,Botswana,2016,Maize and products,658.08,13.78,5.54,Maize,202,South Africa,204176.24,205086.54,0.9955613859398086
20,Botswana,2016,Rice and products,123.91,2.5,0.33,Rice,202,South Africa,47184.94,47683.23,0.9895499948304676
20,Botswana,2016,Wheat and products,442.25,13.58,3.6,Wheat,202,South Africa,59225.03,94339.15,0.6277884632202008
20,Botswana,2017,Maize and products,732.32,15.3,6.18,Maize,202,South Africa,180049.86,181173.87,0.993795959649148
20,Botswana,2017,Rice and products,110.27,2.23,0.29,Rice,202,South Africa,45140.24,45667.62,0.9884517739264712
20,Botswana,2017,Wheat and products,403.14,12.25,3.59,Wheat,202,South Africa,75585.03,83603.97,0.904084219924006
20,Botswana,2018,Maize and products,676.41,14.15,5.7,Maize,202,South Africa,202337.7,202955.07,0.996958095207969
20,Botswana,2018,Rice and products,116.12,2.35,0.31,Rice,202,South Africa,61264.97,61754.93,0.9920660585316832
20,Botswana,2018,Wheat and products,393.02,12.05,3.24,Wheat,202,South Africa,90473.11,95146.95,0.9508776687008884
20,Botswana,2019,Maize and products,694.36,14.5,5.86,Maize,202,South Africa,243981.1,244879.43,0.9963315416080476
20,Botswana,2019,Rice and products,127.61,2.59,0.33,Rice,202,South Africa,64270.09,65363.93,0.9832653881123732
20,Botswana,2019,Wheat and products,368.81,11.27,3.2,Wheat,202,South Africa,104088.61,104088.76,0.9999985589222122
20,Botswana,2020,Maize and products,643.61,13.44,5.43,Maize,202,South Africa,293923.18,295364.01,0.9951218498150808
20,Botswana,2020,Rice and products,129.53,2.62,0.34,Rice,202,South Africa,69515.11,70279.21,0.9891276524024673
20,Botswana,2020,Wheat and products,397.38,11.93,3.79,Wheat,202,South Africa,135820.86000000002,136740.45,0.9932749234041574
20,Botswana,2021,Maize and products,644.01,13.48,5.42,Maize,202,South Africa,262684.09,264555.4,0.9929265855091222
20,Botswana,2021,Rice and products,116.35,2.36,0.31,Rice,202,South Africa,59887.31,61715.92,0.9703705300026314
20,Botswana,2021,Wheat and products,368.85,11.18,3.37,Wheat,202,South Africa,105732.55,106817.09,0.9898467557953506
20,Botswana,2022,Maize and products,612.56,12.88,5.14,Maize,202,South Africa,246051.01,247599.26,0.9937469522324096
20,Botswana,2022,Rice and products,153.45,3.11,0.4,Rice,202,South Africa,82146.36,84915.55,0.9673888940247104
20,Botswana,2022,Wheat and products,398.02,12.13,3.62,Wheat,202,South Africa,121383.2,121535.97,0.99874300587719
20,Botswana,2023,Maize and products,620.53,13.05,5.21,Maize,202,South Africa,277235.41,277619.44999999995,0.9986166675281578
20,Botswana,2023,Rice and products,160.51,3.24,0.43,Rice,202,South Africa,76840.2,78827.54999999999,0.9747886367139408
20,Botswana,2023,Wheat and products,392.41,12.08,3.48,Wheat,202,South Africa,115173.2,128666.94,0.8951265958450554
21,Brazil,2010,Maize and products,227.88,4.81,2.01,Maize,169,Paraguay,443062.0,462164.0,0.9586683514942748
21,Brazil,2010,Rice and products,306.27,6.23,0.79,Rice,234,Uruguay,651609.1,1318871.2999999998,0.494065721196602
21,Brazil,2010,Wheat and products,414.62,13.06,1.99,Wheat,9,Argentina,4224631.0,6976342.0,0.605565352157334
21,Brazil,2011,Maize and products,227.63,4.8,2.01,Maize,169,Paraguay,619006.0,656336.0,0.943123643987226
21,Brazil,2011,Rice and products,304.29,6.19,0.78,Rice,9,Argentina,417640.75,941243.9,0.4437115077186688
21,Brazil,2011,Wheat and products,376.4,11.85,1.81,Wheat,9,Argentina,5218462.0,6460318.0,0.8077716917340602
21,Brazil,2012,Maize and products,229.53,4.84,2.02,Maize,169,Paraguay,824314.0,830443.0,0.9926196018269768
21,Brazil,2012,Rice and products,294.75,6.0,0.76,Rice,9,Argentina,414981.25,1118299.0,0.3710825548444557
21,Brazil,2012,Wheat and products,373.03,11.74,1.79,Wheat,9,Argentina,5668102.0,7236481.0,0.7832677236352863
21,Brazil,2013,Maize and products,234.61,4.93,2.05,Maize,169,Paraguay,827298.0,911388.0,0.907734137381664
21,Brazil,2013,Rice and products,294.95,6.0,0.76,Rice,169,Paraguay,413272.8,1183224.8,0.3492766547827597
21,Brazil,2013,Wheat and products,374.46,11.78,1.81,Wheat,231,United States of America,3475410.0,7483601.0,0.4644034335876538
21,Brazil,2014,Maize and products,239.34,5.04,2.11,Maize,169,Paraguay,768142.07,772885.64,0.9938625202041532
21,Brazil,2014,Rice and products,305.05,6.21,0.79,Rice,169,Paraguay,426009.53,949272.05,0.4487749639315726
21,Brazil,2014,Wheat and products,376.67,11.87,1.79,Wheat,231,United States of America,2639715.93,6053475.36,0.4360661889272149
21,Brazil,2015,Maize and products,236.71,4.99,2.09,Maize,169,Paraguay,367315.8,369990.18,0.9927717541043928
21,Brazil,2015,Rice and products,300.02,6.1,0.77,Rice,169,Paraguay,392844.84,562211.53,0.6987491700855014
21,Brazil,2015,Wheat and products,339.34,10.68,1.64,Wheat,9,Argentina,4114145.35,5497874.68,0.7483155927446495
21,Brazil,2016,Maize and products,232.79,4.9,2.05,Maize,169,Paraguay,1465053.44,2902560.26,0.5047452279250871
21,Brazil,2016,Rice and products,275.26,5.6,0.71,Rice,169,Paraguay,594052.65,1179463.64,0.5036633855029224
21,Brazil,2016,Wheat and products,374.25,11.78,1.81,Wheat,9,Argentina,4291541.01,7253224.66,0.5916735260755042
21,Brazil,2017,Maize and products,242.25,5.1,2.13,Maize,169,Paraguay,774664.92,1324670.02,0.5847984088897853
21,Brazil,2017,Rice and products,319.83,6.51,0.82,Rice,169,Paraguay,705733.89,1273127.32,0.5543309603944403
21,Brazil,2017,Wheat and products,342.16,10.77,1.65,Wheat,9,Argentina,5428876.79,6449496.62,0.8417520172295245
21,Brazil,2018,Maize and products,245.6,5.2,2.18,Maize,169,Paraguay,704689.05,924239.37,0.7624529671355593
21,Brazil,2018,Rice and products,291.31,5.93,0.75,Rice,169,Paraguay,676234.8899999999,962100.67,0.7028733178202651
21,Brazil,2018,Wheat and products,373.35,11.78,1.77,Wheat,9,Argentina,6262540.51,7172567.21,0.8731239912633736
21,Brazil,2019,Maize and products,235.05,4.95,2.07,Maize,169,Paraguay,1362933.38,1459967.72,0.9335366538104006
21,Brazil,2019,Rice and products,248.15,5.05,0.64,Rice,169,Paraguay,734003.6799999999,1085265.7999999998,0.6763354009681315
21,Brazil,2019,Wheat and products,373.38,11.78,1.77,Wheat,9,Argentina,5726519.39,6949258.62,0.8240475283966334
21,Brazil,2020,Maize and products,236.36,4.98,2.08,Maize,169,Paraguay,1268374.41,1372308.5499999998,0.924263286124684
21,Brazil,2020,Rice and products,257.38,5.24,0.66,Rice,169,Paraguay,668622.6799999999,1387888.64,0.4817552797319531
21,Brazil,2020,Wheat and products,371.0,11.7,1.77,Wheat,9,Argentina,4787996.13,6423905.18,0.7453404114535825
21,Brazil,2021,Maize and products,254.93,5.4,2.27,Maize,169,Paraguay,1806885.38,3205562.54,0.5636718539891596
21,Brazil,2021,Rice and products,253.17,5.15,0.65,Rice,169,Paraguay,674365.81,1075287.8,0.6271491316092306
21,Brazil,2021,Wheat and products,372.95,11.78,1.73,Wheat,9,Argentina,5715834.55,6536567.109999999,0.8744398173860408
21,Brazil,2022,Maize and products,241.13,5.09,2.13,Maize,169,Paraguay,2334261.8,2637323.83,0.8850872894133748
21,Brazil,2022,Rice and products,271.42,5.52,0.7,Rice,169,Paraguay,847510.91,1329156.35,0.6376307121430823
21,Brazil,2022,Wheat and products,372.87,11.78,1.73,Wheat,9,Argentina,4718211.79,6016459.26,0.7842173587659265
21,Brazil,2023,Maize and products,243.15,5.12,2.14,Maize,169,Paraguay,1358283.3,1359981.12,0.9987515856102472
21,Brazil,2023,Rice and products,275.35,5.6,0.71,Rice,169,Paraguay,965925.68,1597817.22,0.6045282701359296
21,Brazil,2023,Wheat and products,371.46,11.72,1.76,Wheat,9,Argentina,2508735.14,4459818.11,0.5625196091237004
23,Belize,2010,Maize and products,315.94,6.65,2.65,Maize,231,United States of America,207.0,288.0,0.71875
23,Belize,2010,Rice and products,274.0,5.57,0.71,Rice,231,United States of America,183.75,217.95,0.8430832759807295
23,Belize,2010,Wheat and products,430.22,12.23,4.85,Wheat,231,United States of America,21581.0,21597.0,0.9992591563643098
23,Belize,2011,Maize and products,288.5,6.09,2.41,Maize,231,United States of America,315.0,334.0,0.94311377245509
23,Belize,2011,Rice and products,273.29,5.56,0.7,Rice,231,United States of America,89.85,140.75,0.6383658969804618
23,Belize,2011,Wheat and products,423.79,12.09,4.69,Wheat,231,United States of America,13749.0,14142.0,0.9722104369961816
23,Belize,2012,Maize and products,276.31,5.83,2.31,Maize,231,United States of America,225.0,405.0,0.5555555555555556
23,Belize,2012,Rice and products,269.23,5.48,0.69,Rice,231,United States of America,152.65,152.65,1.0
23,Belize,2012,Wheat and products,414.51,11.7,4.86,Wheat,231,United States of America,12333.0,12697.0,0.9713318106639364
23,Belize,2013,Maize and products,303.75,6.41,2.54,Maize,21,Brazil,349.0,473.0,0.7378435517970402
23,Belize,2013,Rice and products,256.53,5.22,0.66,Rice,231,United States of America,194.35,195.25,0.9953905249679896
23,Belize,2013,Wheat and products,415.74,11.81,4.72,Wheat,231,United States of America,12401.0,14324.0,0.8657497905612958
23,Belize,2022,Maize and products,408.13,8.64,3.41,Maize,138,Mexico,184.14,495.77,0.3714222320834258
23,Belize,2022,Rice and products,214.66,4.37,0.56,Rice,231,United States of America,277.16,291.72,0.9500891265597148
23,Belize,2022,Wheat and products,388.89,11.37,4.16,Wheat,231,United States of America,20457.02,20870.82,0.980173275415149
25,Solomon Islands,2011,Maize and products,1.31,0.03,0.01,Maize,9,Argentina,23.0,35.0,0.6571428571428571
25,Solomon Islands,2011,Rice and products,598.99,12.18,1.55,Rice,10,Australia,32238.0,49544.3,0.6506903922348282
25,Solomon Islands,2011,Wheat and products,211.29,6.29,1.77,Wheat,10,Australia,15956.0,16256.0,0.9815452755905512
25,Solomon Islands,2012,Maize and products,1.43,0.03,0.02,Maize,9,Argentina,35.0,71.0,0.4929577464788732
25,Solomon Islands,2012,Rice and products,633.89,12.89,1.64,Rice,10,Australia,80211.0,83625.45,0.959169726440934
25,Solomon Islands,2012,Wheat and products,182.53,5.53,1.29,Wheat,10,Australia,10344.0,10767.0,0.9607132906101978
25,Solomon Islands,2013,Maize and products,1.34,0.03,0.01,Maize,231,United States of America,51.0,52.0,0.9807692307692308
25,Solomon Islands,2013,Rice and products,625.49,12.72,1.61,Rice,10,Australia,84998.65,90083.25,0.9435566545389958
25,Solomon Islands,2013,Wheat and products,165.6,5.05,1.15,Wheat,10,Australia,12467.0,12897.0,0.9666589129254866
25,Solomon Islands,2017,Maize and products,4.45,0.11,0.05,Maize,9,Argentina,345.98,400.9,0.8630082314791718
25,Solomon Islands,2017,Rice and products,575.65,11.71,1.5,Rice,237,Viet Nam,58639.18,81884.23999999999,0.7161229071674843
25,Solomon Islands,2017,Wheat and products,212.35,6.37,1.92,Wheat,10,Australia,5451.18,5676.31,0.9603386707209436
25,Solomon Islands,2018,Maize and products,4.72,0.12,0.06,Maize,8,Antigua and Barbuda,193.72,382.38,0.506616454835504
25,Solomon Islands,2018,Rice and products,588.1,11.96,1.52,Rice,237,Viet Nam,40973.13,79883.59,0.5129104738532657
25,Solomon Islands,2018,Wheat and products,216.46,6.53,1.84,Wheat,10,Australia,22273.67,22469.96,0.9912643369191578
27,Bulgaria,2010,Maize and products,187.84,3.88,1.6,Maize,97,Hungary,47308.0,116908.0,0.4046600745885653
27,Bulgaria,2010,Rice and products,16.84,0.37,0.11,Rice,183,Romania,10327.15,39570.7,0.2609797147889726
27,Bulgaria,2010,Wheat and products,790.26,24.57,3.75,Wheat,11,Austria,13036.0,35797.0,0.3641645947984468
27,Bulgaria,2011,Maize and products,202.03,4.18,1.72,Maize,97,Hungary,43356.0,87921.0,0.4931245095028491
27,Bulgaria,2011,Rice and products,33.59,0.75,0.23,Rice,84,Greece,10074.9,42418.15,0.2375138944060502
27,Bulgaria,2011,Wheat and products,802.56,24.97,3.83,Wheat,183,Romania,12935.0,33302.0,0.3884151102035914
27,Bulgaria,2012,Maize and products,209.08,4.32,1.78,Maize,97,Hungary,48464.0,92002.0,0.5267711571487577
27,Bulgaria,2012,Rice and products,16.59,0.37,0.11,Rice,203,Spain,9964.0,30419.75,0.3275503579089243
27,Bulgaria,2012,Wheat and products,867.11,27.14,4.29,Wheat,183,Romania,24702.0,49617.0,0.4978535582562428
27,Bulgaria,2013,Maize and products,202.22,4.18,1.72,Maize,183,Romania,25228.0,41409.0,0.6092395372986549
27,Bulgaria,2013,Rice and products,29.56,0.66,0.2,Rice,203,Spain,16291.0,45839.2,0.3553945095027837
27,Bulgaria,2013,Wheat and products,833.42,26.16,4.24,Wheat,183,Romania,11282.0,38910.0,0.2899511693652017
27,Bulgaria,2014,Maize and products,270.35,5.59,2.3,Maize,84,Greece,9658.6,29232.6,0.3304050956808494
27,Bulgaria,2014,Rice and products,32.99,0.74,0.22,Rice,203,Spain,29599.27,73568.9,0.402334002547272
27,Bulgaria,2014,Wheat and products,900.2,28.41,4.3,Wheat,11,Austria,10650.3,33514.23,0.3177844157541438
27,Bulgaria,2015,Maize and products,194.3,4.02,1.65,Maize,272,Serbia,21318.1,60631.8,0.351599325766347
27,Bulgaria,2015,Rice and products,35.13,0.78,0.24,Rice,28,Myanmar,22054.0,63169.6,0.3491236290874091
27,Bulgaria,2015,Wheat and products,809.05,25.55,3.84,Wheat,84,Greece,11375.9,34713.7,0.3277063522470955
27,Bulgaria,2016,Maize and products,301.6,6.24,2.56,Maize,183,Romania,21972.51,41478.71,0.5297298300742718
27,Bulgaria,2016,Rice and products,15.59,0.34,0.1,Rice,84,Greece,14146.14,50706.71,0.2789796458890746
27,Bulgaria,2016,Wheat and products,807.87,25.48,3.91,Wheat,97,Hungary,11199.93,41396.46,0.2705528443736493
27,Bulgaria,2017,Maize and products,269.12,5.57,2.29,Maize,272,Serbia,192389.72,356155.93000000005,0.5401839581893245
27,Bulgaria,2017,Rice and products,18.36,0.41,0.12,Rice,84,Greece,19954.81,45926.16,0.4344976806247245
27,Bulgaria,2017,Wheat and products,824.22,26.04,3.92,Wheat,68,France,31301.36,73201.97,0.427602699763408
27,Bulgaria,2018,Maize and products,262.45,5.43,2.23,Maize,183,Romania,10020.79,22403.08,0.4472951933394872
27,Bulgaria,2018,Rice and products,25.5,0.57,0.17,Rice,28,Myanmar,21774.0,53063.17,0.410341108531586
27,Bulgaria,2018,Wheat and products,739.1,23.26,3.68,Wheat,11,Austria,17161.870000000003,62406.94,0.2749993830814329
27,Bulgaria,2019,Maize and products,166.88,3.45,1.42,Maize,183,Romania,12696.5,26524.28,0.4786746332039927
27,Bulgaria,2019,Rice and products,28.13,0.62,0.18,Rice,41,"China, mainland",28113.43,81931.18,0.3431346893819911
27,Bulgaria,2019,Wheat and products,714.23,22.5,3.49,Wheat,183,Romania,31984.870000000003,74097.2,0.4316609804419061
27,Bulgaria,2020,Maize and products,135.4,2.8,1.15,Maize,183,Romania,8656.46,27844.3,0.3108880453090938
27,Bulgaria,2020,Rice and products,33.94,0.76,0.23,Rice,41,"China, mainland",46161.05,113666.96,0.4061078962611474
27,Bulgaria,2020,Wheat and products,706.44,22.22,3.49,Wheat,84,Greece,16357.570000000002,48140.55,0.3397877672772745
27,Bulgaria,2021,Maize and products,163.87,3.39,1.39,Maize,183,Romania,42450.96,88125.73999999999,0.4817089762877453
27,Bulgaria,2021,Rice and products,16.23,0.36,0.11,Rice,41,"China, mainland",29299.21,66009.2,0.4438655520745593
27,Bulgaria,2021,Wheat and products,762.82,23.82,3.99,Wheat,203,Spain,31103.11,69721.94,0.446102188206467
27,Bulgaria,2022,Maize and products,258.43,5.34,2.2,Maize,183,Romania,53737.17,95911.16,0.5602806805798198
27,Bulgaria,2022,Rice and products,31.59,0.7,0.21,Rice,28,Myanmar,85798.48,175491.44999999998,0.4889040463224847
27,Bulgaria,2022,Wheat and products,481.33,14.91,2.91,Wheat,230,Ukraine,20376.78,65647.49,0.3103969397763722
27,Bulgaria,2023,Maize and products,226.92,4.69,1.93,Maize,183,Romania,10062.56,35348.37,0.2846682888065276
27,Bulgaria,2023,Rice and products,27.63,0.62,0.19,Rice,28,Myanmar,49768.06,130506.68,0.3813449242598156
27,Bulgaria,2023,Wheat and products,563.29,17.35,3.59,Wheat,183,Romania,38449.96,78690.17,0.4886246909874511
28,Myanmar,2014,Maize and products,32.59,0.67,0.28,Maize,216,Thailand,2057.55,3163.08,0.650489396411093
28,Myanmar,2014,Rice and products,1211.01,24.64,3.12,Rice,131,Malaysia,59.57,96.01,0.6204562024789085
28,Myanmar,2014,Wheat and products,60.88,1.91,0.31,Wheat,200,Singapore,4035.8,14880.94,0.27120598564338
28,Myanmar,2015,Maize and products,32.64,0.68,0.28,Maize,216,Thailand,3841.29,5304.74,0.7241240852520576
28,Myanmar,2015,Rice and products,1216.04,24.74,3.14,Rice,237,Viet Nam,523.63,762.01,0.6871694597183764
28,Myanmar,2015,Wheat and products,52.41,1.64,0.28,Wheat,200,Singapore,6169.62,14631.7,0.4216611876952096
28,Myanmar,2016,Maize and products,33.81,0.7,0.29,Maize,216,Thailand,3306.15,6144.34,0.5380805749681821
28,Myanmar,2016,Rice and products,1209.37,24.6,3.12,Rice,216,Thailand,604.22,1495.04,0.4041497217465754
28,Myanmar,2016,Wheat and products,64.38,2.0,0.37,Wheat,10,Australia,24838.95,43154.23,0.5755855219754819
28,Myanmar,2017,Maize and products,32.77,0.68,0.28,Maize,216,Thailand,3900.91,8049.53,0.4846133873654735
28,Myanmar,2017,Rice and products,1212.53,24.67,3.13,Rice,216,Thailand,1427.67,2653.98,0.5379354780367599
28,Myanmar,2017,Wheat and products,91.06,2.81,0.54,Wheat,10,Australia,51745.39,109642.11,0.4719481410928702
28,Myanmar,2018,Maize and products,33.71,0.7,0.29,Maize,100,India,5842.04,12197.03,0.4789723399876855
28,Myanmar,2018,Rice and products,1208.15,24.58,3.12,Rice,117,Republic of Korea,1170.0,3142.87,0.3722712043450731
28,Myanmar,2018,Wheat and products,78.02,2.33,0.57,Wheat,10,Australia,297177.76,400049.94,0.7428516549708769
28,Myanmar,2019,Maize and products,27.0,0.56,0.23,Maize,100,India,7545.1,12146.070000000002,0.6211968151015101
28,Myanmar,2019,Rice and products,1172.68,23.85,3.03,Rice,41,"China, mainland",1350.0,2757.03,0.4896573486686761
28,Myanmar,2019,Wheat and products,83.72,2.55,0.52,Wheat,10,Australia,219368.37,508509.47,0.4313948568155476
28,Myanmar,2020,Maize and products,24.6,0.51,0.21,Maize,100,India,5605.1,11018.14,0.5087156271385188
28,Myanmar,2020,Rice and products,1589.34,32.33,4.1,Rice,117,Republic of Korea,600.0,1761.42,0.3406342609939707
28,Myanmar,2020,Wheat and products,88.58,2.71,0.53,Wheat,10,Australia,245314.41,507155.39,0.4837066012450345
28,Myanmar,2021,Maize and products,22.85,0.47,0.19,Maize,100,India,6745.22,13574.21,0.4969143692340106
28,Myanmar,2021,Rice and products,1631.15,33.18,4.21,Rice,41,"China, mainland",482.09,779.93,0.6181195748336389
28,Myanmar,2021,Wheat and products,74.21,2.26,0.46,Wheat,10,Australia,347086.3,457808.34,0.7581476126013782
28,Myanmar,2022,Maize and products,20.25,0.42,0.17,Maize,100,India,7112.53,14204.61,0.5007198367290618
28,Myanmar,2022,Rice and products,1639.06,33.34,4.23,Rice,100,India,272.43,272.43,1.0
28,Myanmar,2022,Wheat and products,52.02,1.57,0.34,Wheat,10,Australia,157265.05,264774.0,0.5939595655162515
28,Myanmar,2023,Maize and products,26.47,0.55,0.22,Maize,216,Thailand,7271.18,10598.47,0.6860594029138168
28,Myanmar,2023,Rice and products,1634.74,33.25,4.22,Rice,117,Republic of Korea,1895.82,1897.82,0.9989461592774868
28,Myanmar,2023,Wheat and products,53.74,1.68,0.3,Wheat,10,Australia,272272.9,375701.94,0.7247045357285087
32,Cameroon,2010,Maize and products,362.34,7.49,3.08,Maize,202,South Africa,10437.0,14750.0,0.7075932203389831
32,Cameroon,2010,Rice and products,227.85,4.74,0.8,Rice,216,Thailand,426513.0,726374.6,0.5871804988775764
32,Cameroon,2010,Wheat and products,152.27,4.98,0.87,Wheat,68,France,296292.0,388792.0,0.7620835819667071
32,Cameroon,2011,Maize and products,358.99,7.42,3.05,Maize,68,France,2727.0,6081.0,0.4484459792797237
32,Cameroon,2011,Rice and products,249.82,5.2,0.88,Rice,216,Thailand,513382.0,983458.7,0.5220168371076488
32,Cameroon,2011,Wheat and products,159.34,5.22,0.91,Wheat,68,France,320301.0,429370.0,0.7459789924773506
32,Cameroon,2012,Maize and products,373.05,7.72,3.17,Maize,68,France,5996.0,17284.0,0.3469104373987502
32,Cameroon,2012,Rice and products,249.67,5.19,0.89,Rice,216,Thailand,499943.3,1087046.25,0.4599098704401951
32,Cameroon,2012,Wheat and products,164.87,5.42,0.94,Wheat,68,France,382266.0,514335.0,0.7432237743882878
32,Cameroon,2014,Maize and products,363.91,7.53,3.09,Maize,8,Antigua and Barbuda,14649.38,33588.26,0.4361458438156665
32,Cameroon,2014,Rice and products,243.77,5.06,0.84,Rice,216,Thailand,998000.33,1162070.39,0.8588122876102195
32,Cameroon,2014,Wheat and products,168.42,5.53,0.94,Wheat,68,France,370265.57,546947.63,0.676967134860791
32,Cameroon,2015,Maize and products,367.32,7.6,3.12,Maize,9,Argentina,7737.16,9082.39,0.8518859022790257
32,Cameroon,2015,Rice and products,273.13,5.7,1.0,Rice,216,Thailand,917277.14,1296017.5,0.7077660139620029
32,Cameroon,2015,Wheat and products,169.86,5.59,0.93,Wheat,68,France,355711.97,624033.85,0.5700203121994103
32,Cameroon,2016,Maize and products,375.01,7.76,3.19,Maize,9,Argentina,20996.29,31959.47,0.6569661511908677
32,Cameroon,2016,Rice and products,277.26,5.81,1.08,Rice,216,Thailand,976187.0,1205101.26,0.81004562222431
32,Cameroon,2016,Wheat and products,160.16,5.28,0.86,Wheat,68,France,314497.0,616953.23,0.509758251853224
32,Cameroon,2017,Maize and products,378.58,7.83,3.22,Maize,9,Argentina,35429.6,45967.86,0.770747213379087
32,Cameroon,2017,Rice and products,280.1,5.87,1.09,Rice,216,Thailand,1212399.25,1427448.46,0.8493471280917562
32,Cameroon,2017,Wheat and products,169.1,5.56,0.91,Wheat,185,Russian Federation,298571.0,686323.53,0.4350295260895397
32,Cameroon,2018,Maize and products,378.69,7.83,3.22,Maize,9,Argentina,12222.4,13711.19,0.8914178856831537
32,Cameroon,2018,Rice and products,287.2,6.06,1.19,Rice,216,Thailand,932035.3,1086843.98,0.8575612665214377
32,Cameroon,2018,Wheat and products,187.72,6.12,1.08,Wheat,185,Russian Federation,459425.0,750848.73,0.6118742452957202
32,Cameroon,2019,Maize and products,374.99,7.75,3.19,Maize,9,Argentina,14165.14,14678.65,0.9650165376243728
32,Cameroon,2019,Rice and products,288.27,6.06,1.16,Rice,216,Thailand,1173775.44,1749930.95,0.670755288944401
32,Cameroon,2019,Wheat and products,216.83,7.07,1.24,Wheat,185,Russian Federation,383614.7,861930.56,0.4450645072846703
32,Cameroon,2020,Maize and products,366.49,7.58,3.11,Maize,9,Argentina,19081.1,19615.33,0.972764669266334
32,Cameroon,2020,Rice and products,248.02,5.19,0.95,Rice,216,Thailand,492034.26,1138659.05,0.4321172874356024
32,Cameroon,2020,Wheat and products,203.17,6.65,1.16,Wheat,185,Russian Federation,395597.21,855913.84,0.4621927950131055
32,Cameroon,2021,Maize and products,370.56,7.66,3.15,Maize,9,Argentina,25795.33,34081.98,0.7568612504320464
32,Cameroon,2021,Rice and products,307.87,6.4,1.09,Rice,100,India,573638.75,1528470.61,0.3753024403917063
32,Cameroon,2021,Wheat and products,241.97,7.95,1.38,Wheat,185,Russian Federation,524019.81,968250.76,0.5412025806207474
32,Cameroon,2022,Maize and products,343.91,7.11,2.92,Maize,9,Argentina,11590.06,12156.22,0.953426311797582
32,Cameroon,2022,Rice and products,308.98,6.47,1.19,Rice,100,India,992289.92,1644234.71,0.6034965166256586
32,Cameroon,2022,Wheat and products,229.62,7.49,1.4,Wheat,68,France,292596.96,921445.16,0.317541371642779
32,Cameroon,2023,Maize and products,341.42,7.06,2.9,Maize,9,Argentina,33790.73,39991.41,0.8449497029487082
32,Cameroon,2023,Rice and products,275.2,5.76,1.06,Rice,100,India,745303.77,1236789.0,0.6026119006556494
32,Cameroon,2023,Wheat and products,231.02,7.51,1.45,Wheat,68,France,247300.98,887633.8300000001,0.2786069791864512
33,Canada,2010,Maize and products,108.1,2.24,0.92,Maize,231,United States of America,1579686.0,1582599.0,0.9981593568554004
33,Canada,2010,Rice and products,94.05,1.94,0.32,Rice,231,United States of America,376435.4,651650.2500000001,0.5776647826038583
33,Canada,2010,Wheat and products,638.41,19.43,4.57,Wheat,231,United States of America,230273.0,232817.0,0.9890729628850128
33,Canada,2011,Maize and products,111.04,2.3,0.94,Maize,231,United States of America,1072300.0,1075462.0,0.9970598682240748
33,Canada,2011,Rice and products,95.94,1.98,0.33,Rice,231,United States of America,366744.05,638165.65,0.5746847233159603
33,Canada,2011,Wheat and products,593.38,18.09,4.19,Wheat,231,United States of America,164751.0,167635.0,0.9827959554985534
33,Canada,2012,Maize and products,111.92,2.31,0.95,Maize,231,United States of America,637289.0,651458.0,0.9782503246563862
33,Canada,2012,Rice and products,96.38,1.99,0.33,Rice,231,United States of America,366440.2,615898.35,0.5949686340286511
33,Canada,2012,Wheat and products,648.95,19.65,4.92,Wheat,231,United States of America,387314.0,403731.0,0.9593367861273968
33,Canada,2013,Maize and products,113.57,2.35,0.97,Maize,231,United States of America,865861.0,886492.0,0.97672737035416
33,Canada,2013,Rice and products,127.4,2.63,0.43,Rice,231,United States of America,514175.95,919673.1,0.5590855598581713
33,Canada,2013,Wheat and products,584.39,17.76,4.28,Wheat,231,United States of America,158211.0,168097.0,0.941188718418532
33,Canada,2014,Maize and products,111.2,2.3,0.95,Maize,231,United States of America,981305.94,1029498.77,0.9531880645180372
33,Canada,2014,Rice and products,97.89,2.02,0.35,Rice,231,United States of America,372071.96,681041.28,0.5463280581171233
33,Canada,2014,Wheat and products,531.37,16.8,2.49,Wheat,231,United States of America,218888.58,252383.43,0.8672858594559872
33,Canada,2015,Maize and products,130.86,2.71,1.11,Maize,231,United States of America,1406532.79,1472027.85,0.9555069151714758
33,Canada,2015,Rice and products,91.71,1.89,0.3,Rice,231,United States of America,340027.64,684662.71,0.4966352556282787
33,Canada,2015,Wheat and products,537.43,16.95,2.57,Wheat,231,United States of America,173962.93,235079.03,0.740018920445605
33,Canada,2016,Maize and products,126.01,2.61,1.07,Maize,231,United States of America,1093365.31,1173470.8,0.931736273284346
33,Canada,2016,Rice and products,102.3,2.11,0.34,Rice,231,United States of America,438956.12,808284.4,0.5430713743825811
33,Canada,2016,Wheat and products,523.31,16.5,2.5,Wheat,231,United States of America,220148.69,261330.47000000003,0.8424149315615588
33,Canada,2017,Maize and products,129.95,2.69,1.1,Maize,231,United States of America,1121046.93,1201225.13,0.9332529781490668
33,Canada,2017,Rice and products,90.42,1.86,0.3,Rice,231,United States of America,363742.41,764738.6599999999,0.4756427640260792
33,Canada,2017,Wheat and products,540.8,17.01,2.58,Wheat,231,United States of America,158759.55,208751.44,0.7605195442005095
33,Canada,2018,Maize and products,132.93,2.75,1.13,Maize,231,United States of America,1984458.74,2033769.5,0.9757540075215012
33,Canada,2018,Rice and products,90.29,1.85,0.29,Rice,231,United States of America,378008.99,714731.5,0.5288825104252436
33,Canada,2018,Wheat and products,570.85,17.32,2.87,Wheat,231,United States of America,153460.06,183946.83,0.834263140060636
33,Canada,2019,Maize and products,128.77,2.66,1.09,Maize,231,United States of America,2240785.4,2318311.98,0.9665590392195618
33,Canada,2019,Rice and products,125.45,2.57,0.39,Rice,231,United States of America,436223.9,1007989.76,0.4327662019106226
33,Canada,2019,Wheat and products,562.87,17.09,2.83,Wheat,231,United States of America,282694.74,308348.6,0.9168024112968244
33,Canada,2020,Maize and products,134.45,2.78,1.14,Maize,231,United States of America,1767971.98,1792345.3,0.986401437267696
33,Canada,2020,Rice and products,109.87,2.25,0.34,Rice,231,United States of America,403831.28,881700.74,0.4580139969033031
33,Canada,2020,Wheat and products,591.29,17.96,2.97,Wheat,231,United States of America,322449.95,348024.80000000005,0.9265142886369016
33,Canada,2021,Maize and products,158.45,3.28,1.35,Maize,231,United States of America,2841521.29,2843795.1,0.9992004311421736
33,Canada,2021,Rice and products,91.38,1.87,0.29,Rice,231,United States of America,393557.82,751036.17,0.5240197952117273
33,Canada,2021,Wheat and products,561.11,17.13,2.81,Wheat,231,United States of America,389511.75,416343.19,0.9355545121321668
33,Canada,2022,Maize and products,142.0,2.94,1.21,Maize,231,United States of America,4872603.56,4875005.029999999,0.999507391277502
33,Canada,2022,Rice and products,117.18,2.4,0.36,Rice,231,United States of America,413219.1,973104.59,0.4246399659876231
33,Canada,2022,Wheat and products,536.75,16.39,2.7,Wheat,231,United States of America,177701.85,197780.00000000003,0.898482404692082
33,Canada,2023,Maize and products,153.38,3.17,1.3,Maize,231,United States of America,3075276.65,3102321.37,0.9912824247476336
33,Canada,2023,Rice and products,143.86,2.95,0.45,Rice,100,India,510246.64,1682923.3,0.303190668285358
33,Canada,2023,Wheat and products,541.53,16.59,2.67,Wheat,231,United States of America,206905.23,283604.61000000004,0.729555242420072
35,Cabo Verde,2010,Maize and products,375.8,7.79,3.19,Maize,9,Argentina,12561.0,20425.0,0.6149816401468788
35,Cabo Verde,2010,Rice and products,546.06,11.11,1.41,Rice,216,Thailand,33800.0,69119.9,0.4890053371026289
35,Cabo Verde,2010,Wheat and products,288.86,9.11,2.41,Wheat,68,France,9351.0,20245.0,0.4618918251420104
35,Cabo Verde,2011,Maize and products,383.34,7.94,3.25,Maize,9,Argentina,14347.0,16877.0,0.8500918409669965
35,Cabo Verde,2011,Rice and products,454.74,9.25,1.17,Rice,216,Thailand,27610.5,66082.45,0.417818951930505
35,Cabo Verde,2011,Wheat and products,288.26,9.14,2.41,Wheat,68,France,17669.0,22795.0,0.7751261241500329
35,Cabo Verde,2012,Maize and products,392.65,8.13,3.33,Maize,9,Argentina,17095.0,20283.0,0.8428240398363162
35,Cabo Verde,2012,Rice and products,505.23,10.28,1.3,Rice,216,Thailand,21640.0,62156.05,0.3481559719448066
35,Cabo Verde,2012,Wheat and products,256.54,8.16,2.17,Wheat,68,France,14408.0,19483.0,0.7395165015654673
35,Cabo Verde,2013,Maize and products,403.89,8.36,3.43,Maize,169,Paraguay,19001.0,29803.0,0.6375532664496862
35,Cabo Verde,2013,Rice and products,496.02,10.09,1.28,Rice,216,Thailand,48454.0,72456.3,0.6687341197383803
35,Cabo Verde,2013,Wheat and products,316.58,10.01,2.59,Wheat,79,Germany,9900.0,25940.0,0.3816499614494988
35,Cabo Verde,2014,Maize and products,379.96,7.86,3.23,Maize,169,Paraguay,10500.0,23836.44,0.440502021274989
35,Cabo Verde,2014,Rice and products,406.77,8.29,1.08,Rice,216,Thailand,36391.72,60096.36,0.6055561435002054
35,Cabo Verde,2014,Wheat and products,315.42,10.09,2.52,Wheat,68,France,24840.5,26605.95,0.9336445419163758
35,Cabo Verde,2015,Maize and products,395.81,8.2,3.36,Maize,9,Argentina,18291.35,18526.36,0.9873148314077888
35,Cabo Verde,2015,Rice and products,479.62,9.76,1.24,Rice,216,Thailand,40254.8,71130.52,0.5659286618458574
35,Cabo Verde,2015,Wheat and products,282.45,8.91,2.37,Wheat,68,France,19508.5,21972.48,0.8878606329372014
35,Cabo Verde,2016,Maize and products,472.64,9.79,4.01,Maize,9,Argentina,12283.04,26435.08,0.4646492463801887
35,Cabo Verde,2016,Rice and products,348.83,7.1,0.9,Rice,216,Thailand,29374.52,53058.65,0.5536235844673771
35,Cabo Verde,2016,Wheat and products,347.62,10.94,2.88,Wheat,68,France,16971.07,27131.73,0.6255063720595775
35,Cabo Verde,2017,Maize and products,437.12,9.05,3.71,Maize,9,Argentina,25285.7,29644.13,0.8529749397266845
35,Cabo Verde,2017,Rice and products,432.55,8.8,1.12,Rice,216,Thailand,35652.06,71075.63,0.50160737231594
35,Cabo Verde,2017,Wheat and products,334.58,10.48,2.85,Wheat,185,Russian Federation,19717.2,24453.0,0.8063305115936695
35,Cabo Verde,2018,Maize and products,562.27,11.64,4.78,Maize,9,Argentina,33568.14,44337.81,0.7570996402393353
35,Cabo Verde,2018,Rice and products,372.48,7.58,0.96,Rice,216,Thailand,24215.48,49520.14,0.4890026562929749
35,Cabo Verde,2018,Wheat and products,319.73,9.98,2.68,Wheat,185,Russian Federation,7979.8,22099.09,0.361091791562458
35,Cabo Verde,2019,Maize and products,476.66,9.87,4.05,Maize,9,Argentina,19637.72,28414.160000000003,0.6911244252865473
35,Cabo Verde,2019,Rice and products,514.29,10.46,1.33,Rice,216,Thailand,27963.94,73564.74,0.380126946686687
35,Cabo Verde,2019,Wheat and products,334.58,10.31,3.09,Wheat,68,France,13640.36,23340.87,0.5843980965576691
35,Cabo Verde,2020,Maize and products,484.55,10.03,4.12,Maize,9,Argentina,38664.0,39024.54,0.9907611979539028
35,Cabo Verde,2020,Rice and products,507.69,10.33,1.31,Rice,21,Brazil,22256.99,54652.1,0.4072485778222612
35,Cabo Verde,2020,Wheat and products,378.28,11.94,2.97,Wheat,185,Russian Federation,15047.9,27302.59,0.5511528393460108
35,Cabo Verde,2021,Maize and products,451.34,9.34,3.83,Maize,9,Argentina,16114.18,16451.260000000002,0.9795103840070608
35,Cabo Verde,2021,Rice and products,567.05,11.54,1.46,Rice,216,Thailand,39697.3,76470.91,0.5191163541796482
35,Cabo Verde,2021,Wheat and products,392.1,12.14,3.27,Wheat,185,Russian Federation,11993.0,20870.37,0.5746424236848701
35,Cabo Verde,2022,Maize and products,445.61,9.23,3.78,Maize,9,Argentina,25614.48,28703.8,0.8923724384924644
35,Cabo Verde,2022,Rice and products,541.34,11.01,1.4,Rice,21,Brazil,26189.54,74798.1,0.3501364339468515
35,Cabo Verde,2022,Wheat and products,337.56,10.63,2.86,Wheat,9,Argentina,15089.96,24619.63,0.612923914778573
35,Cabo Verde,2023,Maize and products,401.28,8.31,3.41,Maize,9,Argentina,28054.59,40849.09,0.6867861683087676
35,Cabo Verde,2023,Rice and products,558.18,11.36,1.44,Rice,110,Japan,28483.4,90131.16,0.316021673303661
35,Cabo Verde,2023,Wheat and products,315.64,9.7,3.08,Wheat,173,Poland,14828.74,22296.62,0.6650667231176743
38,Sri Lanka,2010,Maize and products,42.41,0.88,0.36,Maize,100,India,7278.0,10506.0,0.6927470017133067
38,Sri Lanka,2010,Rice and products,1174.01,23.89,3.05,Rice,165,Pakistan,217790.0,251450.0,0.866136408828793
38,Sri Lanka,2010,Wheat and products,257.48,8.57,1.54,Wheat,33,Canada,743784.0,947065.0,0.7853568656850375
38,Sri Lanka,2011,Maize and products,35.76,0.74,0.3,Maize,100,India,6816.0,8245.0,0.826682838083687
38,Sri Lanka,2011,Rice and products,1142.05,23.24,2.97,Rice,165,Pakistan,29636.25,55461.75,0.534354758008898
38,Sri Lanka,2011,Wheat and products,298.22,9.92,1.75,Wheat,33,Canada,810331.0,1356787.0,0.5972426032973488
38,Sri Lanka,2012,Maize and products,52.57,1.09,0.45,Maize,216,Thailand,16386.0,17530.0,0.9347404449515117
38,Sri Lanka,2012,Rice and products,1159.68,23.59,3.01,Rice,165,Pakistan,31287.0,72129.95,0.4337587922908584
38,Sri Lanka,2012,Wheat and products,274.27,9.09,1.58,Wheat,33,Canada,815492.0,1132222.0,0.7202580412675252
38,Sri Lanka,2013,Maize and products,55.17,1.14,0.47,Maize,216,Thailand,16002.0,16681.0,0.9592950062945866
38,Sri Lanka,2013,Rice and products,1181.72,24.04,3.07,Rice,165,Pakistan,31134.0,45562.4,0.6833266026372623
38,Sri Lanka,2013,Wheat and products,294.53,9.72,1.62,Wheat,33,Canada,594642.0,938874.0,0.633356552636456
38,Sri Lanka,2014,Maize and products,61.01,1.26,0.52,Maize,100,India,86293.97,88137.58,0.9790825888344108
38,Sri Lanka,2014,Rice and products,1200.95,24.43,3.12,Rice,100,India,936110.49,1169483.47,0.800447816504837
38,Sri Lanka,2014,Wheat and products,286.96,9.47,1.61,Wheat,33,Canada,705132.83,1182874.79,0.5961178951155092
38,Sri Lanka,2015,Maize and products,92.84,2.05,0.89,Maize,165,Pakistan,40298.66,68637.1,0.5871264957289862
38,Sri Lanka,2015,Rice and products,1413.06,28.75,3.67,Rice,100,India,447913.68,560953.5299999999,0.7984862489411557
38,Sri Lanka,2015,Wheat and products,334.74,11.01,1.89,Wheat,33,Canada,639553.98,1212677.5,0.52738999445442
38,Sri Lanka,2016,Maize and products,88.06,1.95,0.84,Maize,100,India,17992.69,43057.39,0.4178769312306203
38,Sri Lanka,2016,Rice and products,1216.62,24.74,3.17,Rice,165,Pakistan,39449.68,57814.2,0.6823527783831654
38,Sri Lanka,2016,Wheat and products,271.96,8.95,1.54,Wheat,33,Canada,463930.59,952093.67,0.4872741040280207
38,Sri Lanka,2017,Maize and products,98.59,2.14,0.92,Maize,100,India,71002.94,181021.05,0.3922358200883268
38,Sri Lanka,2017,Rice and products,1116.78,22.7,2.9,Rice,100,India,989840.49,1417121.9999999998,0.698486432360799
38,Sri Lanka,2017,Wheat and products,336.18,11.05,1.9,Wheat,33,Canada,483425.0,1254635.48,0.3853111184134534
38,Sri Lanka,2019,Maize and products,86.36,1.84,0.78,Maize,165,Pakistan,78313.4,103536.75,0.756382637082968
38,Sri Lanka,2019,Rice and products,1227.93,24.98,3.2,Rice,165,Pakistan,33327.2,48126.9,0.6924859070499035
38,Sri Lanka,2019,Wheat and products,275.16,9.04,1.58,Wheat,33,Canada,521465.0,1164980.32,0.4476170035215702
38,Sri Lanka,2020,Maize and products,81.01,1.73,0.73,Maize,230,Ukraine,10265.9,29819.88,0.3442636254740127
38,Sri Lanka,2020,Rice and products,1327.78,27.01,3.45,Rice,165,Pakistan,21509.78,31511.919999999995,0.682591857303522
38,Sri Lanka,2020,Wheat and products,371.19,12.2,2.11,Wheat,185,Russian Federation,537694.0,1421315.97,0.3783071543198097
38,Sri Lanka,2021,Maize and products,39.79,0.82,0.34,Maize,100,India,4600.02,8174.920000000001,0.562699084517035
38,Sri Lanka,2021,Rice and products,1333.53,27.13,3.47,Rice,100,India,264495.83,294104.27,0.8993267251781145
38,Sri Lanka,2021,Wheat and products,347.17,11.42,1.95,Wheat,100,India,432473.72,1318924.91,0.3278986671045586
38,Sri Lanka,2022,Maize and products,36.42,0.75,0.31,Maize,100,India,130369.01,178652.74,0.7297341759213992
38,Sri Lanka,2022,Rice and products,1193.29,24.27,3.1,Rice,100,India,1513274.63,1566837.12,0.965814895935067
38,Sri Lanka,2022,Wheat and products,240.33,7.81,1.26,Wheat,100,India,433149.34,817128.7000000001,0.5300870474871339
38,Sri Lanka,2023,Maize and products,47.22,0.98,0.4,Maize,165,Pakistan,159411.0,197242.64,0.808197456695976
38,Sri Lanka,2023,Rice and products,1175.29,23.91,3.06,Rice,100,India,45279.55,59210.59,0.7647204663895428
38,Sri Lanka,2023,Wheat and products,269.76,8.8,1.42,Wheat,183,Romania,471410.0,961609.36,0.4902302531664209
40,Chile,2010,Maize and products,145.75,3.01,1.24,Maize,9,Argentina,365763.0,600698.0,0.6088966502302322
40,Chile,2010,Rice and products,78.31,1.59,0.2,Rice,9,Argentina,145990.8,222803.7,0.6552440556418049
40,Chile,2010,Wheat and products,868.68,27.45,4.6,Wheat,231,United States of America,469953.0,654228.0,0.7183321410884279
40,Chile,2011,Maize and products,157.71,3.26,1.34,Maize,9,Argentina,348420.0,667826.0,0.5217227241826464
40,Chile,2011,Rice and products,79.44,1.62,0.2,Rice,9,Argentina,120606.0,190103.45,0.6344229944275077
40,Chile,2011,Wheat and products,827.75,26.28,4.37,Wheat,231,United States of America,416539.0,656625.0,0.6343636017513802
40,Chile,2012,Maize and products,170.37,3.52,1.45,Maize,9,Argentina,454289.0,875444.0,0.5189241116507738
40,Chile,2012,Rice and products,80.49,1.64,0.21,Rice,9,Argentina,105144.0,216721.3,0.4851576656286207
40,Chile,2012,Wheat and products,762.16,24.12,4.15,Wheat,9,Argentina,598557.0,913264.0,0.6554041328684805
40,Chile,2013,Maize and products,187.62,3.88,1.59,Maize,169,Paraguay,753501.0,1097671.0,0.6864543201013783
40,Chile,2013,Rice and products,81.28,1.65,0.21,Rice,169,Paraguay,70612.2,202654.6,0.3484362062346475
40,Chile,2013,Wheat and products,805.25,25.48,4.43,Wheat,231,United States of America,704398.0,943066.0,0.7469233330434986
40,Chile,2014,Maize and products,196.66,4.07,1.67,Maize,169,Paraguay,884592.9,1412339.77,0.626331509449741
40,Chile,2014,Rice and products,81.55,1.66,0.21,Rice,9,Argentina,49627.28,199403.87,0.2488782188630541
40,Chile,2014,Wheat and products,798.03,25.35,4.4,Wheat,33,Canada,457966.93000000005,782469.4800000001,0.5852840803452167
40,Chile,2015,Maize and products,198.07,4.1,1.68,Maize,169,Paraguay,1319314.21,1530154.89,0.8622095832402953
40,Chile,2015,Rice and products,82.01,1.67,0.21,Rice,9,Argentina,88980.67000000001,260672.02,0.3413510586982063
40,Chile,2015,Wheat and products,776.57,24.62,4.28,Wheat,33,Canada,379067.19,762789.2000000001,0.4969488162653587
40,Chile,2016,Maize and products,196.33,4.06,1.67,Maize,231,United States of America,820058.99,1464202.22,0.5600722214449313
40,Chile,2016,Rice and products,82.17,1.67,0.21,Rice,9,Argentina,137778.44,233404.68,0.5902985321459707
40,Chile,2016,Wheat and products,791.29,25.11,4.37,Wheat,231,United States of America,397111.38,882290.58,0.4500913746579953
40,Chile,2017,Maize and products,196.83,4.07,1.67,Maize,9,Argentina,1256922.55,1595745.91,0.7876708579500604
40,Chile,2017,Rice and products,82.06,1.67,0.21,Rice,9,Argentina,169552.97999999998,289213.88,0.5862546431035743
40,Chile,2017,Wheat and products,802.53,25.45,4.45,Wheat,9,Argentina,843772.3099999999,1429691.3199999998,0.5901779623310576
40,Chile,2018,Maize and products,205.63,4.25,1.75,Maize,9,Argentina,1831963.31,1919231.12,0.9545298067071776
40,Chile,2018,Rice and products,82.3,1.67,0.21,Rice,9,Argentina,181434.26,307171.91000000003,0.5906603243766658
40,Chile,2018,Wheat and products,836.33,26.47,4.69,Wheat,9,Argentina,574880.79,1247608.36,0.4607862598804644
40,Chile,2019,Maize and products,128.28,2.65,1.09,Maize,9,Argentina,1961112.75,2410918.96,0.8134295604859318
40,Chile,2019,Rice and products,79.81,1.62,0.21,Rice,9,Argentina,184184.29,284197.57,0.6480853794773827
40,Chile,2019,Wheat and products,937.6,29.46,5.39,Wheat,9,Argentina,441974.08,1162148.49,0.3803077522391308
40,Chile,2020,Maize and products,93.45,1.93,0.79,Maize,9,Argentina,2451152.18,2788846.56,0.8789125279090292
40,Chile,2020,Rice and products,82.26,1.67,0.21,Rice,9,Argentina,161245.96,366120.76,0.4404174185588383
40,Chile,2020,Wheat and products,910.37,28.68,5.21,Wheat,33,Canada,444938.42,1156575.18,0.3847034137460913
40,Chile,2021,Maize and products,80.63,1.67,0.69,Maize,9,Argentina,1979011.16,2400639.47,0.8243683338256536
40,Chile,2021,Rice and products,68.94,1.4,0.18,Rice,9,Argentina,169795.91999999998,335766.18,0.5056969108681523
40,Chile,2021,Wheat and products,916.57,28.64,5.66,Wheat,9,Argentina,891383.18,1415392.61,0.6297780373461184
40,Chile,2022,Maize and products,78.83,1.63,0.67,Maize,9,Argentina,1758542.92,2512415.98,0.6999409866832641
40,Chile,2022,Rice and products,81.4,1.66,0.21,Rice,9,Argentina,178974.66,362429.4900000001,0.4938192529531743
40,Chile,2022,Wheat and products,867.36,27.07,5.37,Wheat,9,Argentina,623509.02,1241272.76,0.5023142697500266
41,"China, mainland",2010,Maize and products,54.7,1.13,0.46,Maize,231,United States of America,1501779.0,1572394.0,0.9550907724145477
41,"China, mainland",2010,Rice and products,849.14,17.62,3.44,Rice,216,Thailand,552473.0,673977.95,0.819719695577578
41,"China, mainland",2010,Wheat and products,588.83,20.93,3.96,Wheat,10,Australia,764039.0,1230666.0,0.6208337599316143
41,"China, mainland",2011,Maize and products,55.19,1.14,0.47,Maize,231,United States of America,1685568.0,1752765.0,0.9616622878708784
41,"China, mainland",2011,Rice and products,847.8,17.6,3.47,Rice,216,Thailand,584259.75,1076683.65,0.5426475548319137
41,"China, mainland",2011,Wheat and products,629.6,22.36,4.22,Wheat,10,Australia,641150.0,1258055.0,0.5096359062203163
41,"China, mainland",2012,Maize and products,55.49,1.15,0.47,Maize,231,United States of America,5113036.0,5207109.0,0.981933737127454
41,"China, mainland",2012,Rice and products,851.45,17.67,3.48,Rice,237,Viet Nam,2947971.25,4367064.7,0.6750463875655426
41,"China, mainland",2012,Wheat and products,603.34,21.39,4.04,Wheat,10,Australia,2430117.0,3700975.0,0.6566153513601146
41,"China, mainland",2013,Maize and products,55.75,1.15,0.47,Maize,231,United States of America,2967729.0,3264885.0,0.9089842368107912
41,"China, mainland",2013,Rice and products,842.37,17.48,3.45,Rice,237,Viet Nam,2742304.0,3964242.75,0.6917598575415191
41,"China, mainland",2013,Wheat and products,585.38,20.78,3.94,Wheat,231,United States of America,3820092.0,5535124.0,0.6901547282409572
41,"China, mainland",2014,Maize and products,61.28,1.3,0.51,Maize,231,United States of America,1027068.7,2598461.49,0.3952603122857903
41,"China, mainland",2014,Rice and products,834.83,17.32,3.39,Rice,237,Viet Nam,2562018.8600000003,4597179.24,0.5573023643950851
41,"China, mainland",2014,Wheat and products,586.4,20.71,3.88,Wheat,10,Australia,1395920.2,3004303.85,0.4646401528260864
41,"China, mainland",2015,Maize and products,60.78,1.29,0.51,Maize,230,Ukraine,3850743.44,4728586.72,0.8143539852431849
41,"China, mainland",2015,Rice and products,844.24,17.52,3.45,Rice,237,Viet Nam,3075355.37,5824519.85,0.5280015261687193
41,"China, mainland",2015,Wheat and products,596.63,21.08,3.96,Wheat,10,Australia,1260458.3,3005951.91,0.4193208466864661
41,"China, mainland",2016,Maize and products,53.23,1.13,0.44,Maize,230,Ukraine,2660323.41,3166587.66,0.8401230901026122
41,"China, mainland",2016,Rice and products,851.51,17.68,3.5,Rice,237,Viet Nam,3027209.9,6371960.609999999,0.4750829588069283
41,"China, mainland",2016,Wheat and products,612.01,21.75,4.13,Wheat,10,Australia,1374834.73,3411651.52,0.4029821691753558
41,"China, mainland",2017,Maize and products,52.9,1.12,0.44,Maize,230,Ukraine,1821813.3,2825403.68,0.6447975250035777
41,"China, mainland",2017,Rice and products,847.28,17.59,3.48,Rice,237,Viet Nam,4180662.98,6994271.73,0.5977267028485894
41,"China, mainland",2017,Wheat and products,614.9,21.86,4.15,Wheat,10,Australia,1903666.58,4422179.91,0.4304814862224816
41,"China, mainland",2018,Maize and products,53.41,1.13,0.44,Maize,230,Ukraine,2929855.17,3521508.51,0.8319886666978408
41,"China, mainland",2018,Rice and products,857.76,17.8,3.5,Rice,237,Viet Nam,2780906.49,5371243.65,0.5177397770812352
41,"China, mainland",2018,Wheat and products,618.65,22.0,4.18,Wheat,33,Canada,1383409.13,3098720.67,0.4464452518722831
41,"China, mainland",2019,Maize and products,53.35,1.13,0.44,Maize,230,Ukraine,4137694.5,4791057.83,0.8636285861738388
41,"China, mainland",2019,Rice and products,854.97,17.74,3.46,Rice,28,Myanmar,1058982.3,4476327.13,0.2365739297520912
41,"China, mainland",2019,Wheat and products,610.9,21.73,4.12,Wheat,33,Canada,1664048.31,3491418.93,0.4766108975642175
41,"China, mainland",2020,Maize and products,66.84,1.41,0.56,Maize,230,Ukraine,6297620.02,11294156.21,0.5575998687200732
41,"China, mainland",2020,Rice and products,870.04,18.04,3.5,Rice,28,Myanmar,1459334.9,4787064.01,0.3048496734013799
41,"China, mainland",2020,Wheat and products,610.93,21.75,4.12,Wheat,68,France,2386335.88,8375799.26,0.2849084375023572
41,"China, mainland",2021,Maize and products,56.92,1.2,0.47,Maize,231,United States of America,19827131.0,28348177.35,0.6994146662483752
41,"China, mainland",2021,Rice and products,849.83,17.61,3.38,Rice,237,Viet Nam,1694194.04,7316117.7,0.2315700907873584
41,"China, mainland",2021,Wheat and products,616.57,21.95,4.16,Wheat,10,Australia,2739976.1100000003,9769908.96,0.2804505263271153
41,"China, mainland",2022,Maize and products,56.85,1.2,0.47,Maize,231,United States of America,14864676.0,20618471.3,0.720939772096489
41,"China, mainland",2022,Rice and products,872.84,18.08,3.44,Rice,100,India,2342254.5,8776818.83,0.2668682748690165
41,"China, mainland",2022,Wheat and products,618.84,22.07,4.2,Wheat,10,Australia,5722251.24,9959283.91,0.5745645260955313
41,"China, mainland",2023,Maize and products,59.55,1.26,0.5,Maize,21,Brazil,11920902.82,26242022.36,0.4542676877743503
41,"China, mainland",2023,Rice and products,858.08,17.8,3.46,Rice,237,Viet Nam,1702451.36,4347432.83,0.3915992325981492
41,"China, mainland",2023,Wheat and products,639.88,22.85,4.35,Wheat,10,Australia,6939046.819999999,12098862.71,0.5735288502996824
44,Colombia,2010,Maize and products,251.38,5.36,2.24,Maize,9,Argentina,2208855.0,3613900.0,0.6112108802125128
44,Colombia,2010,Rice and products,269.18,5.48,0.7,Rice,231,United States of America,12382.9,12590.9,0.98348013247663
44,Colombia,2010,Wheat and products,218.72,6.85,1.11,Wheat,231,United States of America,623850.0,1423228.0,0.4383345465378702
44,Colombia,2011,Maize and products,260.42,5.55,2.32,Maize,9,Argentina,1812038.0,2812056.0,0.6443819042010543
44,Colombia,2011,Rice and products,267.44,5.45,0.69,Rice,58,Ecuador,47700.5,67098.7,0.7109005092498066
44,Colombia,2011,Wheat and products,228.65,7.11,1.25,Wheat,231,United States of America,701538.0,1537743.0,0.456212774176179
44,Colombia,2012,Maize and products,257.84,5.5,2.3,Maize,9,Argentina,2692035.0,3447050.0,0.7809677840472288
44,Colombia,2012,Rice and products,268.99,5.48,0.7,Rice,231,United States of America,155187.5,207270.6,0.7487193070314844
44,Colombia,2012,Wheat and products,224.97,6.98,1.26,Wheat,33,Canada,633961.0,1500949.0,0.4223734450670875
44,Colombia,2013,Maize and products,254.16,5.43,2.27,Maize,9,Argentina,2060398.0,3635268.0,0.5667802208805514
44,Colombia,2013,Rice and products,262.3,5.34,0.68,Rice,231,United States of America,161708.95,293133.35,0.5516566095260059
44,Colombia,2013,Wheat and products,218.69,6.8,1.2,Wheat,231,United States of America,681093.0,1414782.0,0.481411977251619
44,Colombia,2014,Maize and products,278.89,5.96,2.49,Maize,231,United States of America,3856484.93,3961571.28,0.9734735682958606
44,Colombia,2014,Rice and products,271.59,5.53,0.71,Rice,231,United States of America,167850.69,170767.12,0.9829215952110688
44,Colombia,2014,Wheat and products,223.97,6.97,1.26,Wheat,33,Canada,1063311.79,1825397.96,0.5825095750627441
44,Colombia,2015,Maize and products,284.13,6.04,2.51,Maize,231,United States of America,4703708.2,4717637.01,0.9970475028132784
44,Colombia,2015,Rice and products,310.14,6.32,0.81,Rice,231,United States of America,501518.7,505323.42,0.9924707230074552
44,Colombia,2015,Wheat and products,227.35,7.11,1.19,Wheat,33,Canada,940182.07,1705731.5399999998,0.5511899428206621
44,Colombia,2016,Maize and products,271.78,5.78,2.4,Maize,231,United States of America,4565429.83,4586084.38,0.9954962560021628
44,Colombia,2016,Rice and products,313.93,6.4,0.82,Rice,231,United States of America,185216.98,516916.67,0.3583110987695561
44,Colombia,2016,Wheat and products,221.8,6.94,1.17,Wheat,33,Canada,1060165.6800000002,2096275.9600000004,0.5057376510676581
44,Colombia,2017,Maize and products,272.99,5.8,2.43,Maize,231,United States of America,4914294.46,4930065.01,0.9968011476587
44,Colombia,2017,Rice and products,318.33,6.48,0.82,Rice,231,United States of America,173890.63,175276.97,0.9920905752763756
44,Colombia,2017,Wheat and products,226.94,7.09,1.21,Wheat,33,Canada,1024335.56,1891508.9,0.5415441397077223
44,Colombia,2018,Maize and products,287.64,6.11,2.57,Maize,231,United States of America,5261460.59,5409551.89,0.9726241095359934
44,Colombia,2018,Rice and products,313.93,6.39,0.81,Rice,231,United States of America,121470.4,185384.19,0.6552360263299692
44,Colombia,2018,Wheat and products,223.41,6.98,1.19,Wheat,33,Canada,1213990.96,1722865.36,0.7046348415757804
44,Colombia,2019,Maize and products,332.14,7.05,2.96,Maize,231,United States of America,3969735.4,5992611.02,0.6624383572955483
44,Colombia,2019,Rice and products,314.13,6.39,0.81,Rice,231,United States of America,160063.91999999998,288555.18,0.554708184410344
44,Colombia,2019,Wheat and products,226.78,7.09,1.21,Wheat,33,Canada,1254725.47,1911625.01,0.6563658999209263
44,Colombia,2020,Maize and products,341.45,7.24,3.04,Maize,231,United States of America,5262820.41,6162363.16,0.8540263326512552
44,Colombia,2020,Rice and products,328.58,6.69,0.85,Rice,231,United States of America,133850.63999999998,317966.02,0.4209589439777243
44,Colombia,2020,Wheat and products,230.47,7.25,1.16,Wheat,33,Canada,1372934.65,1935915.1,0.7091915601050892
44,Colombia,2021,Maize and products,363.23,7.65,3.2,Maize,231,United States of America,4225387.84,6039619.86,0.699611554691457
44,Colombia,2021,Rice and products,252.78,5.14,0.65,Rice,58,Ecuador,39251.18,51342.44,0.7644977527363327
44,Colombia,2021,Wheat and products,233.98,7.35,1.18,Wheat,33,Canada,1347798.15,1991229.34,0.6768673617474922
44,Colombia,2022,Maize and products,397.56,8.37,3.5,Maize,231,United States of America,3139246.55,6529081.35,0.4808098385847191
44,Colombia,2022,Rice and products,271.8,5.53,0.7,Rice,231,United States of America,140602.85,260108.38,0.540554864091653
44,Colombia,2022,Wheat and products,249.91,7.82,1.3,Wheat,33,Canada,1087124.67,2092456.6,0.5195446682143849
44,Colombia,2023,Maize and products,402.15,8.47,3.54,Maize,231,United States of America,3841987.11,6320220.54,0.607888140245182
44,Colombia,2023,Rice and products,271.46,5.52,0.7,Rice,231,United States of America,104197.73,127297.81,0.818535134265075
44,Colombia,2023,Wheat and products,246.42,7.76,1.2,Wheat,33,Canada,998336.24,1779772.09,0.5609348779033837
45,Comoros,2016,Maize and products,59.56,1.23,0.51,Maize,225,United Arab Emirates,12.47,17.87,0.697817571348629
45,Comoros,2016,Rice and products,811.41,16.5,2.09,Rice,165,Pakistan,51176.9,91747.9,0.5577991430866538
45,Comoros,2016,Wheat and products,180.33,5.25,1.83,Wheat,68,France,6253.69,12843.22,0.4869253972134714
45,Comoros,2017,Maize and products,58.95,1.22,0.5,Maize,225,United Arab Emirates,7.95,15.95,0.4984326018808778
45,Comoros,2017,Rice and products,816.18,16.6,2.11,Rice,165,Pakistan,55338.16,61716.01,0.8966580956870025
45,Comoros,2017,Wheat and products,187.54,5.54,1.73,Wheat,68,France,5477.31,10938.92,0.5007176211179898
45,Comoros,2018,Maize and products,61.54,1.27,0.52,Maize,225,United Arab Emirates,10.63,17.85,0.5955182072829132
45,Comoros,2018,Rice and products,803.74,16.34,2.07,Rice,165,Pakistan,49945.89,57515.29,0.8683932568191867
45,Comoros,2018,Wheat and products,179.39,5.38,1.48,Wheat,68,France,4625.46,12646.12,0.3657611979010162
45,Comoros,2019,Maize and products,52.79,1.09,0.45,Maize,225,United Arab Emirates,31.51,36.45,0.8644718792866941
45,Comoros,2019,Rice and products,766.66,15.54,1.98,Rice,165,Pakistan,52077.23,55366.310000000005,0.9405941988909862
45,Comoros,2019,Wheat and products,198.42,6.07,1.38,Wheat,68,France,5266.37,15065.7,0.3495602593971736
45,Comoros,2020,Maize and products,145.03,3.0,1.23,Maize,225,United Arab Emirates,13.11,17.05,0.7689149560117301
45,Comoros,2020,Rice and products,708.21,14.27,1.83,Rice,165,Pakistan,62972.92,67297.42,0.9357404786097298
45,Comoros,2020,Wheat and products,186.55,5.73,1.24,Wheat,223,Türkiye,6964.26,14657.62,0.4751289772828058
45,Comoros,2021,Maize and products,147.61,3.05,1.25,Maize,129,Madagascar,5.85,5.869999999999999,0.9965928449744464
45,Comoros,2021,Rice and products,685.4,13.81,1.77,Rice,165,Pakistan,54973.66,64256.6,0.855533283740503
45,Comoros,2021,Wheat and products,156.87,4.65,1.42,Wheat,223,Türkiye,4067.23,11170.58,0.364101953524347
46,Congo,2010,Maize and products,30.17,0.62,0.26,Maize,9,Argentina,123.0,311.0,0.3954983922829582
46,Congo,2010,Rice and products,136.88,2.79,0.36,Rice,216,Thailand,39558.0,72048.2,0.5490491087910594
46,Congo,2010,Wheat and products,259.23,7.95,1.82,Wheat,68,France,66335.0,130331.0,0.5089733064274808
46,Congo,2012,Maize and products,31.22,0.65,0.27,Maize,9,Argentina,75.0,189.0,0.3968253968253968
46,Congo,2012,Rice and products,127.61,2.6,0.34,Rice,216,Thailand,38634.0,70920.95,0.5447473560351349
46,Congo,2012,Wheat and products,212.89,6.57,1.43,Wheat,68,France,57803.0,94214.0,0.613528774916679
46,Congo,2013,Maize and products,25.23,0.52,0.21,Maize,9,Argentina,52.0,102.0,0.5098039215686274
46,Congo,2013,Rice and products,132.58,2.7,0.35,Rice,216,Thailand,48346.0,65444.55,0.7387322550158875
46,Congo,2013,Wheat and products,267.26,8.2,1.85,Wheat,68,France,84795.0,143021.0,0.5928849609497906
46,Congo,2014,Maize and products,33.05,0.68,0.28,Maize,9,Argentina,1604.82,1689.22,0.950036111341329
46,Congo,2014,Rice and products,39.86,0.81,0.11,Rice,216,Thailand,52987.93,63257.65,0.8376525210784783
46,Congo,2014,Wheat and products,279.91,8.6,1.95,Wheat,68,France,90149.18,145405.41999999998,0.61998500468552
46,Congo,2015,Maize and products,27.51,0.57,0.23,Maize,9,Argentina,157.36,229.61,0.6853360045294195
46,Congo,2015,Rice and products,30.03,0.62,0.09,Rice,216,Thailand,39367.42,52891.2,0.7443094503433464
46,Congo,2015,Wheat and products,302.6,9.28,2.11,Wheat,68,France,83743.9,171423.21999999997,0.4885213333409558
46,Congo,2016,Maize and products,31.22,0.65,0.27,Maize,9,Argentina,209.52,357.11,0.5867099773179133
46,Congo,2016,Rice and products,96.61,1.98,0.29,Rice,216,Thailand,114977.67,125138.44,0.9188037664525784
46,Congo,2016,Wheat and products,263.14,8.12,1.78,Wheat,68,France,66960.98,136848.69999999998,0.4893066576445374
46,Congo,2017,Maize and products,29.98,0.62,0.25,Maize,9,Argentina,852.72,1004.1,0.8492381236928593
46,Congo,2017,Rice and products,108.96,2.22,0.29,Rice,216,Thailand,142426.57,155716.80000000002,0.9146512771903866
46,Congo,2017,Wheat and products,290.85,8.96,1.93,Wheat,185,Russian Federation,100035.08,212456.71,0.4708492379459326
46,Congo,2018,Maize and products,26.28,0.54,0.22,Maize,9,Argentina,129.75,233.67,0.5552702529207857
46,Congo,2018,Rice and products,100.63,2.05,0.27,Rice,216,Thailand,131080.62,140176.96,0.935108166135148
46,Congo,2018,Wheat and products,312.14,9.66,1.96,Wheat,185,Russian Federation,72209.8,177003.07,0.4079578958715236
46,Congo,2019,Maize and products,33.28,0.69,0.28,Maize,68,France,2001.18,2430.48,0.8233682235607781
46,Congo,2019,Rice and products,102.6,2.09,0.27,Rice,216,Thailand,141247.65,156751.6,0.9010922376549904
46,Congo,2019,Wheat and products,310.03,9.51,2.12,Wheat,185,Russian Federation,121162.55,205725.89,0.5889513954709347
46,Congo,2020,Maize and products,42.77,0.88,0.36,Maize,68,France,17100.54,17549.67,0.9744080657926902
46,Congo,2020,Rice and products,96.9,1.97,0.25,Rice,100,India,69891.88,145661.89,0.4798226907532231
46,Congo,2020,Wheat and products,294.66,9.11,1.88,Wheat,185,Russian Federation,152820.29,199030.31,0.767824207277776
46,Congo,2021,Maize and products,28.83,0.6,0.25,Maize,68,France,6031.58,6607.240000000001,0.9128743620634332
46,Congo,2021,Rice and products,104.62,2.13,0.27,Rice,100,India,115193.15,163779.9,0.7033411914404637
46,Congo,2021,Wheat and products,343.42,10.49,2.37,Wheat,185,Russian Federation,124522.0,263690.36,0.4722281087560425
46,Congo,2022,Maize and products,38.09,0.79,0.32,Maize,68,France,16868.7,17668.32,0.9547427259637588
46,Congo,2022,Rice and products,120.67,2.46,0.32,Rice,100,India,242748.86,320923.55,0.7564071256222861
46,Congo,2022,Wheat and products,321.55,9.91,2.05,Wheat,9,Argentina,121261.0,258419.55,0.4692408140173605
46,Congo,2023,Maize and products,65.32,1.35,0.56,Maize,68,France,11511.16,11764.01,0.9785064786582126
46,Congo,2023,Rice and products,111.15,2.26,0.29,Rice,100,India,100078.0,132349.45,0.7561648348368655
46,Congo,2023,Wheat and products,311.67,9.63,2.01,Wheat,173,Poland,50599.8,192720.49,0.2625553722907201
48,Costa Rica,2010,Maize and products,116.93,2.52,0.96,Maize,231,United States of America,625554.0,629024.0,0.9944835173220736
48,Costa Rica,2010,Rice and products,434.29,8.84,1.14,Rice,231,United States of America,68838.15,75762.59999999999,0.9086033214277228
48,Costa Rica,2010,Wheat and products,308.55,9.56,1.59,Wheat,231,United States of America,200010.0,258634.0,0.7733321991694827
48,Costa Rica,2011,Maize and products,114.8,2.48,0.94,Maize,231,United States of America,584934.0,589919.0,0.9915496873299556
48,Costa Rica,2011,Rice and products,413.52,8.41,1.07,Rice,231,United States of America,55246.8,74696.45000000001,0.739617478474546
48,Costa Rica,2011,Wheat and products,313.0,9.69,1.63,Wheat,231,United States of America,174593.0,239741.0,0.7282567437359484
48,Costa Rica,2012,Maize and products,116.87,2.52,0.96,Maize,231,United States of America,392411.0,613595.0,0.6395277014969157
48,Costa Rica,2012,Rice and products,412.73,8.4,1.07,Rice,231,United States of America,67802.05,83487.5,0.8121221739781405
48,Costa Rica,2012,Wheat and products,321.22,9.9,1.78,Wheat,231,United States of America,134631.0,265406.0,0.5072643421776448
48,Costa Rica,2013,Maize and products,117.67,2.54,0.97,Maize,9,Argentina,243151.0,670634.0,0.3625688527572416
48,Costa Rica,2013,Rice and products,416.66,8.49,1.1,Rice,231,United States of America,51945.75,116590.55,0.4455399687195918
48,Costa Rica,2013,Wheat and products,314.81,9.71,1.71,Wheat,231,United States of America,131924.0,240341.0,0.5489034330388906
48,Costa Rica,2014,Maize and products,134.85,2.9,1.11,Maize,231,United States of America,708776.26,718771.75,0.9860936521225272
48,Costa Rica,2014,Rice and products,402.14,8.19,1.06,Rice,231,United States of America,42996.59,116509.58,0.3690390953258951
48,Costa Rica,2014,Wheat and products,309.68,9.58,1.6,Wheat,231,United States of America,151422.94999999998,288497.13,0.5248681330036108
48,Costa Rica,2015,Maize and products,132.31,2.85,1.09,Maize,231,United States of America,615810.97,760102.54,0.8101682833476651
48,Costa Rica,2015,Rice and products,394.26,8.03,1.04,Rice,231,United States of America,59273.67,131153.91999999998,0.4519397514004919
48,Costa Rica,2015,Wheat and products,298.31,9.22,1.57,Wheat,231,United States of America,153545.41,276509.66000000003,0.5552985382138186
48,Costa Rica,2016,Maize and products,142.71,3.06,1.18,Maize,231,United States of America,669368.62,828357.25,0.8080675578079385
48,Costa Rica,2016,Rice and products,446.81,9.14,1.27,Rice,231,United States of America,65910.65000000001,169627.19,0.3885618219579067
48,Costa Rica,2016,Wheat and products,286.35,8.84,1.49,Wheat,231,United States of America,163776.22,277818.46,0.5895080550082958
48,Costa Rica,2017,Maize and products,151.61,3.25,1.25,Maize,231,United States of America,786612.61,848119.6900000001,0.9274783020306956
48,Costa Rica,2017,Rice and products,387.58,7.93,1.09,Rice,9,Argentina,58060.46000000001,164020.16,0.3539836810304295
48,Costa Rica,2017,Wheat and products,297.13,9.17,1.57,Wheat,33,Canada,145423.88,290057.34,0.5013625236996244
48,Costa Rica,2018,Maize and products,153.55,3.28,1.28,Maize,231,United States of America,887940.89,889186.68,0.9985989556208826
48,Costa Rica,2018,Rice and products,404.04,8.27,1.15,Rice,231,United States of America,58223.740000000005,175535.19,0.3316926936416567
48,Costa Rica,2018,Wheat and products,304.54,9.39,1.59,Wheat,33,Canada,141723.74,266517.52,0.5317614391729294
48,Costa Rica,2019,Maize and products,151.4,3.22,1.26,Maize,231,United States of America,832594.08,941158.89,0.8846477346667787
48,Costa Rica,2019,Rice and products,416.96,8.5,1.12,Rice,231,United States of America,60052.67,201184.36,0.2984957180568112
48,Costa Rica,2019,Wheat and products,386.11,11.87,2.23,Wheat,33,Canada,186538.78,283007.43,0.659130327426386
48,Costa Rica,2020,Maize and products,161.67,3.44,1.35,Maize,231,United States of America,842684.65,954489.5,0.8828642431373
48,Costa Rica,2020,Rice and products,422.71,8.61,1.11,Rice,21,Brazil,78859.61,206716.97,0.381485903165086
48,Costa Rica,2020,Wheat and products,373.51,11.54,2.1,Wheat,33,Canada,193775.25,280330.05,0.6912396655299708
48,Costa Rica,2021,Maize and products,162.72,3.45,1.36,Maize,231,United States of America,960228.62,1065450.36,0.9012420062441951
48,Costa Rica,2021,Rice and products,400.21,8.15,1.05,Rice,231,United States of America,55163.25,152899.9,0.3607801574755772
48,Costa Rica,2021,Wheat and products,336.09,10.4,1.8,Wheat,33,Canada,207883.0,282021.42,0.7371177692814964
48,Costa Rica,2022,Maize and products,153.19,3.24,1.28,Maize,231,United States of America,534482.51,832504.46,0.6420175935153549
48,Costa Rica,2022,Rice and products,382.07,7.78,1.01,Rice,21,Brazil,81580.36,180786.92,0.451251451155869
48,Costa Rica,2022,Wheat and products,321.46,9.9,1.85,Wheat,33,Canada,141383.0,248652.79,0.5685960732634451
48,Costa Rica,2023,Maize and products,158.0,3.33,1.32,Maize,231,United States of America,527514.36,1016737.98,0.5188301906455781
48,Costa Rica,2023,Rice and products,430.12,8.76,1.13,Rice,21,Brazil,161764.54,262006.09,0.6174075572060177
48,Costa Rica,2023,Wheat and products,346.86,10.57,2.27,Wheat,33,Canada,201701.73,270433.43,0.7458461403976573
49,Cuba,2017,Maize and products,11.75,0.24,0.1,Maize,9,Argentina,540437.0,970121.65,0.5570816814571657
49,Cuba,2017,Rice and products,603.57,12.19,1.56,Rice,237,Viet Nam,353747.76,472887.54,0.748058957104262
49,Cuba,2017,Wheat and products,472.95,14.81,2.49,Wheat,68,France,404583.7,838281.79,0.482634484998177
49,Cuba,2018,Maize and products,10.55,0.22,0.09,Maize,9,Argentina,608792.0,812330.01,0.7494392580670508
49,Cuba,2018,Rice and products,618.52,12.51,1.6,Rice,237,Viet Nam,371492.0,545216.0,0.6813666510153774
49,Cuba,2018,Wheat and products,443.65,13.87,2.38,Wheat,68,France,371650.0,696887.9,0.5332995450200814
49,Cuba,2019,Maize and products,11.01,0.23,0.09,Maize,9,Argentina,638958.7,873225.08,0.7317227993497393
49,Cuba,2019,Rice and products,603.88,12.21,1.56,Rice,237,Viet Nam,345709.59,568199.74,0.6084296870674387
49,Cuba,2019,Wheat and products,429.64,13.39,2.39,Wheat,68,France,398279.0,737912.95,0.5397371058469702
50,Cyprus,2010,Maize and products,113.86,3.04,1.3,Maize,183,Romania,62302.0,180378.0,0.3453968887558349
50,Cyprus,2010,Rice and products,48.44,0.99,0.14,Rice,234,Uruguay,4391.6,13891.45,0.316136904354837
50,Cyprus,2010,Wheat and products,830.5,24.92,6.87,Wheat,68,France,46859.0,110299.0,0.4248361272541002
50,Cyprus,2011,Maize and products,113.84,3.09,1.32,Maize,272,Serbia,56976.0,184411.0,0.3089620467325701
50,Cyprus,2011,Rice and products,46.69,0.95,0.13,Rice,234,Uruguay,3254.0,12211.7,0.2664657664371054
50,Cyprus,2011,Wheat and products,850.42,25.52,7.03,Wheat,68,France,46721.0,111959.0,0.4173045489866826
50,Cyprus,2012,Maize and products,107.52,2.74,1.19,Maize,27,Bulgaria,66855.0,190629.0,0.3507073949923673
50,Cyprus,2012,Rice and products,46.82,0.96,0.13,Rice,234,Uruguay,3264.0,11588.85,0.2816500343002109
50,Cyprus,2012,Wheat and products,884.13,26.4,6.74,Wheat,68,France,30811.0,111605.0,0.2760718605797231
50,Cyprus,2013,Maize and products,123.24,3.02,1.3,Maize,27,Bulgaria,44726.0,167417.0,0.2671532759516656
50,Cyprus,2013,Rice and products,45.7,0.93,0.12,Rice,84,Greece,3257.25,12201.35,0.2669581644654075
50,Cyprus,2013,Wheat and products,882.91,26.39,6.85,Wheat,183,Romania,38751.0,121061.0,0.3200948282270921
50,Cyprus,2014,Maize and products,127.1,3.12,1.32,Maize,27,Bulgaria,60980.7,234084.34,0.2605073880636355
50,Cyprus,2014,Rice and products,45.36,0.93,0.12,Rice,84,Greece,3913.11,11601.36,0.3372975237385961
50,Cyprus,2014,Wheat and products,837.26,24.86,7.08,Wheat,68,France,37500.3,105921.44,0.3540388046083966
50,Cyprus,2015,Maize and products,124.6,3.06,1.3,Maize,183,Romania,80322.6,228811.47,0.3510427165211604
50,Cyprus,2015,Rice and products,45.33,0.93,0.12,Rice,84,Greece,3485.49,11635.95,0.2995449447617083
50,Cyprus,2015,Wheat and products,866.05,25.96,6.94,Wheat,183,Romania,24927.9,105502.04,0.2362788435180969
50,Cyprus,2016,Maize and products,118.14,2.9,1.25,Maize,183,Romania,60177.93,212238.97,0.2835385509079694
50,Cyprus,2016,Rice and products,45.27,0.92,0.12,Rice,84,Greece,2847.56,12271.0,0.2320560671501915
50,Cyprus,2016,Wheat and products,857.7,25.69,6.9,Wheat,68,France,28967.1,114793.21,0.2523415801335287
50,Cyprus,2017,Maize and products,120.06,2.95,1.26,Maize,183,Romania,80289.86,233166.27,0.3443459467786657
50,Cyprus,2017,Rice and products,46.34,0.95,0.13,Rice,84,Greece,4191.33,14540.89,0.2882443921933251
50,Cyprus,2017,Wheat and products,841.67,25.16,6.95,Wheat,68,France,36539.6,124738.95,0.2929285519879717
50,Cyprus,2018,Maize and products,121.74,2.99,1.27,Maize,146,Republic of Moldova,67785.87,245398.26,0.2762279977046292
50,Cyprus,2018,Rice and products,45.45,0.93,0.13,Rice,84,Greece,4266.530000000001,14673.7,0.2907603399278982
50,Cyprus,2018,Wheat and products,849.06,25.36,7.11,Wheat,68,France,28339.77,108054.63,0.2622726115484362
50,Cyprus,2019,Maize and products,117.68,2.88,1.23,Maize,27,Bulgaria,88280.36,313347.56,0.281733037908449
50,Cyprus,2019,Rice and products,53.83,1.1,0.15,Rice,84,Greece,4688.1,16452.100000000002,0.2849545042882063
50,Cyprus,2019,Wheat and products,806.06,24.02,7.04,Wheat,27,Bulgaria,25704.5,65358.58,0.393284248219591
50,Cyprus,2020,Maize and products,109.68,2.7,1.17,Maize,183,Romania,120031.06,289031.37,0.4152873094709408
50,Cyprus,2020,Rice and products,56.53,1.16,0.16,Rice,84,Greece,4343.120000000001,16739.36,0.2594555586354556
50,Cyprus,2020,Wheat and products,814.05,24.17,7.29,Wheat,183,Romania,10969.77,39089.87,0.2806294827790422
50,Cyprus,2021,Maize and products,92.31,2.25,0.97,Maize,183,Romania,121268.43,270322.68,0.4486061990802991
50,Cyprus,2021,Rice and products,48.44,0.99,0.13,Rice,84,Greece,4530.92,14654.84,0.3091756716552347
50,Cyprus,2021,Wheat and products,740.68,21.67,7.21,Wheat,11,Austria,15047.98,77588.91,0.1939449851789385
50,Cyprus,2022,Maize and products,103.02,2.55,1.1,Maize,230,Ukraine,113170.65,319130.96,0.3546213441654172
50,Cyprus,2022,Rice and products,52.11,1.06,0.14,Rice,84,Greece,5126.83,16819.29,0.3048184554758256
50,Cyprus,2022,Wheat and products,612.63,17.49,7.0,Wheat,84,Greece,21380.81,39285.2,0.544245924673923
50,Cyprus,2023,Maize and products,112.89,2.8,1.2,Maize,230,Ukraine,210048.42,304519.26,0.6897705583548311
50,Cyprus,2023,Rice and products,59.01,1.2,0.16,Rice,84,Greece,5208.95,18438.47,0.2825044594264057
50,Cyprus,2023,Wheat and products,599.99,17.19,6.87,Wheat,84,Greece,15349.8,55217.4,0.2779884601592976
52,Azerbaijan,2010,Maize and products,68.44,1.42,0.58,Maize,185,Russian Federation,55263.0,67966.0,0.8130977253332549
52,Azerbaijan,2010,Rice and products,19.94,0.41,0.07,Rice,185,Russian Federation,16061.9,29075.4,0.5524223226507632
52,Azerbaijan,2010,Wheat and products,1527.63,47.75,8.3,Wheat,108,Kazakhstan,1149654.0,1338780.0,0.8587325774212342
52,Azerbaijan,2011,Maize and products,62.5,1.29,0.53,Maize,185,Russian Federation,43839.0,71740.0,0.6110816838583775
52,Azerbaijan,2011,Rice and products,21.44,0.44,0.07,Rice,185,Russian Federation,11324.0,34060.25,0.3324696677211706
52,Azerbaijan,2011,Wheat and products,1542.29,48.16,8.46,Wheat,108,Kazakhstan,675888.0,1348603.0,0.5011764025439659
52,Azerbaijan,2012,Maize and products,73.46,1.52,0.62,Maize,185,Russian Federation,81028.0,88352.0,0.9171043100325968
52,Azerbaijan,2012,Rice and products,17.65,0.37,0.06,Rice,100,India,10569.55,23567.45,0.4484808496464403
52,Azerbaijan,2012,Wheat and products,1502.7,46.97,8.1,Wheat,108,Kazakhstan,1101166.0,1382160.0,0.7966993691034323
52,Azerbaijan,2013,Maize and products,92.95,1.92,0.79,Maize,185,Russian Federation,129408.0,138770.0,0.9325358506881892
52,Azerbaijan,2013,Rice and products,21.16,0.44,0.08,Rice,100,India,13394.75,28407.65,0.4715191154495356
52,Azerbaijan,2013,Wheat and products,1490.11,46.49,8.21,Wheat,108,Kazakhstan,849129.0,1498654.0,0.5665944240631927
52,Azerbaijan,2014,Maize and products,110.45,3.03,0.91,Maize,185,Russian Federation,150248.69,155262.22,0.9677092727387256
52,Azerbaijan,2014,Rice and products,7.19,0.15,0.03,Rice,185,Russian Federation,3372.3,7318.059999999999,0.4608188508976423
52,Azerbaijan,2014,Wheat and products,1395.26,43.51,7.73,Wheat,185,Russian Federation,634702.23,1200961.8,0.5284949363085487
52,Azerbaijan,2018,Maize and products,93.21,2.56,0.77,Maize,185,Russian Federation,50149.66,51724.420000000006,0.9695548060277912
52,Azerbaijan,2018,Rice and products,51.34,1.06,0.16,Rice,100,India,11600.32,20278.41,0.5720527398351252
52,Azerbaijan,2018,Wheat and products,1399.88,43.84,7.34,Wheat,185,Russian Federation,812382.92,1084302.94,0.7492213569023433
52,Azerbaijan,2019,Maize and products,95.49,3.43,0.76,Maize,185,Russian Federation,69267.83,71068.89000000001,0.9746575470645452
52,Azerbaijan,2019,Rice and products,50.74,1.04,0.14,Rice,100,India,55238.49,90474.38,0.6105428962320604
52,Azerbaijan,2019,Wheat and products,1442.38,45.1,7.73,Wheat,185,Russian Federation,1314684.1700000002,1589175.89,0.8272741729048004
52,Azerbaijan,2020,Maize and products,87.32,1.81,0.74,Maize,185,Russian Federation,45854.5,48580.12,0.9438943337315756
52,Azerbaijan,2020,Rice and products,58.78,1.2,0.16,Rice,100,India,63366.490000000005,109896.1,0.5766036283362194
52,Azerbaijan,2020,Wheat and products,1436.7,44.96,7.63,Wheat,185,Russian Federation,1354596.22,1370074.87,0.9887023327418596
52,Azerbaijan,2021,Maize and products,79.39,1.64,0.67,Maize,185,Russian Federation,28956.6,30735.88,0.942110653737586
52,Azerbaijan,2021,Rice and products,49.32,1.0,0.13,Rice,100,India,60425.32,92557.37,0.6528417996319472
52,Azerbaijan,2021,Wheat and products,1353.16,42.22,7.48,Wheat,185,Russian Federation,1098764.88,1152701.48,0.9532085271548362
52,Azerbaijan,2022,Maize and products,77.75,1.61,0.66,Maize,185,Russian Federation,74203.8,75863.97,0.9781164892899752
52,Azerbaijan,2022,Rice and products,54.64,1.11,0.14,Rice,100,India,75148.44,100242.45,0.7496668327639638
52,Azerbaijan,2022,Wheat and products,1265.49,39.44,7.14,Wheat,185,Russian Federation,1040587.55,1322537.9300000002,0.7868111200409956
52,Azerbaijan,2023,Maize and products,90.25,1.87,0.77,Maize,185,Russian Federation,71702.8,73061.97,0.9813970250186246
52,Azerbaijan,2023,Rice and products,53.92,1.1,0.14,Rice,100,India,90036.56,108847.48,0.8271809324386747
52,Azerbaijan,2023,Wheat and products,1424.93,44.42,7.96,Wheat,185,Russian Federation,1095358.99,1248760.41,0.8771570440802172
54,Denmark,2010,Maize and products,32.0,0.66,0.27,Maize,68,France,26596.0,54591.0,0.4871865325786302
54,Denmark,2010,Rice and products,52.21,1.06,0.14,Rice,79,Germany,31923.85,69626.5,0.45850143264418
54,Denmark,2010,Wheat and products,670.19,20.85,4.2,Wheat,79,Germany,203661.0,524746.0,0.3881134872871827
54,Denmark,2011,Maize and products,34.44,0.71,0.29,Maize,68,France,16449.0,47118.0,0.349102253915701
54,Denmark,2011,Rice and products,57.55,1.17,0.15,Rice,79,Germany,31847.75,76697.3,0.4152395195137247
54,Denmark,2011,Wheat and products,584.13,18.15,3.84,Wheat,210,Sweden,148265.0,448692.0,0.3304382516291799
54,Denmark,2012,Maize and products,56.75,1.17,0.48,Maize,173,Poland,36827.0,121228.0,0.3037829544329692
54,Denmark,2012,Rice and products,45.12,0.91,0.12,Rice,79,Germany,26135.15,68339.9,0.3824288592754745
54,Denmark,2012,Wheat and products,606.19,18.07,5.29,Wheat,79,Germany,145184.0,475126.0,0.3055694699932229
54,Denmark,2013,Maize and products,67.87,1.4,0.58,Maize,230,Ukraine,103036.0,245053.0,0.4204641444911917
54,Denmark,2013,Rice and products,42.69,0.86,0.11,Rice,106,Italy,19937.4,64781.0,0.3077661660054646
54,Denmark,2013,Wheat and products,609.02,18.05,5.39,Wheat,79,Germany,104029.0,312085.0,0.3333354695035006
54,Denmark,2014,Maize and products,32.07,0.66,0.27,Maize,185,Russian Federation,73232.0,260264.02,0.2813758121464503
54,Denmark,2014,Rice and products,50.43,1.02,0.13,Rice,106,Italy,16117.73,70387.11,0.2289869551399397
54,Denmark,2014,Wheat and products,606.57,18.12,5.13,Wheat,79,Germany,104026.5,263792.22,0.3943501442157771
54,Denmark,2015,Maize and products,28.46,0.59,0.24,Maize,185,Russian Federation,52164.9,174921.42,0.2982190517319148
54,Denmark,2015,Rice and products,37.65,0.76,0.1,Rice,106,Italy,14505.09,68739.17,0.2110163681056958
54,Denmark,2015,Wheat and products,614.19,17.86,6.35,Wheat,210,Sweden,112207.6,298324.68,0.3761257700837893
54,Denmark,2016,Maize and products,32.08,0.66,0.27,Maize,185,Russian Federation,66482.24,174690.54,0.3805714951708318
54,Denmark,2016,Rice and products,41.35,0.83,0.11,Rice,106,Italy,11281.23,67382.65,0.1674203967935366
54,Denmark,2016,Wheat and products,635.53,18.5,6.47,Wheat,79,Germany,148193.81,317868.03,0.4662117483158026
54,Denmark,2017,Maize and products,31.97,0.66,0.27,Maize,185,Russian Federation,50137.71,175171.22,0.2862211612158664
54,Denmark,2017,Rice and products,43.53,0.88,0.12,Rice,106,Italy,10890.4,68150.81999999999,0.1597985174646468
54,Denmark,2017,Wheat and products,630.57,18.52,6.05,Wheat,210,Sweden,109968.78,303574.85,0.3622460160978421
54,Denmark,2018,Maize and products,43.49,0.9,0.37,Maize,230,Ukraine,234497.79,443689.56,0.5285177095444842
54,Denmark,2018,Rice and products,41.81,0.84,0.11,Rice,106,Italy,14094.87,66381.58,0.2123310412316187
54,Denmark,2018,Wheat and products,613.85,18.0,5.9,Wheat,79,Germany,125159.24,402252.2,0.311146191369494
54,Denmark,2019,Maize and products,50.69,1.05,0.43,Maize,230,Ukraine,231126.23,436218.27,0.5298407836058769
54,Denmark,2019,Rice and products,46.71,0.94,0.12,Rice,106,Italy,15847.68,72519.31,0.2185304851907719
54,Denmark,2019,Wheat and products,574.66,17.2,4.72,Wheat,79,Germany,156590.69,294586.94,0.5315601906859823
54,Denmark,2020,Maize and products,53.59,1.11,0.46,Maize,126,Lithuania,84062.12,190589.29,0.4410642381846325
54,Denmark,2020,Rice and products,46.47,0.93,0.12,Rice,106,Italy,19275.160000000003,75888.27,0.2539939308143406
54,Denmark,2020,Wheat and products,547.86,16.23,4.9,Wheat,79,Germany,87119.87,207631.74,0.4195884020429631
54,Denmark,2021,Maize and products,32.62,0.67,0.28,Maize,173,Poland,62255.2,147187.59,0.4229650067644969
54,Denmark,2021,Rice and products,52.79,1.06,0.14,Rice,106,Italy,23598.02,78781.03,0.2995393688049014
54,Denmark,2021,Wheat and products,580.94,17.05,5.49,Wheat,210,Sweden,72998.65000000001,193149.1,0.3779393742968515
54,Denmark,2022,Maize and products,54.49,1.13,0.46,Maize,173,Poland,146317.09,237552.6,0.6159355443804867
54,Denmark,2022,Rice and products,49.62,1.0,0.13,Rice,106,Italy,20420.76,74432.37,0.2743532148714329
54,Denmark,2022,Wheat and products,616.47,17.73,6.58,Wheat,210,Sweden,74435.77,245117.24,0.3036741520098709
54,Denmark,2023,Maize and products,45.5,0.94,0.39,Maize,173,Poland,90134.35,182646.57,0.4934905155897535
54,Denmark,2023,Rice and products,49.82,1.0,0.13,Rice,106,Italy,19020.4,75871.06,0.2506937427788672
54,Denmark,2023,Wheat and products,688.9,18.68,9.12,Wheat,79,Germany,95334.15,218909.27,0.4354961761098559
56,Dominican Republic,2014,Maize and products,51.28,1.09,0.43,Maize,231,United States of America,551743.65,843523.41,0.6540940576859627
56,Dominican Republic,2014,Rice and products,454.72,9.25,1.18,Rice,231,United States of America,143203.90000000002,145867.12000000002,0.9817421499786928
56,Dominican Republic,2014,Wheat and products,181.91,5.35,1.64,Wheat,231,United States of America,477547.13,529904.83,0.9011941446164966
56,Dominican Republic,2015,Maize and products,42.79,0.92,0.35,Maize,21,Brazil,415155.4,961177.87,0.431923593912956
56,Dominican Republic,2015,Rice and products,454.32,9.24,1.17,Rice,231,United States of America,157621.86,161619.40999999997,0.9752656565198452
56,Dominican Republic,2015,Wheat and products,180.97,5.35,1.6,Wheat,231,United States of America,395252.91,502315.82,0.7868613614438821
56,Dominican Republic,2016,Maize and products,47.51,1.01,0.39,Maize,231,United States of America,446326.67,1015153.0,0.4396644348191849
56,Dominican Republic,2016,Rice and products,451.87,9.19,1.17,Rice,231,United States of America,187656.89,193180.88,0.9714050893649516
56,Dominican Republic,2016,Wheat and products,181.72,5.38,1.59,Wheat,231,United States of America,403167.36,503295.68,0.8010546802229656
56,Dominican Republic,2017,Maize and products,51.0,1.09,0.42,Maize,231,United States of America,629518.41,1178470.78,0.5341824512611165
56,Dominican Republic,2017,Rice and products,456.56,9.29,1.18,Rice,231,United States of America,386699.74,396134.89,0.976181976800882
56,Dominican Republic,2017,Wheat and products,181.1,5.35,1.61,Wheat,231,United States of America,404286.58,560509.55,0.7212840173731205
56,Dominican Republic,2018,Maize and products,48.74,1.04,0.4,Maize,231,United States of America,806723.89,1259481.55,0.6405206094523576
56,Dominican Republic,2018,Rice and products,455.58,9.27,1.18,Rice,231,United States of America,204439.4,210033.88,0.9733639163357836
56,Dominican Republic,2018,Wheat and products,183.46,5.45,1.56,Wheat,231,United States of America,301381.49,539299.86,0.5588384354485091
56,Dominican Republic,2019,Maize and products,37.2,0.85,0.29,Maize,21,Brazil,797634.75,1384418.23,0.5761515795699974
56,Dominican Republic,2019,Rice and products,463.54,9.43,1.2,Rice,231,United States of America,44387.63,44989.25,0.9866274721183392
56,Dominican Republic,2019,Wheat and products,179.26,5.25,1.59,Wheat,231,United States of America,344206.92,586664.7,0.5867183077488726
56,Dominican Republic,2020,Maize and products,26.7,0.64,0.2,Maize,21,Brazil,688332.94,1280392.13,0.5375954161792607
56,Dominican Republic,2020,Rice and products,460.38,9.37,1.19,Rice,231,United States of America,73619.6,73874.81000000001,0.99654537182566
56,Dominican Republic,2020,Wheat and products,272.81,8.32,1.79,Wheat,33,Canada,301984.98,530427.49,0.5693237731702028
56,Dominican Republic,2021,Maize and products,30.93,0.72,0.24,Maize,21,Brazil,651503.25,1363109.78,0.4779536172060918
56,Dominican Republic,2021,Rice and products,471.71,9.6,1.22,Rice,231,United States of America,73417.62,73972.86,0.9924940038819642
56,Dominican Republic,2021,Wheat and products,284.47,8.74,1.73,Wheat,231,United States of America,331458.04,582604.7,0.5689244182204504
56,Dominican Republic,2022,Maize and products,32.0,0.75,0.25,Maize,21,Brazil,749628.67,1333132.34,0.5623062673582729
56,Dominican Republic,2022,Rice and products,466.65,9.5,1.21,Rice,231,United States of America,43331.23,44184.670000000006,0.9806847035408434
56,Dominican Republic,2022,Wheat and products,248.93,7.63,1.51,Wheat,231,United States of America,320724.56999999995,606175.34,0.5290953769250989
56,Dominican Republic,2023,Maize and products,34.94,0.8,0.27,Maize,21,Brazil,1095084.41,1441440.09,0.7597155217182838
56,Dominican Republic,2023,Rice and products,448.35,9.13,1.16,Rice,231,United States of America,42633.13,44917.94,0.949133686896594
56,Dominican Republic,2023,Wheat and products,275.96,8.46,1.71,Wheat,33,Canada,284507.41,627050.0,0.4537236424527549
57,Belarus,2010,Maize and products,4.29,0.09,0.04,Maize,230,Ukraine,57463.0,65714.0,0.8744407584380801
57,Belarus,2010,Rice and products,27.2,0.55,0.07,Rice,165,Pakistan,33774.0,58461.100000000006,0.5777174907759176
57,Belarus,2010,Wheat and products,437.57,11.07,8.12,Wheat,185,Russian Federation,32060.0,43852.0,0.7310955030557329
57,Belarus,2011,Maize and products,3.89,0.08,0.03,Maize,230,Ukraine,66980.0,74159.0,0.9031944875200584
57,Belarus,2011,Rice and products,28.49,0.58,0.07,Rice,165,Pakistan,18512.0,52078.75,0.3554616806278952
57,Belarus,2011,Wheat and products,427.57,10.8,7.95,Wheat,185,Russian Federation,18910.0,27341.0,0.6916352730331736
57,Belarus,2012,Maize and products,4.76,0.1,0.04,Maize,230,Ukraine,80758.0,94426.0,0.8552517315146252
57,Belarus,2012,Rice and products,27.75,0.56,0.07,Rice,185,Russian Federation,16041.3,48444.9,0.3311246385068397
57,Belarus,2012,Wheat and products,471.44,12.06,8.38,Wheat,185,Russian Federation,120940.0,191783.0,0.630608552374298
57,Belarus,2013,Maize and products,4.64,0.1,0.04,Maize,230,Ukraine,77405.0,84744.0,0.9133979986783723
57,Belarus,2013,Rice and products,26.97,0.55,0.07,Rice,237,Viet Nam,21714.5,58208.65,0.3730459304587892
57,Belarus,2013,Wheat and products,511.93,13.19,8.87,Wheat,108,Kazakhstan,17873.0,56167.0,0.318211761354532
57,Belarus,2014,Maize and products,3.96,0.08,0.03,Maize,230,Ukraine,107775.07,114380.71,0.9422486536409854
57,Belarus,2014,Rice and products,27.39,0.56,0.07,Rice,165,Pakistan,16698.38,60967.48,0.2738899491991468
57,Belarus,2014,Wheat and products,521.67,13.42,9.31,Wheat,185,Russian Federation,35515.31,58855.240000000005,0.6034349702762234
57,Belarus,2015,Maize and products,3.43,0.07,0.03,Maize,230,Ukraine,34859.0,47301.08,0.7369599171942797
57,Belarus,2015,Rice and products,26.16,0.53,0.07,Rice,165,Pakistan,27883.11,56249.93,0.4957003502048802
57,Belarus,2015,Wheat and products,533.31,13.74,9.44,Wheat,185,Russian Federation,13492.45,17597.52,0.7667245157272161
57,Belarus,2016,Maize and products,4.12,0.09,0.04,Maize,230,Ukraine,24167.56,37667.45,0.6416032940907866
57,Belarus,2016,Rice and products,26.9,0.55,0.07,Rice,165,Pakistan,19098.23,51402.58,0.3715422455448734
57,Belarus,2016,Wheat and products,520.01,13.46,9.06,Wheat,185,Russian Federation,16177.72,18678.39,0.8661196173760158
57,Belarus,2017,Maize and products,4.38,0.09,0.04,Maize,185,Russian Federation,47909.61,71449.14,0.6705414508838035
57,Belarus,2017,Rice and products,27.61,0.56,0.07,Rice,237,Viet Nam,22429.5,56407.380000000005,0.3976341393626152
57,Belarus,2017,Wheat and products,517.48,13.44,8.98,Wheat,185,Russian Federation,138885.47999999998,162115.03999999998,0.856709408331269
57,Belarus,2018,Maize and products,5.01,0.1,0.04,Maize,185,Russian Federation,177573.18,189867.34,0.9352486846868976
57,Belarus,2018,Rice and products,28.01,0.57,0.07,Rice,185,Russian Federation,15046.23,55939.39,0.2689737946731275
57,Belarus,2018,Wheat and products,537.22,14.02,9.15,Wheat,185,Russian Federation,366902.05,371212.82,0.9883873353296364
57,Belarus,2019,Maize and products,6.5,0.13,0.06,Maize,230,Ukraine,246761.12,311614.93,0.7918783608988182
57,Belarus,2019,Rice and products,26.93,0.55,0.07,Rice,237,Viet Nam,14682.72,51633.38,0.2843648817877117
57,Belarus,2019,Wheat and products,571.75,14.91,9.8,Wheat,185,Russian Federation,346271.24,385853.67,0.8974159556393488
57,Belarus,2020,Maize and products,6.81,0.15,0.06,Maize,230,Ukraine,72187.01,105041.58,0.6872231929489255
57,Belarus,2020,Rice and products,28.67,0.58,0.07,Rice,165,Pakistan,17328.82,56771.34,0.3052388758130422
57,Belarus,2020,Wheat and products,576.74,14.94,9.96,Wheat,185,Russian Federation,40186.77,46546.5,0.8633682446585672
57,Belarus,2021,Maize and products,6.39,0.14,0.06,Maize,185,Russian Federation,40128.45,57379.05,0.6993571695592729
57,Belarus,2021,Rice and products,28.38,0.58,0.07,Rice,185,Russian Federation,26968.73,53333.66,0.5056605903288842
57,Belarus,2021,Wheat and products,576.8,14.96,9.94,Wheat,185,Russian Federation,218628.83,224306.63,0.9746873286803872
58,Ecuador,2010,Maize and products,292.42,6.05,2.49,Maize,9,Argentina,308725.0,485774.0,0.6355321610460831
58,Ecuador,2010,Rice and products,357.44,7.27,0.92,Rice,231,United States of America,256.0,338.65,0.7559427137162262
58,Ecuador,2010,Wheat and products,270.31,8.34,1.62,Wheat,33,Canada,418384.0,621519.0,0.673163652277726
58,Ecuador,2011,Maize and products,294.88,6.11,2.5,Maize,231,United States of America,215730.0,543817.0,0.3966959473499357
58,Ecuador,2011,Rice and products,348.76,7.1,0.9,Rice,231,United States of America,262.0,306.0,0.8562091503267973
58,Ecuador,2011,Wheat and products,262.95,8.13,1.6,Wheat,33,Canada,432262.0,561586.0,0.7697164815362206
58,Ecuador,2012,Maize and products,304.47,6.3,2.59,Maize,9,Argentina,249515.0,315383.0,0.791149174178697
58,Ecuador,2012,Rice and products,358.27,7.3,0.93,Rice,170,Peru,83820.9,84784.2,0.9886382132519974
58,Ecuador,2012,Wheat and products,252.09,7.8,1.5,Wheat,33,Canada,326155.0,576326.0,0.5659210238649653
58,Ecuador,2013,Maize and products,294.02,6.08,2.5,Maize,9,Argentina,73682.0,138276.0,0.5328618126066708
58,Ecuador,2013,Rice and products,373.66,7.6,0.96,Rice,231,United States of America,422.0,512.0,0.82421875
58,Ecuador,2013,Wheat and products,245.76,7.58,1.5,Wheat,33,Canada,359470.0,565991.0,0.6351161060864925
58,Ecuador,2014,Maize and products,300.36,6.22,2.55,Maize,21,Brazil,69098.67,134711.21,0.5129392720917584
58,Ecuador,2014,Rice and products,347.74,7.08,0.9,Rice,231,United States of America,344.22,378.18,0.9102014913533238
58,Ecuador,2014,Wheat and products,261.27,8.1,1.51,Wheat,33,Canada,420346.69,803120.21,0.5233919963239376
58,Ecuador,2015,Maize and products,335.71,6.95,2.85,Maize,21,Brazil,34319.04,46289.68,0.7413972185592987
58,Ecuador,2015,Rice and products,364.08,7.41,0.94,Rice,231,United States of America,329.32,386.9,0.8511760144740244
58,Ecuador,2015,Wheat and products,286.17,8.89,1.63,Wheat,33,Canada,495296.21,912750.09,0.5426416446587258
58,Ecuador,2016,Maize and products,335.95,6.95,2.85,Maize,9,Argentina,71902.45,76573.08,0.9390042819225763
58,Ecuador,2016,Rice and products,376.85,7.67,0.97,Rice,231,United States of America,133.9,189.96,0.7048852389976837
58,Ecuador,2016,Wheat and products,306.76,9.58,1.64,Wheat,33,Canada,456110.21,945010.99,0.4826506938294971
58,Ecuador,2017,Maize and products,338.2,7.0,2.87,Maize,231,United States of America,48994.24,93427.47,0.5244093626853001
58,Ecuador,2017,Rice and products,342.57,6.97,0.89,Rice,231,United States of America,207.1,297.64,0.6958070151861309
58,Ecuador,2017,Wheat and products,325.76,10.17,1.74,Wheat,33,Canada,523485.81,1137153.25,0.4603476356418978
58,Ecuador,2018,Maize and products,342.24,7.08,2.91,Maize,9,Argentina,62120.86,72973.99,0.8512739950220619
58,Ecuador,2018,Rice and products,366.89,7.46,0.95,Rice,231,United States of America,284.62,356.0,0.7994943820224719
58,Ecuador,2018,Wheat and products,326.54,10.16,1.79,Wheat,33,Canada,625226.3,1134824.6800000002,0.5509452790540297
58,Ecuador,2019,Maize and products,355.12,7.35,3.02,Maize,231,United States of America,27716.09,42910.71,0.6459014544387637
58,Ecuador,2019,Rice and products,351.43,7.15,0.91,Rice,231,United States of America,328.32,458.32,0.7163553848839239
58,Ecuador,2019,Wheat and products,332.03,10.31,1.88,Wheat,33,Canada,667314.1,1189335.7,0.561081366682258
58,Ecuador,2020,Maize and products,361.33,7.5,3.09,Maize,9,Argentina,44430.38,67200.85,0.6611580061859336
58,Ecuador,2020,Rice and products,338.84,6.9,0.88,Rice,170,Peru,685.52,1368.11,0.5010708203287747
58,Ecuador,2020,Wheat and products,328.09,10.23,1.78,Wheat,33,Canada,691899.4,1272340.04,0.5438006965496425
58,Ecuador,2021,Maize and products,143.88,2.99,1.23,Maize,9,Argentina,35102.96,71919.62,0.4880860049038079
58,Ecuador,2021,Rice and products,426.85,8.68,1.1,Rice,231,United States of America,684.08,1100.12,0.6218230738464895
58,Ecuador,2021,Wheat and products,353.41,11.03,1.89,Wheat,33,Canada,1019800.43,1510530.44,0.6751273612202082
58,Ecuador,2022,Maize and products,162.9,3.4,1.4,Maize,9,Argentina,169227.45,196420.03,0.861559027355815
58,Ecuador,2022,Rice and products,424.12,8.63,1.1,Rice,231,United States of America,488.6,1382.06,0.3535302374716004
58,Ecuador,2022,Wheat and products,338.39,10.58,1.77,Wheat,33,Canada,678874.8,1390804.82,0.4881165137175754
58,Ecuador,2023,Maize and products,142.23,2.97,1.23,Maize,21,Brazil,103738.43,190045.07,0.5458622525698773
58,Ecuador,2023,Rice and products,423.88,8.62,1.09,Rice,234,Uruguay,34148.44,34705.23,0.983956596743488
58,Ecuador,2023,Wheat and products,335.64,10.49,1.8,Wheat,33,Canada,797774.8,1372948.16,0.5810669501170386
59,Egypt,2011,Maize and products,552.58,12.07,5.2,Maize,231,United States of America,3288127.0,7047865.0,0.4665422791157322
59,Egypt,2011,Rice and products,352.32,7.18,0.96,Rice,216,Thailand,59006.45,181621.25,0.3248873686311486
59,Egypt,2011,Wheat and products,1058.03,33.39,5.05,Wheat,185,Russian Federation,3777498.0,9804993.0,0.3852626921814223
59,Egypt,2013,Maize and products,548.65,11.98,5.16,Maize,9,Argentina,2119527.0,5771769.0,0.3672231165176569
59,Egypt,2013,Rice and products,356.95,7.29,0.99,Rice,100,India,15109.65,33849.6,0.4463760280771412
59,Egypt,2013,Wheat and products,1052.31,33.22,4.98,Wheat,230,Ukraine,6463404.0,10301305.0,0.6274354559931969
59,Egypt,2017,Maize and products,523.78,11.46,4.94,Maize,230,Ukraine,3237707.26,9412398.7,0.3439832250199941
59,Egypt,2017,Rice and products,325.05,6.64,0.89,Rice,100,India,98121.93,109772.96,0.893862477608329
59,Egypt,2017,Wheat and products,1046.97,33.07,4.93,Wheat,185,Russian Federation,7839201.67,12958257.88,0.6049579922389999
59,Egypt,2018,Maize and products,515.81,11.29,4.87,Maize,230,Ukraine,2380360.92,8588627.64,0.2771526511306525
59,Egypt,2018,Rice and products,287.49,5.86,0.77,Rice,41,"China, mainland",65369.74,141478.8,0.462046186425104
59,Egypt,2018,Wheat and products,1044.74,33.0,4.89,Wheat,185,Russian Federation,8933184.01,12158942.36,0.734700744974993
59,Egypt,2019,Maize and products,513.81,11.25,4.86,Maize,9,Argentina,4678844.07,8078445.62,0.5791762784682829
59,Egypt,2019,Rice and products,288.58,5.89,0.79,Rice,41,"China, mainland",850372.0,977724.95,0.8697456273361952
59,Egypt,2019,Wheat and products,1053.1,33.27,4.97,Wheat,185,Russian Federation,5743949.1,10445591.15,0.5498922002131015
59,Egypt,2020,Maize and products,515.97,11.29,4.87,Maize,9,Argentina,3016469.02,7755838.13,0.3889288261873511
59,Egypt,2020,Rice and products,302.73,6.18,0.83,Rice,100,India,101849.39,153122.25,0.6651508190351174
59,Egypt,2020,Wheat and products,1042.58,32.93,4.94,Wheat,185,Russian Federation,5416203.49,8994735.110000001,0.6021526397123661
59,Egypt,2021,Maize and products,545.89,11.91,5.12,Maize,9,Argentina,2694644.38,6632849.55,0.4062574252117629
59,Egypt,2021,Rice and products,267.96,5.46,0.72,Rice,100,India,250231.29,274465.24,0.9117048483079316
59,Egypt,2021,Wheat and products,1024.92,32.37,4.84,Wheat,185,Russian Federation,2766270.9,5892918.44,0.4694229061822889
59,Egypt,2022,Maize and products,561.66,12.22,5.25,Maize,21,Brazil,3497432.81,6379971.51,0.5481894087643034
59,Egypt,2022,Rice and products,252.33,5.14,0.69,Rice,100,India,369194.48,424546.5,0.8696208306981684
59,Egypt,2022,Wheat and products,1052.93,33.27,4.98,Wheat,185,Russian Federation,4106475.38,8030353.88,0.5113691677059692
59,Egypt,2023,Maize and products,569.71,12.39,5.32,Maize,230,Ukraine,2536491.52,6296187.0,0.4028615287315958
59,Egypt,2023,Rice and products,317.88,6.48,0.87,Rice,100,India,360253.54000000004,433772.5800000001,0.830512477298588
59,Egypt,2023,Wheat and products,1048.7,33.13,4.96,Wheat,185,Russian Federation,5505092.83,8186970.170000001,0.6724212639949071
60,El Salvador,2010,Maize and products,721.65,14.92,6.13,Maize,231,United States of America,398330.0,450584.0,0.8840305026365783
60,El Salvador,2010,Rice and products,111.6,2.28,0.3,Rice,231,United States of America,59036.75,69594.65,0.8482943732025379
60,El Salvador,2010,Wheat and products,218.76,6.83,1.18,Wheat,231,United States of America,234615.0,242060.0,0.9692431628521854
60,El Salvador,2011,Maize and products,689.85,14.27,5.86,Maize,231,United States of America,534525.0,603716.0,0.8853914754619722
60,El Salvador,2011,Rice and products,93.06,1.89,0.24,Rice,231,United States of America,57999.4,69015.5,0.8403822329766502
60,El Salvador,2011,Wheat and products,229.28,7.16,1.23,Wheat,231,United States of America,243761.0,263845.0,0.9238795504936612
60,El Salvador,2012,Maize and products,687.82,14.22,5.85,Maize,231,United States of America,269035.0,428256.0,0.6282106964058881
60,El Salvador,2012,Rice and products,84.45,1.72,0.23,Rice,231,United States of America,53696.1,71747.85,0.7484001262755607
60,El Salvador,2012,Wheat and products,250.52,7.83,1.33,Wheat,231,United States of America,291089.0,317855.0,0.9157917918547764
60,El Salvador,2013,Maize and products,665.02,13.75,5.65,Maize,231,United States of America,220322.0,321189.0,0.6859574892041758
60,El Salvador,2013,Rice and products,101.26,2.07,0.29,Rice,231,United States of America,56506.8,70854.0,0.7975103734439835
60,El Salvador,2013,Wheat and products,232.43,7.26,1.25,Wheat,231,United States of America,243809.0,268641.0,0.90756437029344
60,El Salvador,2014,Maize and products,684.93,14.16,5.82,Maize,231,United States of America,422168.08,430196.84,0.9813370084261892
60,El Salvador,2014,Rice and products,92.2,1.88,0.24,Rice,231,United States of America,60932.52,76836.44,0.793015917968089
60,El Salvador,2014,Wheat and products,257.8,7.98,1.54,Wheat,231,United States of America,259761.62,289359.01,0.8977139505695709
60,El Salvador,2015,Maize and products,688.25,14.23,5.85,Maize,231,United States of America,514809.52,600487.95,0.857318652272706
60,El Salvador,2015,Rice and products,92.66,1.88,0.24,Rice,231,United States of America,56467.77,70351.31999999999,0.8026540226963759
60,El Salvador,2015,Wheat and products,268.73,8.31,1.61,Wheat,231,United States of America,266645.25,291054.28,0.9161358149414603
60,El Salvador,2016,Maize and products,692.23,14.32,5.88,Maize,231,United States of America,676491.2,709278.49,0.9537737426662972
60,El Salvador,2016,Rice and products,93.31,1.9,0.24,Rice,231,United States of America,52425.56,71475.98999999999,0.733470917996379
60,El Salvador,2016,Wheat and products,285.92,8.76,1.88,Wheat,231,United States of America,261972.76,314981.74,0.8317077682026901
60,El Salvador,2017,Maize and products,696.81,14.41,5.92,Maize,231,United States of America,443308.28,488579.51,0.9073411203838656
60,El Salvador,2017,Rice and products,93.75,1.91,0.24,Rice,231,United States of America,41444.59,60637.39,0.683482419015726
60,El Salvador,2017,Wheat and products,304.63,9.32,2.07,Wheat,231,United States of America,317675.45,343036.96,0.9260677041914084
60,El Salvador,2018,Maize and products,706.63,14.61,6.01,Maize,231,United States of America,602355.23,653683.13,0.9214789281773264
60,El Salvador,2018,Rice and products,95.19,1.94,0.25,Rice,231,United States of America,53543.75,74365.95,0.7200035769058286
60,El Salvador,2018,Wheat and products,291.7,8.96,1.86,Wheat,231,United States of America,294481.87,322917.98,0.9119401465350429
60,El Salvador,2019,Maize and products,787.12,16.28,6.69,Maize,231,United States of America,594425.67,794581.4600000001,0.7480990935781462
60,El Salvador,2019,Rice and products,95.26,1.94,0.25,Rice,231,United States of America,46160.95,64842.37999999999,0.7118947515498352
60,El Salvador,2019,Wheat and products,349.05,10.68,2.3,Wheat,231,United States of America,329426.17,357386.39,0.9217647320033648
60,El Salvador,2020,Maize and products,765.28,15.83,6.5,Maize,231,United States of America,556754.38,685344.04,0.8123721043813265
60,El Salvador,2020,Rice and products,118.55,2.41,0.31,Rice,231,United States of America,41093.59,91166.16,0.4507548634273945
60,El Salvador,2020,Wheat and products,294.45,8.75,2.48,Wheat,231,United States of America,234153.34000000003,289127.24000000005,0.8098626058201918
60,El Salvador,2021,Maize and products,748.49,15.48,6.36,Maize,231,United States of America,565479.47,606821.6,0.9318710309586872
60,El Salvador,2021,Rice and products,101.15,2.06,0.26,Rice,231,United States of America,52528.51,69260.26,0.7584220734949595
60,El Salvador,2021,Wheat and products,318.06,9.53,2.49,Wheat,33,Canada,170612.7,321619.61,0.5304797801352972
60,El Salvador,2022,Maize and products,760.4,15.72,6.46,Maize,231,United States of America,544550.32,791208.6399999999,0.6882512304213463
60,El Salvador,2022,Rice and products,109.37,2.22,0.28,Rice,231,United States of America,28688.56,83834.29,0.3422055581314042
60,El Salvador,2022,Wheat and products,311.88,9.37,2.31,Wheat,231,United States of America,219886.43,320347.5,0.6863997065686481
60,El Salvador,2023,Maize and products,767.14,15.86,6.52,Maize,231,United States of America,471812.58,724957.66,0.6508139799502222
60,El Salvador,2023,Rice and products,100.85,2.05,0.26,Rice,21,Brazil,39958.93,86435.01,0.4623002878116171
60,El Salvador,2023,Wheat and products,316.04,9.46,2.43,Wheat,33,Canada,257167.34,331326.09,0.7761759419549484
63,Estonia,2010,Maize and products,48.43,1.01,0.41,Maize,97,Hungary,11621.0,18034.0,0.6443939225906621
63,Estonia,2010,Rice and products,24.71,0.51,0.07,Rice,126,Lithuania,1431.55,7197.45,0.1988968315167177
63,Estonia,2010,Wheat and products,627.15,19.05,5.01,Wheat,119,Latvia,21934.0,44528.0,0.4925889328063241
63,Estonia,2011,Maize and products,58.52,1.22,0.5,Maize,97,Hungary,6979.0,19250.0,0.3625454545454545
63,Estonia,2011,Rice and products,23.6,0.48,0.07,Rice,126,Lithuania,1279.05,7201.3,0.1776137641814672
63,Estonia,2011,Wheat and products,635.01,19.47,4.86,Wheat,67,Finland,15907.0,25308.0,0.6285364311680102
63,Estonia,2012,Maize and products,49.5,1.03,0.42,Maize,230,Ukraine,7016.0,16975.0,0.4133136966126657
63,Estonia,2012,Rice and products,25.16,0.51,0.07,Rice,84,Greece,1728.0,7526.6,0.2295857359232588
63,Estonia,2012,Wheat and products,654.97,21.43,4.97,Wheat,119,Latvia,21625.0,34529.0,0.6262851516116887
63,Estonia,2013,Maize and products,37.29,0.78,0.31,Maize,230,Ukraine,11785.0,30152.0,0.3908530114088617
63,Estonia,2013,Rice and products,24.16,0.49,0.07,Rice,119,Latvia,1507.6,7422.4,0.2031148954516059
63,Estonia,2013,Wheat and products,659.86,21.77,5.47,Wheat,119,Latvia,28109.0,46998.0,0.5980892803949104
63,Estonia,2014,Maize and products,70.86,1.48,0.6,Maize,126,Lithuania,13159.8,27464.23,0.479161440171452
63,Estonia,2014,Rice and products,24.72,0.51,0.07,Rice,119,Latvia,1455.24,5941.72,0.2449189796893828
63,Estonia,2014,Wheat and products,511.79,16.68,4.77,Wheat,119,Latvia,10152.04,20761.32,0.4889881760889963
63,Estonia,2015,Maize and products,46.96,0.98,0.4,Maize,126,Lithuania,9473.9,15171.25,0.6244640355936393
63,Estonia,2015,Rice and products,25.44,0.52,0.07,Rice,115,Cambodia,1934.0,6990.97,0.2766425832180655
63,Estonia,2015,Wheat and products,482.03,15.69,4.68,Wheat,119,Latvia,42795.47,50689.89000000001,0.8442604629838415
63,Estonia,2016,Maize and products,52.64,1.1,0.45,Maize,185,Russian Federation,9511.61,22102.23,0.4303461686897657
63,Estonia,2016,Rice and products,24.9,0.51,0.08,Rice,119,Latvia,1596.85,6508.57,0.2453457518318156
63,Estonia,2016,Wheat and products,469.5,15.46,4.35,Wheat,119,Latvia,11394.22,22244.55,0.5122252416884135
63,Estonia,2017,Maize and products,62.2,1.3,0.53,Maize,126,Lithuania,12299.8,23116.83,0.5320712225681462
63,Estonia,2017,Rice and products,23.93,0.49,0.07,Rice,119,Latvia,1612.96,6594.24,0.2446013490561459
63,Estonia,2017,Wheat and products,461.15,15.32,4.27,Wheat,119,Latvia,33711.16,39779.95,0.8474409847171753
63,Estonia,2018,Maize and products,83.97,1.75,0.71,Maize,119,Latvia,15533.88,30206.75,0.5142519469986013
63,Estonia,2018,Rice and products,22.21,0.45,0.06,Rice,119,Latvia,1783.0500000000002,6264.05,0.2846481110463678
63,Estonia,2018,Wheat and products,472.57,15.63,4.25,Wheat,119,Latvia,10863.27,26198.79,0.4146477757178862
63,Estonia,2019,Maize and products,68.26,1.42,0.58,Maize,119,Latvia,14207.05,25331.21,0.5608516134839197
63,Estonia,2019,Rice and products,25.48,0.52,0.08,Rice,119,Latvia,2160.85,7241.87,0.2983828762460525
63,Estonia,2019,Wheat and products,334.68,11.03,3.37,Wheat,119,Latvia,17171.329999999998,20516.79,0.8369403790748943
63,Estonia,2020,Maize and products,69.59,1.45,0.59,Maize,119,Latvia,14477.45,25984.92,0.5571481459246364
63,Estonia,2020,Rice and products,27.57,0.57,0.08,Rice,119,Latvia,2727.09,7864.71,0.346750229824113
63,Estonia,2020,Wheat and products,293.18,9.7,3.19,Wheat,119,Latvia,14867.94,18230.1,0.8155709513387202
63,Estonia,2021,Maize and products,65.54,1.36,0.56,Maize,119,Latvia,13909.82,24191.54,0.5749869582506942
63,Estonia,2021,Rice and products,27.22,0.56,0.08,Rice,119,Latvia,2342.24,7619.91,0.3073842079499626
63,Estonia,2021,Wheat and products,354.51,11.33,4.91,Wheat,119,Latvia,12666.7,17351.64,0.7300001613680321
63,Estonia,2022,Maize and products,69.44,1.44,0.59,Maize,119,Latvia,19434.7,37984.07,0.5116539644119232
63,Estonia,2022,Rice and products,28.6,0.59,0.09,Rice,119,Latvia,2258.95,8102.91,0.2787825608330834
63,Estonia,2022,Wheat and products,338.59,11.02,4.39,Wheat,119,Latvia,5851.43,10708.7,0.5464183327574775
63,Estonia,2023,Maize and products,87.39,1.82,0.74,Maize,185,Russian Federation,30223.58,65421.42,0.4619829407554896
63,Estonia,2023,Rice and products,25.4,0.52,0.07,Rice,119,Latvia,2604.4700000000003,7656.8,0.3401512381151395
63,Estonia,2023,Wheat and products,345.09,11.0,4.66,Wheat,119,Latvia,5455.709999999999,10658.749999999998,0.51185270317814
66,Fiji,2010,Maize and products,15.06,0.29,0.12,Maize,156,New Zealand,58.0,63.0,0.9206349206349206
66,Fiji,2010,Rice and products,405.14,8.23,1.06,Rice,237,Viet Nam,90239.5,98307.6,0.9179300481346304
66,Fiji,2010,Wheat and products,471.31,14.49,2.43,Wheat,10,Australia,77848.0,81701.0,0.9528402345136534
66,Fiji,2011,Maize and products,10.99,0.21,0.09,Maize,156,New Zealand,22.0,22.0,1.0
66,Fiji,2011,Rice and products,405.22,8.22,1.05,Rice,237,Viet Nam,49549.0,59985.55,0.8260155987567005
66,Fiji,2011,Wheat and products,483.64,14.85,2.49,Wheat,10,Australia,103853.0,104341.0,0.9953230273813746
66,Fiji,2012,Maize and products,12.45,0.24,0.1,Maize,156,New Zealand,56.0,57.0,0.9824561403508772
66,Fiji,2012,Rice and products,406.29,8.24,1.06,Rice,237,Viet Nam,44569.0,61705.5,0.722285695764559
66,Fiji,2012,Wheat and products,485.72,14.98,2.58,Wheat,10,Australia,159843.0,160076.0,0.9985444413903396
66,Fiji,2013,Maize and products,14.23,0.28,0.12,Maize,156,New Zealand,48.0,52.0,0.9230769230769232
66,Fiji,2013,Rice and products,406.82,8.26,1.06,Rice,237,Viet Nam,54264.0,75967.5,0.7143054595715272
66,Fiji,2013,Wheat and products,464.3,14.28,2.44,Wheat,10,Australia,160890.0,161043.0,0.9990499431828768
66,Fiji,2014,Maize and products,17.43,0.34,0.15,Maize,156,New Zealand,84.36,86.26,0.9779735682819384
66,Fiji,2014,Rice and products,411.57,8.35,1.07,Rice,216,Thailand,33042.64,84966.0,0.3888924981757409
66,Fiji,2014,Wheat and products,467.03,14.36,2.57,Wheat,10,Australia,93288.09,93339.81,0.9994458955937452
66,Fiji,2015,Maize and products,12.41,0.25,0.11,Maize,156,New Zealand,94.82,95.83,0.9894605029740164
66,Fiji,2015,Rice and products,418.79,8.54,1.12,Rice,237,Viet Nam,26805.120000000003,48663.51,0.5508258652119422
66,Fiji,2015,Wheat and products,469.42,14.44,2.5,Wheat,10,Australia,117983.21,118091.38,0.9990840144301812
66,Fiji,2016,Maize and products,17.49,0.35,0.15,Maize,156,New Zealand,104.13,105.72,0.9849602724177072
66,Fiji,2016,Rice and products,425.61,8.64,1.14,Rice,237,Viet Nam,21921.03,43423.25,0.5048224165625558
66,Fiji,2016,Wheat and products,478.31,14.67,2.59,Wheat,10,Australia,172220.63999999998,172772.72999999998,0.996804530437182
66,Fiji,2017,Maize and products,16.82,0.35,0.15,Maize,156,New Zealand,57.98,121.83,0.4759090535992776
66,Fiji,2017,Rice and products,426.21,8.63,1.14,Rice,237,Viet Nam,60428.67,74569.12,0.8103712367800505
66,Fiji,2017,Wheat and products,405.09,12.4,2.21,Wheat,10,Australia,59963.37,60016.48,0.9991150763923508
66,Fiji,2018,Maize and products,19.79,0.41,0.18,Maize,156,New Zealand,72.76,171.78,0.4235650250320177
66,Fiji,2018,Rice and products,402.15,8.15,1.08,Rice,237,Viet Nam,55692.68,77912.08,0.7148144421250209
66,Fiji,2018,Wheat and products,422.78,12.93,2.29,Wheat,10,Australia,66276.63,68465.64,0.9680276120985652
66,Fiji,2019,Maize and products,21.6,0.45,0.19,Maize,200,Singapore,57.2,125.6,0.4554140127388535
66,Fiji,2019,Rice and products,410.15,8.3,1.06,Rice,237,Viet Nam,52607.9,73162.36,0.7190569030304654
66,Fiji,2019,Wheat and products,445.28,13.63,2.42,Wheat,10,Australia,176963.84,178154.38,0.9933173689021848
66,Fiji,2020,Maize and products,19.99,0.42,0.18,Maize,156,New Zealand,32.83,35.49,0.9250493096646942
66,Fiji,2020,Rice and products,384.39,7.75,0.99,Rice,237,Viet Nam,44343.16,81759.16,0.5423632043186354
66,Fiji,2020,Wheat and products,424.9,13.02,2.33,Wheat,10,Australia,163691.63999999998,163750.78,0.9996388414149844
66,Fiji,2021,Maize and products,20.93,0.43,0.18,Maize,9,Argentina,51.26,130.3,0.3933998465080582
66,Fiji,2021,Rice and products,390.2,7.89,1.01,Rice,41,"China, mainland",29880.82,97443.51,0.3066476156287884
66,Fiji,2021,Wheat and products,439.08,13.45,2.41,Wheat,10,Australia,111276.2,112317.41,0.9907297541850368
66,Fiji,2022,Maize and products,23.53,0.49,0.21,Maize,156,New Zealand,79.95,123.75,0.6460606060606061
66,Fiji,2022,Rice and products,363.37,7.35,0.94,Rice,237,Viet Nam,28431.26,75010.64,0.3790296949872711
66,Fiji,2022,Wheat and products,420.03,12.8,2.4,Wheat,10,Australia,131152.4,131196.52,0.9996637105923236
66,Fiji,2023,Maize and products,28.25,0.59,0.25,Maize,156,New Zealand,79.98,177.46,0.4506931139411698
66,Fiji,2023,Rice and products,372.09,7.54,0.97,Rice,237,Viet Nam,43296.9,84874.26999999999,0.5101298662126933
66,Fiji,2023,Wheat and products,370.85,11.25,2.08,Wheat,10,Australia,148828.66,148860.23,0.9997879218646916
67,Finland,2010,Maize and products,0.01,0.0,0.0,Maize,231,United States of America,161.0,177.0,0.9096045197740112
67,Finland,2010,Rice and products,42.84,0.87,0.11,Rice,106,Italy,22995.5,45685.35,0.5033451642594399
67,Finland,2010,Wheat and products,630.98,19.57,6.88,Wheat,63,Estonia,9375.0,26405.0,0.3550463927286498
67,Finland,2011,Maize and products,0.01,0.0,0.0,Maize,231,United States of America,196.0,222.0,0.8828828828828829
67,Finland,2011,Rice and products,42.62,0.87,0.11,Rice,106,Italy,21546.5,47638.55,0.4522912641127826
67,Finland,2011,Wheat and products,605.78,18.87,6.76,Wheat,63,Estonia,6315.0,16193.0,0.389983326128574
67,Finland,2012,Maize and products,0.05,0.0,0.0,Maize,173,Poland,1200.0,1620.0,0.7407407407407407
67,Finland,2012,Rice and products,42.52,0.86,0.11,Rice,106,Italy,17601.35,46133.55,0.3815303613097192
67,Finland,2012,Wheat and products,653.7,19.78,8.4,Wheat,63,Estonia,8292.0,22276.0,0.3722391811815406
67,Finland,2013,Maize and products,0.08,0.0,0.0,Maize,185,Russian Federation,2100.0,2456.0,0.8550488599348535
67,Finland,2013,Rice and products,42.4,0.86,0.11,Rice,106,Italy,16593.5,47199.9,0.3515579482159919
67,Finland,2013,Wheat and products,634.86,19.06,8.54,Wheat,63,Estonia,13888.0,22053.0,0.6297555888087788
67,Finland,2014,Maize and products,0.19,0.0,0.0,Maize,185,Russian Federation,3399.9,6149.83,0.5528445501745577
67,Finland,2014,Rice and products,41.99,0.85,0.11,Rice,106,Italy,14917.54,43206.0,0.3452654723880942
67,Finland,2014,Wheat and products,608.2,18.47,7.74,Wheat,63,Estonia,9228.35,16938.870000000003,0.5448031657365573
67,Finland,2015,Maize and products,0.15,0.0,0.0,Maize,173,Poland,3422.6,4507.47,0.759317311041449
67,Finland,2015,Rice and products,41.85,0.85,0.11,Rice,106,Italy,15753.87,46512.46,0.3387021456186149
67,Finland,2015,Wheat and products,613.46,18.31,7.98,Wheat,63,Estonia,9206.8,22456.99,0.4099748007190634
67,Finland,2016,Maize and products,0.09,0.0,0.0,Maize,185,Russian Federation,1180.0,2645.21,0.4460893464034992
67,Finland,2016,Rice and products,42.79,0.87,0.11,Rice,106,Italy,21494.9,49987.33,0.4300069637646179
67,Finland,2016,Wheat and products,614.32,18.31,7.99,Wheat,63,Estonia,9235.67,17014.63,0.5428075720717993
67,Finland,2017,Maize and products,0.24,0.01,0.0,Maize,173,Poland,6155.02,7468.43,0.8241384065995129
67,Finland,2017,Rice and products,43.06,0.87,0.11,Rice,106,Italy,20097.7,49798.84,0.4035776736968171
67,Finland,2017,Wheat and products,627.38,18.42,8.53,Wheat,63,Estonia,19129.8,34509.63,0.5543322255266139
67,Finland,2018,Maize and products,2.21,0.06,0.02,Maize,230,Ukraine,27261.83,57668.69,0.4727319105046429
67,Finland,2018,Rice and products,43.43,0.88,0.11,Rice,106,Italy,19743.2,49609.2,0.3979745692331261
67,Finland,2018,Wheat and products,616.18,17.92,8.7,Wheat,63,Estonia,20151.83,62835.46000000001,0.3207079251110758
67,Finland,2019,Maize and products,1.1,0.03,0.01,Maize,126,Lithuania,8847.8,26091.81,0.3391025766322842
67,Finland,2019,Rice and products,48.75,0.99,0.13,Rice,106,Italy,18911.67,55398.22,0.3413768529024939
67,Finland,2019,Wheat and products,630.35,18.28,8.91,Wheat,119,Latvia,11192.62,26402.73,0.423919041705157
67,Finland,2020,Maize and products,1.24,0.03,0.01,Maize,173,Poland,10814.72,22828.12,0.47374553839738
67,Finland,2020,Rice and products,51.95,1.05,0.14,Rice,203,Spain,18866.64,57204.75,0.3298089756532456
67,Finland,2020,Wheat and products,614.62,17.82,8.87,Wheat,63,Estonia,5492.38,15931.26,0.3447549032531011
67,Finland,2021,Maize and products,1.45,0.04,0.01,Maize,173,Poland,25052.88,32237.74,0.777128917845978
67,Finland,2021,Rice and products,52.12,1.05,0.14,Rice,106,Italy,20549.09,57099.74,0.3598806229240273
67,Finland,2021,Wheat and products,616.57,17.65,9.03,Wheat,63,Estonia,8452.68,19835.84,0.4261316889025118
67,Finland,2022,Maize and products,4.04,0.11,0.03,Maize,173,Poland,70633.07,80917.38,0.8729035715194932
67,Finland,2022,Rice and products,63.43,1.28,0.17,Rice,106,Italy,22821.81,70645.69,0.3230460343723729
67,Finland,2022,Wheat and products,665.22,19.06,9.91,Wheat,63,Estonia,38029.55,90769.69,0.4189674989525689
67,Finland,2023,Maize and products,1.19,0.03,0.01,Maize,173,Poland,17712.64,26738.78,0.6624326165965687
67,Finland,2023,Rice and products,60.66,1.23,0.16,Rice,106,Italy,22245.8,67365.22,0.3302267846820659
67,Finland,2023,Wheat and products,679.05,19.26,10.03,Wheat,255,Belgium,7979.29,18625.33,0.4284106644016509
68,France,2010,Maize and products,83.12,1.74,0.69,Maize,79,Germany,228854.0,346932.0,0.6596508825937071
68,France,2010,Rice and products,54.81,1.14,0.2,Rice,106,Italy,227631.95,715691.8,0.3180586252350523
68,France,2010,Wheat and products,776.66,24.27,4.32,Wheat,79,Germany,357784.0,934224.0,0.3829745328743427
68,France,2011,Maize and products,87.6,1.84,0.72,Maize,79,Germany,290174.0,481646.0,0.602463219875178
68,France,2011,Rice and products,63.1,1.31,0.23,Rice,106,Italy,239470.35,781719.05,0.3063381274896652
68,France,2011,Wheat and products,756.17,23.56,4.37,Wheat,79,Germany,338057.0,757233.0,0.4464372260585579
68,France,2012,Maize and products,90.83,1.91,0.74,Maize,79,Germany,287250.0,427715.0,0.6715920648095111
68,France,2012,Rice and products,60.13,1.24,0.21,Rice,106,Italy,241757.85,754685.0,0.3203427257730046
68,France,2012,Wheat and products,779.5,24.33,4.46,Wheat,79,Germany,331298.0,567313.0,0.5839774516007918
68,France,2013,Maize and products,93.35,1.97,0.76,Maize,79,Germany,200677.0,529237.0,0.3791817276569854
68,France,2013,Rice and products,49.79,1.03,0.17,Rice,106,Italy,244580.55,802011.5499999999,0.3049588874374689
68,France,2013,Wheat and products,773.97,24.17,4.43,Wheat,79,Germany,330057.0,594837.0,0.5548696533672249
68,France,2014,Maize and products,102.59,2.17,0.84,Maize,79,Germany,199760.2,578158.88,0.3455109086969312
68,France,2014,Rice and products,57.27,1.19,0.2,Rice,106,Italy,221509.28,839599.42,0.2638273380417533
68,France,2014,Wheat and products,702.16,21.97,3.95,Wheat,79,Germany,468770.3000000001,853699.2500000001,0.5491047344834847
68,France,2015,Maize and products,97.09,2.06,0.8,Maize,79,Germany,168814.2,360632.71,0.4681056246949978
68,France,2015,Rice and products,61.21,1.27,0.22,Rice,106,Italy,216798.52,890411.51,0.2434812640730576
68,France,2015,Wheat and products,752.13,23.35,4.6,Wheat,79,Germany,454476.7,1012639.42,0.4488040767759169
68,France,2016,Maize and products,97.59,2.06,0.8,Maize,79,Germany,135865.86,466905.25,0.2909923587280288
68,France,2016,Rice and products,63.92,1.33,0.23,Rice,106,Italy,223493.18,906101.21,0.2466536602461881
68,France,2016,Wheat and products,745.87,23.26,4.36,Wheat,79,Germany,435259.9,1281994.91,0.339517650659003
68,France,2017,Maize and products,85.06,1.8,0.69,Maize,79,Germany,278237.83,749797.1,0.3710841639691591
68,France,2017,Rice and products,65.44,1.36,0.24,Rice,106,Italy,237597.65,904852.14,0.2625817407029617
68,France,2017,Wheat and products,760.25,23.85,4.15,Wheat,79,Germany,486858.57,1013050.07,0.4805868776061582
68,France,2018,Maize and products,91.75,1.94,0.75,Maize,79,Germany,202623.39,583884.31,0.3470266053218659
68,France,2018,Rice and products,62.26,1.29,0.22,Rice,106,Italy,253190.42,905209.85,0.2797035626600838
68,France,2018,Wheat and products,752.44,23.63,4.02,Wheat,79,Germany,380677.59,716875.48,0.5310233096548371
68,France,2019,Maize and products,86.57,1.83,0.71,Maize,27,Bulgaria,195391.99,704994.85,0.2771537834638082
68,France,2019,Rice and products,67.21,1.39,0.24,Rice,106,Italy,256540.4,948478.59,0.2704756888608313
68,France,2019,Wheat and products,718.41,22.56,3.8,Wheat,79,Germany,317421.56,643900.95,0.4929664415000475
68,France,2020,Maize and products,86.49,1.82,0.71,Maize,27,Bulgaria,254826.37,661441.35,0.3852592070332464
68,France,2020,Rice and products,71.0,1.47,0.25,Rice,106,Italy,273958.81,1011727.01,0.2707833311675646
68,France,2020,Wheat and products,732.47,22.89,4.15,Wheat,79,Germany,335606.26,620712.8500000001,0.5406787695792022
68,France,2021,Maize and products,96.48,2.06,0.79,Maize,79,Germany,235712.03,568236.64,0.414813148972583
68,France,2021,Rice and products,64.44,1.34,0.24,Rice,106,Italy,261542.26,922461.59,0.2835264501365309
68,France,2021,Wheat and products,726.74,22.78,3.9,Wheat,79,Germany,296600.99,586834.28,0.5054254669648814
68,France,2022,Maize and products,85.31,1.8,0.7,Maize,173,Poland,293945.58,648195.6,0.4534828375879133
68,France,2022,Rice and products,69.79,1.45,0.24,Rice,106,Italy,257993.88,1049031.32,0.245935345381299
68,France,2022,Wheat and products,709.86,22.36,3.58,Wheat,79,Germany,272904.22,554187.74,0.4924400168073006
68,France,2023,Maize and products,87.13,1.84,0.71,Maize,79,Germany,169914.71,452991.47,0.375094723086066
68,France,2023,Rice and products,64.72,1.34,0.22,Rice,106,Italy,235782.47,959716.03,0.2456794120652543
68,France,2023,Wheat and products,737.49,23.14,3.93,Wheat,79,Germany,280602.48,562419.89,0.4989199083979764
70,French Polynesia,2010,Maize and products,26.64,0.7,0.18,Maize,231,United States of America,4184.0,4185.0,0.9997610513739544
70,French Polynesia,2010,Rice and products,350.47,7.13,0.9,Rice,216,Thailand,18504.0,20891.9,0.8857021142165145
70,French Polynesia,2010,Wheat and products,502.41,13.28,7.65,Wheat,68,France,11100.0,18300.0,0.6065573770491803
70,French Polynesia,2011,Maize and products,25.66,0.67,0.18,Maize,231,United States of America,3427.0,3430.0,0.9991253644314868
70,French Polynesia,2011,Rice and products,348.88,7.1,0.9,Rice,216,Thailand,16246.0,20086.5,0.8088019316456326
70,French Polynesia,2011,Wheat and products,508.54,13.43,7.75,Wheat,68,France,15248.0,17548.0,0.8689309322999772
70,French Polynesia,2012,Maize and products,21.43,0.56,0.15,Maize,231,United States of America,3110.0,3237.0,0.960766141489033
70,French Polynesia,2012,Rice and products,342.73,6.97,0.89,Rice,216,Thailand,14614.0,19840.1,0.7365890292891668
70,French Polynesia,2012,Wheat and products,522.53,13.9,7.73,Wheat,68,France,11500.0,18682.0,0.6155657852478321
70,French Polynesia,2013,Maize and products,19.52,0.51,0.13,Maize,231,United States of America,2028.0,2400.0,0.845
70,French Polynesia,2013,Rice and products,362.15,7.37,0.94,Rice,216,Thailand,14816.0,21419.1,0.6917190731636718
70,French Polynesia,2013,Wheat and products,527.67,13.93,8.02,Wheat,68,France,12658.0,18362.0,0.6893584576843481
70,French Polynesia,2014,Maize and products,19.3,0.51,0.13,Maize,231,United States of America,2903.81,2906.14,0.9991982492240566
70,French Polynesia,2014,Rice and products,341.27,6.94,0.88,Rice,216,Thailand,12449.74,19192.2,0.648687487625181
70,French Polynesia,2014,Wheat and products,493.69,13.15,7.2,Wheat,68,France,8429.69,18768.61,0.4491376825454842
70,French Polynesia,2015,Maize and products,24.75,0.65,0.17,Maize,231,United States of America,2448.39,2450.45,0.9991593380807609
70,French Polynesia,2015,Rice and products,346.37,7.05,0.9,Rice,216,Thailand,13185.8,21919.9,0.601544715076255
70,French Polynesia,2015,Wheat and products,490.88,12.99,7.37,Wheat,68,France,8751.32,17343.73,0.504581194472008
70,French Polynesia,2016,Maize and products,38.5,0.9,0.3,Maize,231,United States of America,2500.57,2504.56,0.998406905803814
70,French Polynesia,2016,Rice and products,350.53,7.13,0.91,Rice,216,Thailand,12170.66,22084.87,0.5510858791561825
70,French Polynesia,2016,Wheat and products,491.49,12.89,7.6,Wheat,68,France,8880.349999999999,17780.39,0.4994463001092776
70,French Polynesia,2017,Maize and products,15.96,0.42,0.11,Maize,231,United States of America,2446.1,2449.88,0.998457067284928
70,French Polynesia,2017,Rice and products,346.72,7.06,0.9,Rice,216,Thailand,9831.92,19956.48,0.4926680456673722
70,French Polynesia,2017,Wheat and products,539.94,14.29,8.11,Wheat,68,France,8116.66,16927.25,0.4795025772053937
70,French Polynesia,2018,Maize and products,21.13,0.52,0.15,Maize,231,United States of America,2749.02,2753.32,0.9984382490956372
70,French Polynesia,2018,Rice and products,336.72,6.85,0.87,Rice,216,Thailand,10215.29,19225.78,0.5313329290151036
70,French Polynesia,2018,Wheat and products,568.98,14.62,9.55,Wheat,68,France,7483.48,17254.17,0.4337200804211388
70,French Polynesia,2019,Maize and products,36.03,0.91,0.26,Maize,231,United States of America,3328.81,3335.83,0.9978955762134162
70,French Polynesia,2019,Rice and products,341.96,6.96,0.9,Rice,216,Thailand,13135.0,21680.95,0.6058313865397964
70,French Polynesia,2019,Wheat and products,575.06,14.78,9.71,Wheat,68,France,9037.83,17608.39,0.5132683908068825
70,French Polynesia,2020,Maize and products,20.83,0.55,0.14,Maize,231,United States of America,2670.68,2676.21,0.9979336449680704
70,French Polynesia,2020,Rice and products,345.75,7.04,0.92,Rice,216,Thailand,11351.0,20417.39,0.555947650507729
70,French Polynesia,2020,Wheat and products,567.8,14.86,8.87,Wheat,68,France,7011.570000000001,17079.35,0.4105290892217796
70,French Polynesia,2021,Maize and products,20.1,0.53,0.14,Maize,231,United States of America,1652.53,2028.34,0.8147204117652859
70,French Polynesia,2021,Rice and products,342.94,6.99,0.91,Rice,237,Viet Nam,10454.36,20041.78,0.5216283184427731
70,French Polynesia,2021,Wheat and products,582.63,15.19,9.33,Wheat,150,Netherlands (Kingdom of the),7669.98,16914.51,0.4534556425223078
70,French Polynesia,2022,Maize and products,17.47,0.46,0.12,Maize,231,United States of America,2448.29,2456.33,0.9967268241645056
70,French Polynesia,2022,Rice and products,325.9,6.63,0.85,Rice,237,Viet Nam,14241.43,24293.83,0.5862159239609399
70,French Polynesia,2022,Wheat and products,591.43,15.25,9.38,Wheat,150,Netherlands (Kingdom of the),7792.58,17630.68,0.4419897587614317
72,Djibouti,2021,Maize and products,2.91,0.06,0.02,Maize,231,United States of America,8539.76,11186.84,0.7633755376853517
72,Djibouti,2021,Rice and products,520.76,10.59,1.35,Rice,100,India,885185.81,1062934.75,0.8327753044107364
72,Djibouti,2021,Wheat and products,834.89,26.58,4.6,Wheat,223,Türkiye,152091.80000000002,373280.96,0.4074459088403545
72,Djibouti,2022,Maize and products,9.29,0.19,0.08,Maize,225,United Arab Emirates,3071.15,5692.030000000001,0.5395526727722798
72,Djibouti,2022,Rice and products,536.3,10.95,1.42,Rice,100,India,722510.62,885568.3300000001,0.8158722433084299
72,Djibouti,2022,Wheat and products,867.01,26.5,6.26,Wheat,100,India,80797.76,145159.85,0.5566123139421816
72,Djibouti,2023,Maize and products,6.58,0.14,0.06,Maize,225,United Arab Emirates,2921.63,8351.04,0.3498522339732536
72,Djibouti,2023,Rice and products,513.52,10.45,1.33,Rice,100,India,569680.96,835657.85,0.6817155609798915
72,Djibouti,2023,Wheat and products,865.15,26.8,5.73,Wheat,223,Türkiye,144150.78999999998,226026.14,0.6377615881065791
73,Georgia,2010,Maize and products,204.44,4.23,1.74,Maize,230,Ukraine,13479.0,14612.0,0.922460990966329
73,Georgia,2010,Rice and products,27.37,0.58,0.11,Rice,237,Viet Nam,11436.2,17504.95,0.6533123487927701
73,Georgia,2010,Wheat and products,1069.46,33.33,6.04,Wheat,185,Russian Federation,333726.0,725692.0,0.4598727834949262
73,Georgia,2011,Maize and products,182.28,3.77,1.55,Maize,230,Ukraine,13745.0,25355.0,0.5421021494774206
73,Georgia,2011,Rice and products,26.75,0.56,0.1,Rice,165,Pakistan,8250.15,19121.15,0.4314672496162626
73,Georgia,2011,Wheat and products,1024.21,31.82,6.02,Wheat,185,Russian Federation,274649.0,627067.0,0.4379898798692963
73,Georgia,2012,Maize and products,180.01,3.73,1.53,Maize,185,Russian Federation,13510.0,22982.0,0.5878513619354278
73,Georgia,2012,Rice and products,22.88,0.47,0.07,Rice,165,Pakistan,9460.75,15734.65,0.6012685379083742
73,Georgia,2012,Wheat and products,1035.6,32.2,5.87,Wheat,108,Kazakhstan,517159.0,901146.0,0.5738903573893687
73,Georgia,2013,Maize and products,156.79,3.25,1.33,Maize,185,Russian Federation,33376.0,56247.0,0.593382758191548
73,Georgia,2013,Rice and products,28.02,0.59,0.11,Rice,165,Pakistan,11625.1,21117.1,0.5505064615880022
73,Georgia,2013,Wheat and products,1023.89,31.82,5.84,Wheat,185,Russian Federation,496984.0,676201.0,0.7349648994899446
73,Georgia,2014,Maize and products,182.72,3.78,1.55,Maize,185,Russian Federation,39316.62,57154.87,0.6878962370135738
73,Georgia,2014,Rice and products,24.26,0.5,0.07,Rice,165,Pakistan,8479.99,18851.74,0.4498253211639881
73,Georgia,2014,Wheat and products,1052.28,32.66,6.04,Wheat,185,Russian Federation,506599.01,585235.29,0.8656330516227071
73,Georgia,2015,Maize and products,173.26,3.59,1.47,Maize,185,Russian Federation,60036.83,70582.81,0.8505871330427338
73,Georgia,2015,Rice and products,29.04,0.6,0.09,Rice,165,Pakistan,14204.86,23294.11,0.6098047961480392
73,Georgia,2015,Wheat and products,1066.5,33.06,6.2,Wheat,185,Russian Federation,553677.77,577644.98,0.9585087539408722
73,Georgia,2016,Maize and products,180.66,3.74,1.53,Maize,185,Russian Federation,68285.44,69535.43000000001,0.9820236964091542
73,Georgia,2016,Rice and products,25.97,0.54,0.08,Rice,165,Pakistan,9373.32,19431.02,0.4823894988528651
73,Georgia,2016,Wheat and products,1017.17,31.46,6.02,Wheat,185,Russian Federation,475463.29,483314.4,0.983755687809012
73,Georgia,2017,Maize and products,174.21,3.61,1.48,Maize,185,Russian Federation,79093.58,80244.83,0.9856532813391218
73,Georgia,2017,Rice and products,25.32,0.52,0.08,Rice,165,Pakistan,7879.57,19409.49,0.4059648141192787
73,Georgia,2017,Wheat and products,1058.08,32.69,6.31,Wheat,185,Russian Federation,521382.84,530405.31,0.9829894802523752
73,Georgia,2018,Maize and products,162.72,3.37,1.38,Maize,185,Russian Federation,76494.0,78306.18,0.9768577652491796
73,Georgia,2018,Rice and products,28.27,0.58,0.09,Rice,165,Pakistan,9190.75,21913.23,0.4194155767999514
73,Georgia,2018,Wheat and products,1009.49,31.06,6.25,Wheat,185,Russian Federation,494946.82,592328.49,0.835595161056663
73,Georgia,2019,Maize and products,163.37,3.39,1.39,Maize,185,Russian Federation,86673.4,88193.15,0.982767936058526
73,Georgia,2019,Rice and products,27.84,0.57,0.08,Rice,165,Pakistan,11444.39,22158.66,0.516474822936044
73,Georgia,2019,Wheat and products,1010.13,31.04,6.32,Wheat,185,Russian Federation,443884.03,531752.45,0.8347569061505971
73,Georgia,2020,Maize and products,178.93,3.72,1.51,Maize,185,Russian Federation,114317.95,118675.45,0.9632822121171648
73,Georgia,2020,Rice and products,27.96,0.58,0.09,Rice,165,Pakistan,11124.55,22596.31,0.4923171084128337
73,Georgia,2020,Wheat and products,1097.67,33.85,6.63,Wheat,185,Russian Federation,498514.13,502757.6,0.9915596104365204
73,Georgia,2021,Maize and products,184.33,3.82,1.56,Maize,185,Russian Federation,77947.27,79801.99,0.9767584743187482
73,Georgia,2021,Rice and products,22.69,0.47,0.07,Rice,100,India,10138.59,18686.38,0.542565761800841
73,Georgia,2021,Wheat and products,1059.46,32.56,6.67,Wheat,185,Russian Federation,375398.08,405613.09,0.925507803508018
73,Georgia,2022,Maize and products,220.79,4.58,1.87,Maize,185,Russian Federation,31664.85,33164.53,0.954780604459041
73,Georgia,2022,Rice and products,27.22,0.56,0.08,Rice,165,Pakistan,10483.64,21477.63,0.4881190336177687
73,Georgia,2022,Wheat and products,950.45,29.09,6.22,Wheat,185,Russian Federation,355257.11,367176.56,0.967537551961378
73,Georgia,2023,Maize and products,170.88,3.55,1.45,Maize,185,Russian Federation,51761.2,56821.26,0.910947768493694
73,Georgia,2023,Rice and products,29.65,0.61,0.08,Rice,100,India,13922.68,23242.46,0.599019208810083
73,Georgia,2023,Wheat and products,886.92,26.93,6.21,Wheat,185,Russian Federation,354460.21,361374.71,0.9808661209302664
74,Gabon,2020,Maize and products,138.46,2.87,1.17,Maize,9,Argentina,351.54,747.4300000000001,0.470331669855371
74,Gabon,2020,Rice and products,460.29,9.36,1.19,Rice,216,Thailand,118043.26,300786.42,0.3924487681325507
74,Gabon,2020,Wheat and products,366.38,11.28,2.58,Wheat,68,France,79375.24,97619.66,0.8131071138743978
74,Gabon,2021,Maize and products,130.82,2.71,1.11,Maize,9,Argentina,541.59,827.9300000000001,0.654149505392968
74,Gabon,2021,Rice and products,280.68,5.71,0.72,Rice,115,Cambodia,80049.04,155893.11000000002,0.5134867089379382
74,Gabon,2021,Wheat and products,447.74,13.7,3.12,Wheat,68,France,97289.92,132533.93,0.7340755684223655
74,Gabon,2022,Maize and products,134.31,2.78,1.14,Maize,9,Argentina,475.2,635.79,0.7474165998206955
74,Gabon,2022,Rice and products,404.66,8.23,1.04,Rice,237,Viet Nam,58456.82,143684.03,0.4068428481578641
74,Gabon,2022,Wheat and products,381.87,11.67,2.88,Wheat,68,France,96677.72,105770.4,0.914033793953696
74,Gabon,2023,Maize and products,143.88,2.98,1.22,Maize,9,Argentina,285.4,658.9,0.4331461526787069
74,Gabon,2023,Rice and products,397.48,8.09,1.03,Rice,237,Viet Nam,104269.72,203501.83,0.5123773088428738
74,Gabon,2023,Wheat and products,436.49,13.3,3.2,Wheat,68,France,110529.46,124213.51,0.8898344471547419
75,Gambia,2010,Rice and products,536.47,10.84,1.39,Rice,21,Brazil,63541.0,123221.65,0.5156642521829565
75,Gambia,2010,Wheat and products,367.19,11.5,1.97,Wheat,223,Türkiye,40446.0,96741.0,0.4180854032933296
75,Gambia,2011,Maize and products,160.75,3.33,1.37,Maize,54,Denmark,11.0,21.0,0.5238095238095238
75,Gambia,2011,Rice and products,535.25,10.81,1.39,Rice,21,Brazil,19137.0,61613.7,0.3105965069456955
75,Gambia,2011,Wheat and products,357.13,11.14,2.0,Wheat,223,Türkiye,38480.0,63678.0,0.604290335751751
75,Gambia,2012,Maize and products,155.42,3.22,1.32,Maize,150,Netherlands (Kingdom of the),1.0,3.0,0.3333333333333333
75,Gambia,2012,Rice and products,524.58,10.6,1.36,Rice,110,Japan,25302.0,103506.3,0.2444488886183739
75,Gambia,2012,Wheat and products,350.61,10.95,1.94,Wheat,223,Türkiye,45389.0,62671.0,0.7242424725949801
75,Gambia,2013,Maize and products,152.44,3.15,1.3,Maize,195,Senegal,0.0,0.0,
75,Gambia,2013,Rice and products,513.6,10.37,1.33,Rice,100,India,28875.1,69779.1,0.4138072861358199
75,Gambia,2013,Wheat and products,337.42,10.5,1.95,Wheat,223,Türkiye,39608.0,63263.0,0.6260847572830881
75,Gambia,2014,Maize and products,115.99,2.4,0.99,Maize,9,Argentina,24.53,34.07,0.7199882594658057
75,Gambia,2014,Rice and products,609.03,12.28,1.58,Rice,100,India,39965.43,141634.36,0.2821732664305469
75,Gambia,2014,Wheat and products,316.57,9.78,1.98,Wheat,68,France,14521.25,35635.12,0.4074982769806864
75,Gambia,2015,Maize and products,133.79,2.77,1.14,Maize,195,Senegal,5.7,6.2,0.9193548387096774
75,Gambia,2015,Rice and products,682.68,13.77,1.77,Rice,165,Pakistan,48901.78,124574.95,0.3925490638366702
75,Gambia,2015,Wheat and products,322.04,9.9,2.14,Wheat,68,France,29969.0,58436.11,0.5128507013899454
75,Gambia,2016,Maize and products,111.52,2.31,0.95,Maize,121,Lebanon,18.27,18.27,1.0
75,Gambia,2016,Rice and products,683.75,13.79,1.77,Rice,21,Brazil,54368.13,131200.63999999998,0.4143892133453007
75,Gambia,2016,Wheat and products,324.84,10.06,2.0,Wheat,185,Russian Federation,27067.0,61996.69,0.4365878242854578
75,Gambia,2017,Maize and products,118.42,2.45,1.01,Maize,225,United Arab Emirates,3.38,3.68,0.9184782608695652
75,Gambia,2017,Rice and products,720.14,14.52,1.86,Rice,21,Brazil,59881.81,164557.75,0.3638954105777455
75,Gambia,2017,Wheat and products,327.61,10.16,2.02,Wheat,223,Türkiye,23786.76,57554.41,0.4132917008444705
75,Gambia,2018,Maize and products,70.16,1.45,0.6,Maize,9,Argentina,52.52,113.4,0.4631393298059965
75,Gambia,2018,Rice and products,794.47,16.02,2.06,Rice,21,Brazil,71256.55,205449.91,0.346831741128531
75,Gambia,2018,Wheat and products,316.22,9.77,2.08,Wheat,223,Türkiye,32298.59,76435.38,0.4225607303842801
75,Gambia,2019,Maize and products,65.84,1.36,0.56,Maize,195,Senegal,780.0,1327.4,0.5876148862437849
75,Gambia,2019,Rice and products,814.84,16.42,2.11,Rice,21,Brazil,80765.52,147870.49,0.5461909269388369
75,Gambia,2019,Wheat and products,270.87,8.38,1.76,Wheat,185,Russian Federation,14500.0,18966.73,0.7644965684648857
75,Gambia,2020,Maize and products,58.1,1.2,0.49,Maize,9,Argentina,259.79,279.23,0.9303799734985496
75,Gambia,2020,Rice and products,862.31,17.38,2.24,Rice,21,Brazil,97907.3,266829.32,0.3669285669206067
75,Gambia,2020,Wheat and products,217.24,6.78,1.28,Wheat,185,Russian Federation,9030.25,18239.53,0.4950922529253769
75,Gambia,2021,Maize and products,94.36,2.1,0.86,Maize,9,Argentina,286.82,473.92,0.6052076299797434
75,Gambia,2021,Rice and products,852.04,17.17,2.21,Rice,21,Brazil,83511.0,191886.31,0.435210828745417
75,Gambia,2021,Wheat and products,215.7,9.49,1.52,Wheat,8,Antigua and Barbuda,33500.0,42613.83,0.7861297611596986
75,Gambia,2022,Maize and products,64.97,1.44,0.59,Maize,231,United States of America,176.44,391.53,0.4506423517993513
75,Gambia,2022,Rice and products,872.84,17.6,2.27,Rice,100,India,98394.58,220622.31,0.4459865369010051
75,Gambia,2022,Wheat and products,288.35,9.0,1.81,Wheat,195,Senegal,2800.0,2848.48,0.9829803965623772
75,Gambia,2023,Maize and products,80.18,1.78,0.73,Maize,195,Senegal,80.0,98.45,0.8125952260030472
75,Gambia,2023,Rice and products,885.06,17.84,2.29,Rice,100,India,101709.17,254584.11,0.399511069249373
75,Gambia,2023,Wheat and products,286.88,9.03,1.8,Wheat,79,Germany,15000.2,46238.12,0.3244119786877148
79,Germany,2010,Maize and products,62.51,1.29,0.53,Maize,68,France,777868.0,1880910.0,0.4135593941230575
79,Germany,2010,Rice and products,30.33,0.62,0.09,Rice,106,Italy,102688.95,330221.7,0.310969721250905
79,Germany,2010,Wheat and products,673.63,21.37,3.16,Wheat,167,Czechia,1068429.0,4104959.0,0.2602776300567192
79,Germany,2011,Maize and products,68.37,1.41,0.58,Maize,68,France,518819.0,1901565.0,0.2728378993092532
79,Germany,2011,Rice and products,33.52,0.68,0.1,Rice,106,Italy,110355.25,386331.4,0.2856491861650386
79,Germany,2011,Wheat and products,667.46,21.17,3.13,Wheat,167,Czechia,1173820.0,4541712.0,0.258453200026774
79,Germany,2012,Maize and products,88.7,1.83,0.75,Maize,68,France,456597.0,2215374.0,0.2061038000807087
79,Germany,2012,Rice and products,34.01,0.69,0.1,Rice,106,Italy,224819.9,596601.35,0.3768343802775505
79,Germany,2012,Wheat and products,634.34,20.1,2.99,Wheat,167,Czechia,1186967.0,3692372.0,0.3214646303243552
79,Germany,2013,Maize and products,84.99,1.76,0.72,Maize,68,France,564252.0,2133725.0,0.2644445746288767
79,Germany,2013,Rice and products,34.17,0.69,0.11,Rice,106,Italy,196176.25,631922.4,0.3104435766163693
79,Germany,2013,Wheat and products,651.04,20.63,3.07,Wheat,167,Czechia,1339530.0,4000036.0,0.3348794860846252
79,Germany,2014,Maize and products,87.33,1.81,0.74,Maize,173,Poland,654836.0,3062426.69,0.2138291186327141
79,Germany,2014,Rice and products,33.57,0.68,0.1,Rice,106,Italy,215161.82,663791.46,0.3241406871971508
79,Germany,2014,Wheat and products,655.26,20.77,3.08,Wheat,167,Czechia,2002646.84,4431184.470000001,0.4519439110599699
79,Germany,2015,Maize and products,82.3,1.7,0.7,Maize,173,Poland,570643.1,2496761.83,0.2285532777469607
79,Germany,2015,Rice and products,34.33,0.69,0.1,Rice,106,Italy,204454.86,736424.57,0.2776317742902032
79,Germany,2015,Wheat and products,660.16,20.93,3.1,Wheat,167,Czechia,1996194.7,4713496.12,0.4235061723144051
79,Germany,2016,Maize and products,70.41,1.46,0.6,Maize,173,Poland,711387.3,2300333.25,0.3092540178689327
79,Germany,2016,Rice and products,34.3,0.69,0.1,Rice,106,Italy,184136.36,772757.01,0.2382849428955681
79,Germany,2016,Wheat and products,673.75,21.35,3.17,Wheat,167,Czechia,2350866.08,4957620.55,0.4741924187804168
79,Germany,2017,Maize and products,74.42,1.54,0.63,Maize,173,Poland,739539.44,2554729.43,0.2894785769935722
79,Germany,2017,Rice and products,32.67,0.66,0.09,Rice,106,Italy,192020.43,737359.24,0.2604163880824223
79,Germany,2017,Wheat and products,667.05,21.14,3.14,Wheat,167,Czechia,2114086.47,4337028.53,0.4874504410972828
79,Germany,2018,Maize and products,73.64,1.52,0.63,Maize,173,Poland,916607.14,3531247.47,0.2595703495116415
79,Germany,2018,Rice and products,32.9,0.66,0.1,Rice,106,Italy,115273.49,432083.22,0.2667853891664666
79,Germany,2018,Wheat and products,657.76,20.85,3.1,Wheat,167,Czechia,1462078.79,3931470.08,0.3718911145827669
79,Germany,2019,Maize and products,62.95,1.3,0.53,Maize,230,Ukraine,1497412.57,4562511.0,0.3281992240676242
79,Germany,2019,Rice and products,41.83,0.85,0.13,Rice,106,Italy,108715.31,402427.72,0.270148661727378
79,Germany,2019,Wheat and products,562.04,17.82,2.67,Wheat,167,Czechia,1351496.84,3348726.81,0.4035852778328012
79,Germany,2020,Maize and products,74.27,1.54,0.63,Maize,173,Poland,999587.66,3802900.6,0.2628487476112313
79,Germany,2020,Rice and products,42.43,0.86,0.13,Rice,106,Italy,130208.73,460816.58,0.2825608618509342
79,Germany,2020,Wheat and products,523.5,16.63,2.46,Wheat,167,Czechia,2067319.63,4206800.350000001,0.4914232808790176
79,Germany,2021,Maize and products,42.59,0.88,0.36,Maize,173,Poland,1053512.49,2976665.5,0.3539237075848798
79,Germany,2021,Rice and products,44.1,0.89,0.14,Rice,106,Italy,121484.23,394925.32,0.307613171016738
79,Germany,2021,Wheat and products,536.69,16.99,2.64,Wheat,167,Czechia,1772267.06,4116228.23,0.4305560724459635
79,Germany,2022,Maize and products,47.82,0.99,0.41,Maize,173,Poland,1649490.06,3181334.91,0.5184899127768978
79,Germany,2022,Rice and products,42.8,0.86,0.13,Rice,106,Italy,124630.93,411869.09,0.302598405721585
79,Germany,2022,Wheat and products,547.73,17.17,3.01,Wheat,167,Czechia,1659064.83,4275768.4,0.3880155973836188
79,Germany,2023,Maize and products,45.65,0.94,0.39,Maize,173,Poland,1556727.67,2902923.4,0.5362620556918588
79,Germany,2023,Rice and products,37.36,0.75,0.11,Rice,106,Italy,126249.95,394173.52,0.3202902873840941
79,Germany,2023,Wheat and products,551.97,17.12,3.38,Wheat,167,Czechia,2260407.16,5339192.53,0.4233612381084148
80,Bosnia and Herzegovina,2010,Maize and products,240.82,5.01,2.04,Maize,272,Serbia,151030.0,186131.0,0.8114177649075114
80,Bosnia and Herzegovina,2010,Rice and products,17.29,0.35,0.05,Rice,106,Italy,8354.6,13628.35,0.6130309245066351
80,Bosnia and Herzegovina,2010,Wheat and products,1003.2,31.9,6.71,Wheat,97,Hungary,221783.0,417663.0,0.5310094502026753
80,Bosnia and Herzegovina,2011,Maize and products,241.0,5.01,2.04,Maize,272,Serbia,148484.0,157469.0,0.9429411503216506
80,Bosnia and Herzegovina,2011,Rice and products,18.16,0.37,0.05,Rice,106,Italy,8480.25,14136.6,0.5998790373923009
80,Bosnia and Herzegovina,2011,Wheat and products,999.85,31.87,6.57,Wheat,97,Hungary,186387.0,406135.0,0.4589286813497975
80,Bosnia and Herzegovina,2012,Maize and products,234.51,4.87,1.99,Maize,272,Serbia,123242.0,133449.0,0.9235138517336212
80,Bosnia and Herzegovina,2012,Rice and products,19.3,0.39,0.05,Rice,106,Italy,8388.05,14829.95,0.56561552803617
80,Bosnia and Herzegovina,2012,Wheat and products,1006.77,32.24,6.24,Wheat,97,Hungary,195427.0,401440.0,0.4868149661219609
80,Bosnia and Herzegovina,2013,Maize and products,240.44,5.0,2.04,Maize,272,Serbia,191736.0,223326.0,0.8585475941001047
80,Bosnia and Herzegovina,2013,Rice and products,18.55,0.38,0.05,Rice,106,Italy,9226.55,13884.65,0.6645144097978702
80,Bosnia and Herzegovina,2013,Wheat and products,983.41,31.47,5.92,Wheat,97,Hungary,165760.0,351981.0,0.47093451066961
80,Bosnia and Herzegovina,2014,Maize and products,239.66,4.98,2.03,Maize,272,Serbia,239377.93,249706.44,0.9586373903692672
80,Bosnia and Herzegovina,2014,Rice and products,19.14,0.39,0.05,Rice,106,Italy,9509.18,14140.670000000002,0.6724702577742072
80,Bosnia and Herzegovina,2014,Wheat and products,1016.77,32.49,6.27,Wheat,97,Hungary,212625.68,450707.84,0.4717594439892592
80,Bosnia and Herzegovina,2015,Maize and products,232.79,4.84,1.97,Maize,272,Serbia,200641.87,258520.53,0.7761158079012138
80,Bosnia and Herzegovina,2015,Rice and products,19.55,0.4,0.05,Rice,106,Italy,9051.53,14181.240000000002,0.6382749322344167
80,Bosnia and Herzegovina,2015,Wheat and products,1007.29,32.22,6.14,Wheat,97,Hungary,173258.38999999998,437161.7,0.3963256387739365
80,Bosnia and Herzegovina,2016,Maize and products,230.29,4.79,1.95,Maize,272,Serbia,283528.36,302555.16,0.93711295487408
80,Bosnia and Herzegovina,2016,Rice and products,17.28,0.35,0.05,Rice,106,Italy,8316.49,14415.61,0.5769086427837601
80,Bosnia and Herzegovina,2016,Wheat and products,973.73,31.02,6.1,Wheat,272,Serbia,242963.76,493212.44,0.4926148253681517
80,Bosnia and Herzegovina,2017,Maize and products,209.65,4.37,1.77,Maize,272,Serbia,203874.59,237205.09,0.8594865734120629
80,Bosnia and Herzegovina,2017,Rice and products,18.33,0.37,0.05,Rice,106,Italy,9288.29,13188.46,0.7042740395770242
80,Bosnia and Herzegovina,2017,Wheat and products,1005.95,32.26,6.44,Wheat,272,Serbia,241459.14,502349.59,0.4806595741423816
80,Bosnia and Herzegovina,2018,Maize and products,214.04,4.47,1.81,Maize,272,Serbia,207737.27,226985.87,0.9151991267121604
80,Bosnia and Herzegovina,2018,Rice and products,18.41,0.38,0.05,Rice,106,Italy,8893.15,13973.05,0.6364501665706485
80,Bosnia and Herzegovina,2018,Wheat and products,997.61,31.7,6.53,Wheat,272,Serbia,185738.54,394755.78,0.4705150612360887
80,Bosnia and Herzegovina,2019,Maize and products,174.17,3.65,1.47,Maize,272,Serbia,171611.92,180842.77,0.94895648855633
80,Bosnia and Herzegovina,2019,Rice and products,20.72,0.43,0.06,Rice,106,Italy,6164.52,13891.06,0.4437760689249057
80,Bosnia and Herzegovina,2019,Wheat and products,1007.51,32.07,6.71,Wheat,97,Hungary,185134.29,370885.53,0.4991682743729581
80,Bosnia and Herzegovina,2020,Maize and products,171.08,3.59,1.44,Maize,272,Serbia,155425.41,170544.33000000002,0.9113490316564612
80,Bosnia and Herzegovina,2020,Rice and products,23.89,0.49,0.07,Rice,106,Italy,7082.639999999999,15986.64,0.443034934170032
80,Bosnia and Herzegovina,2020,Wheat and products,1009.32,32.35,6.46,Wheat,97,Hungary,184486.53,389836.34,0.4732409759439051
80,Bosnia and Herzegovina,2021,Maize and products,140.05,2.94,1.18,Maize,272,Serbia,125721.8,132786.75,0.946794766797139
80,Bosnia and Herzegovina,2021,Rice and products,21.55,0.44,0.07,Rice,106,Italy,6685.82,13853.69,0.4826021081747895
80,Bosnia and Herzegovina,2021,Wheat and products,1021.88,32.76,6.67,Wheat,97,Hungary,149107.97999999998,321023.18,0.464477300361924
80,Bosnia and Herzegovina,2022,Maize and products,125.96,2.66,1.05,Maize,272,Serbia,174178.94,188625.88,0.9234095554650296
80,Bosnia and Herzegovina,2022,Rice and products,22.92,0.47,0.06,Rice,106,Italy,7121.08,14650.35,0.486068933506708
80,Bosnia and Herzegovina,2022,Wheat and products,1017.72,32.53,6.68,Wheat,272,Serbia,137289.97,328294.84,0.4181910687356524
80,Bosnia and Herzegovina,2023,Maize and products,123.98,2.62,1.04,Maize,272,Serbia,200990.29,215057.8,0.9345873062962607
80,Bosnia and Herzegovina,2023,Rice and products,21.33,0.44,0.06,Rice,106,Italy,6310.87,13920.88,0.4533384383745855
80,Bosnia and Herzegovina,2023,Wheat and products,968.16,30.85,6.35,Wheat,272,Serbia,140864.4,291763.89,0.4828027210632542
81,Ghana,2010,Maize and products,241.59,5.0,2.05,Maize,9,Argentina,415.0,953.0,0.4354669464847849
81,Ghana,2010,Rice and products,277.03,5.6,0.72,Rice,216,Thailand,167398.0,397030.45,0.4216250919797209
81,Ghana,2010,Wheat and products,111.24,3.34,0.92,Wheat,33,Canada,245839.0,349070.0,0.7042684848311227
81,Ghana,2011,Maize and products,231.09,4.78,1.96,Maize,202,South Africa,8064.0,11254.0,0.7165452283632486
81,Ghana,2011,Rice and products,286.04,5.79,0.74,Rice,216,Thailand,387681.0,732103.15,0.5295442315744714
81,Ghana,2011,Wheat and products,115.65,3.37,1.19,Wheat,33,Canada,227105.0,369540.0,0.6145613465389403
81,Ghana,2012,Maize and products,251.39,5.2,2.14,Maize,230,Ukraine,90659.0,113212.0,0.8007896689396884
81,Ghana,2012,Rice and products,271.9,5.5,0.7,Rice,216,Thailand,255739.0,535212.2000000001,0.4778272991534946
81,Ghana,2012,Wheat and products,104.1,2.99,1.14,Wheat,33,Canada,145055.0,259645.0,0.5586666409905833
81,Ghana,2013,Maize and products,239.07,4.95,2.03,Maize,202,South Africa,2000.0,3172.0,0.6305170239596469
81,Ghana,2013,Rice and products,273.13,5.53,0.71,Rice,237,Viet Nam,334855.0,823779.5,0.4064862017081027
81,Ghana,2013,Wheat and products,104.49,3.1,0.94,Wheat,33,Canada,150905.0,316199.0,0.4772469236145591
81,Ghana,2016,Maize and products,193.15,4.0,1.64,Maize,9,Argentina,36491.81,71741.39,0.5086576939755418
81,Ghana,2016,Rice and products,283.64,5.74,0.73,Rice,237,Viet Nam,519248.21,774422.13,0.6704976393172029
81,Ghana,2016,Wheat and products,128.5,3.96,0.84,Wheat,33,Canada,341872.02,576131.24,0.5933926096422059
81,Ghana,2017,Maize and products,192.89,3.99,1.64,Maize,9,Argentina,29200.6,40661.51,0.7181386033130595
81,Ghana,2017,Rice and products,288.42,5.83,0.75,Rice,237,Viet Nam,563413.4,1001034.75,0.5628310106117695
81,Ghana,2017,Wheat and products,146.97,4.57,0.88,Wheat,33,Canada,578931.75,1138854.99,0.5083454479134345
81,Ghana,2018,Maize and products,217.63,4.51,1.85,Maize,9,Argentina,31768.7,81707.64,0.3888094185562085
81,Ghana,2018,Rice and products,266.17,5.38,0.69,Rice,237,Viet Nam,676645.2,1169001.4,0.5788232588943008
81,Ghana,2018,Wheat and products,137.27,4.28,0.76,Wheat,33,Canada,322844.18,715080.95,0.4514792066548549
81,Ghana,2019,Maize and products,215.7,4.46,1.83,Maize,9,Argentina,3356.82,8819.35,0.3806198869531201
81,Ghana,2019,Rice and products,367.21,7.44,0.95,Rice,237,Viet Nam,1043210.49,1530614.62,0.6815631291957737
81,Ghana,2019,Wheat and products,116.21,3.63,0.65,Wheat,33,Canada,300239.58,668821.81,0.4489081778000032
81,Ghana,2021,Maize and products,263.31,5.45,2.24,Maize,9,Argentina,94926.22,109821.66,0.8643670110249654
81,Ghana,2021,Rice and products,372.27,7.55,0.97,Rice,237,Viet Nam,800154.25,1241630.41,0.6444383478010981
81,Ghana,2021,Wheat and products,144.44,4.57,0.71,Wheat,33,Canada,117657.79,269464.57,0.4366354730790767
81,Ghana,2022,Maize and products,272.62,6.18,2.52,Maize,9,Argentina,63107.5,64816.45,0.9736340080334546
81,Ghana,2022,Rice and products,345.89,7.02,0.9,Rice,237,Viet Nam,768271.7,1157855.94,0.6635296097371146
81,Ghana,2022,Wheat and products,135.42,4.31,0.65,Wheat,223,Türkiye,49451.88,142312.13999999998,0.3474888368624068
81,Ghana,2023,Maize and products,280.22,6.36,2.59,Maize,9,Argentina,22021.77,28119.09,0.7831608348634327
81,Ghana,2023,Rice and products,342.55,6.95,0.88,Rice,237,Viet Nam,883700.56,1069749.87,0.8260814838893132
81,Ghana,2023,Wheat and products,109.93,3.5,0.52,Wheat,33,Canada,331132.62,423440.59,0.7820049088822589
83,Kiribati,2011,Maize and products,0.17,0.0,0.0,Maize,10,Australia,2.0,2.0,1.0
83,Kiribati,2011,Rice and products,620.7,12.63,1.6,Rice,10,Australia,10104.0,21136.0,0.4780469341408024
83,Kiribati,2011,Wheat and products,339.44,10.7,1.9,Wheat,10,Australia,2607.0,3495.0,0.7459227467811159
83,Kiribati,2012,Maize and products,0.26,0.01,0.0,Maize,66,Fiji,3.0,5.0,0.6
83,Kiribati,2012,Rice and products,663.87,13.51,1.71,Rice,10,Australia,15678.0,18812.0,0.8334042100786732
83,Kiribati,2012,Wheat and products,316.38,9.99,1.77,Wheat,66,Fiji,1941.0,3390.0,0.5725663716814159
83,Kiribati,2014,Maize and products,0.12,0.0,0.0,Maize,231,United States of America,2.28,3.3,0.6909090909090909
83,Kiribati,2014,Rice and products,647.04,13.17,1.68,Rice,10,Australia,16226.49,18436.06,0.8801495547313254
83,Kiribati,2014,Wheat and products,273.17,8.5,1.63,Wheat,66,Fiji,1489.86,3115.08,0.4782734311799376
83,Kiribati,2015,Maize and products,0.03,0.0,0.0,Maize,10,Australia,0.34,0.34,1.0
83,Kiribati,2015,Rice and products,639.95,13.02,1.65,Rice,10,Australia,16882.190000000002,20852.390000000003,0.8096045585182322
83,Kiribati,2015,Wheat and products,347.31,10.81,2.29,Wheat,66,Fiji,2489.3,3846.7,0.6471261080926508
83,Kiribati,2016,Maize and products,0.2,0.0,0.0,Maize,10,Australia,0.25,0.31,0.8064516129032259
83,Kiribati,2016,Rice and products,642.96,13.08,1.66,Rice,10,Australia,15259.34,29902.33,0.5103060530734561
83,Kiribati,2016,Wheat and products,306.8,9.64,1.77,Wheat,66,Fiji,3118.76,3278.7000000000003,0.9512184707353524
83,Kiribati,2017,Maize and products,0.5,0.01,0.0,Maize,10,Australia,0.34,0.37,0.918918918918919
83,Kiribati,2017,Rice and products,640.19,13.02,1.65,Rice,237,Viet Nam,20914.32,26785.04,0.7808209358656921
83,Kiribati,2017,Wheat and products,315.86,9.41,2.85,Wheat,66,Fiji,3193.78,3252.91,0.9818224297628894
83,Kiribati,2018,Maize and products,0.28,0.01,0.0,Maize,10,Australia,0.75,1.09,0.6880733944954128
83,Kiribati,2018,Rice and products,658.36,13.39,1.7,Rice,237,Viet Nam,13715.72,28312.86,0.4844342818069244
83,Kiribati,2018,Wheat and products,349.22,10.61,2.74,Wheat,66,Fiji,2855.42,2955.25,0.9662194399796972
83,Kiribati,2020,Maize and products,0.18,0.0,0.0,Maize,66,Fiji,0.12,0.15,0.8
83,Kiribati,2020,Rice and products,610.76,12.43,1.58,Rice,237,Viet Nam,9859.08,24309.800000000003,0.4055598976544438
83,Kiribati,2020,Wheat and products,372.15,11.3,3.13,Wheat,66,Fiji,2402.09,3629.58,0.6618093553524099
83,Kiribati,2021,Maize and products,0.6,0.01,0.01,Maize,66,Fiji,4.0,4.22,0.9478672985781992
83,Kiribati,2021,Rice and products,590.55,12.07,1.61,Rice,41,"China, mainland",8323.279999999999,15297.329999999998,0.5441001795738211
83,Kiribati,2021,Wheat and products,358.63,10.7,3.44,Wheat,66,Fiji,2868.92,3725.68,0.7700392948401366
84,Greece,2010,Maize and products,13.04,0.27,0.11,Maize,183,Romania,86334.0,363886.0,0.2372556240141143
84,Greece,2010,Rice and products,32.16,0.66,0.1,Rice,106,Italy,23694.8,41394.9,0.5724086783637597
84,Greece,2010,Wheat and products,824.99,25.32,5.63,Wheat,97,Hungary,209546.0,866873.0,0.2417262967009008
84,Greece,2011,Maize and products,13.06,0.27,0.11,Maize,27,Bulgaria,104525.0,428762.0,0.2437832643751078
84,Greece,2011,Rice and products,33.32,0.69,0.12,Rice,106,Italy,14948.7,31627.0,0.4726562747019951
84,Greece,2011,Wheat and products,834.36,25.52,5.71,Wheat,68,France,235979.0,962112.0,0.2452718602408035
84,Greece,2012,Maize and products,14.01,0.29,0.12,Maize,185,Russian Federation,74455.0,238363.0,0.3123597202585972
84,Greece,2012,Rice and products,24.39,0.5,0.07,Rice,106,Italy,13133.75,29172.4,0.4502115012820337
84,Greece,2012,Wheat and products,860.86,26.18,6.25,Wheat,27,Bulgaria,273750.0,920229.0,0.2974803010989655
84,Greece,2013,Maize and products,14.11,0.29,0.12,Maize,27,Bulgaria,205875.0,396605.0,0.5190933044212755
84,Greece,2013,Rice and products,32.96,0.67,0.09,Rice,106,Italy,16689.1,35812.7,0.4660106610224864
84,Greece,2013,Wheat and products,880.95,26.61,6.78,Wheat,27,Bulgaria,315352.0,880681.0,0.3580774423429141
84,Greece,2014,Maize and products,12.2,0.25,0.1,Maize,27,Bulgaria,127285.5,395609.01,0.3217457054378008
84,Greece,2014,Rice and products,28.92,0.58,0.08,Rice,106,Italy,17987.91,35549.65,0.5059940111927965
84,Greece,2014,Wheat and products,868.8,26.34,6.48,Wheat,27,Bulgaria,357619.0,855268.27,0.4181366391623531
84,Greece,2015,Maize and products,12.18,0.25,0.1,Maize,27,Bulgaria,110602.8,457802.07,0.2415952378721223
84,Greece,2015,Rice and products,45.29,0.94,0.19,Rice,115,Cambodia,17961.300000000003,52632.25,0.3412603489305512
84,Greece,2015,Wheat and products,869.23,26.42,6.33,Wheat,27,Bulgaria,352520.30000000005,966759.02,0.3646413353350455
84,Greece,2016,Maize and products,11.16,0.23,0.09,Maize,27,Bulgaria,172307.57,549631.18,0.3134967161069719
84,Greece,2016,Rice and products,37.64,0.79,0.15,Rice,115,Cambodia,10009.82,33668.8,0.2973025471653281
84,Greece,2016,Wheat and products,869.58,26.44,6.31,Wheat,27,Bulgaria,397159.89,1128253.25,0.352013069760712
84,Greece,2017,Maize and products,12.77,0.26,0.11,Maize,27,Bulgaria,209614.99,707703.43,0.2961904395461245
84,Greece,2017,Rice and products,24.96,0.51,0.06,Rice,106,Italy,11042.01,40188.09,0.2747582679346045
84,Greece,2017,Wheat and products,877.25,26.66,6.42,Wheat,27,Bulgaria,445422.4,1174367.4,0.3792870953331981
84,Greece,2018,Maize and products,11.89,0.25,0.1,Maize,27,Bulgaria,356367.49,760342.4199999999,0.4686934210510049
84,Greece,2018,Rice and products,27.96,0.56,0.07,Rice,28,Myanmar,10200.0,49888.3,0.2044567563937837
84,Greece,2018,Wheat and products,784.43,23.91,5.56,Wheat,27,Bulgaria,358664.27,1110487.34,0.3229791615634267
84,Greece,2019,Maize and products,11.89,0.25,0.1,Maize,27,Bulgaria,545806.67,805728.26,0.6774078769435244
84,Greece,2019,Rice and products,46.8,0.97,0.16,Rice,28,Myanmar,12207.0,51144.66,0.2386759438815313
84,Greece,2019,Wheat and products,695.19,21.01,5.22,Wheat,27,Bulgaria,452281.31,1061339.25,0.4261420747418886
84,Greece,2020,Maize and products,11.0,0.23,0.09,Maize,27,Bulgaria,381379.1,669566.88,0.5695907479772595
84,Greece,2020,Rice and products,60.6,1.26,0.22,Rice,28,Myanmar,15033.5,56060.33,0.2681664556737357
84,Greece,2020,Wheat and products,700.26,21.09,5.33,Wheat,27,Bulgaria,444360.75,934669.29,0.4754202954501693
84,Greece,2021,Maize and products,12.87,0.27,0.11,Maize,27,Bulgaria,299298.2,667702.16,0.4482510585258553
84,Greece,2021,Rice and products,45.04,0.93,0.15,Rice,165,Pakistan,9281.96,31762.23,0.2922326297618272
84,Greece,2021,Wheat and products,741.99,22.52,5.43,Wheat,27,Bulgaria,591917.4400000001,1140990.6,0.518775036358757
84,Greece,2022,Maize and products,12.63,0.26,0.11,Maize,27,Bulgaria,243082.55,594253.73,0.4090551522495281
84,Greece,2022,Rice and products,40.57,0.84,0.13,Rice,28,Myanmar,11413.0,54985.3,0.2075645672570668
84,Greece,2022,Wheat and products,775.92,23.65,5.41,Wheat,27,Bulgaria,480071.32,1054380.01,0.4553114773107278
84,Greece,2023,Maize and products,12.0,0.25,0.1,Maize,230,Ukraine,172569.41,521197.98,0.3311014559189197
84,Greece,2023,Rice and products,38.31,0.8,0.14,Rice,28,Myanmar,15789.0,51277.52,0.3079127071668052
84,Greece,2023,Wheat and products,787.46,24.15,5.14,Wheat,27,Bulgaria,406436.35,1147723.51,0.3541239213615132
86,Grenada,2016,Maize and products,20.22,0.46,0.16,Maize,14,Barbados,42.1,95.36,0.4414848993288591
86,Grenada,2016,Rice and products,110.51,2.39,0.58,Rice,91,Guyana,1690.41,2617.13,0.6459021905675301
86,Grenada,2016,Wheat and products,451.13,12.44,6.22,Wheat,191,Saint Vincent and the Grenadines,894.72,957.07,0.9348532500235092
86,Grenada,2017,Maize and products,25.98,0.6,0.2,Maize,231,United States of America,134.34,173.12,0.7759935304990758
86,Grenada,2017,Rice and products,103.38,2.26,0.59,Rice,91,Guyana,1739.69,1974.36,0.881141230575984
86,Grenada,2017,Wheat and products,401.75,10.82,6.14,Wheat,191,Saint Vincent and the Grenadines,896.08,967.58,0.9261043014531098
86,Grenada,2018,Maize and products,37.01,0.84,0.29,Maize,220,Trinidad and Tobago,18.77,37.1,0.5059299191374663
86,Grenada,2018,Rice and products,103.23,2.27,0.62,Rice,91,Guyana,1836.82,2328.62,0.7888019513703395
86,Grenada,2018,Wheat and products,390.05,10.38,6.37,Wheat,191,Saint Vincent and the Grenadines,984.5,1092.2,0.9013916865043032
86,Grenada,2019,Maize and products,30.69,0.74,0.23,Maize,220,Trinidad and Tobago,74.45,104.92000000000002,0.7095882577201676
86,Grenada,2019,Rice and products,81.88,1.81,0.5,Rice,91,Guyana,1282.84,1638.71,0.7828352789694332
86,Grenada,2019,Wheat and products,440.78,11.95,6.54,Wheat,191,Saint Vincent and the Grenadines,943.28,1053.28,0.8955643323712593
86,Grenada,2020,Maize and products,53.55,1.23,0.42,Maize,231,United States of America,3000.0,3102.78,0.9668748670547056
86,Grenada,2020,Rice and products,120.74,2.69,0.78,Rice,91,Guyana,1602.15,1924.58,0.8324673435243014
86,Grenada,2020,Wheat and products,309.49,8.24,5.15,Wheat,231,United States of America,6236.27,7659.780000000001,0.8141578478755265
86,Grenada,2021,Maize and products,98.82,2.47,0.86,Maize,231,United States of America,21579.34,21906.3,0.985074613239114
86,Grenada,2021,Rice and products,106.24,2.32,0.61,Rice,91,Guyana,1671.47,1986.99,0.8412070518724302
86,Grenada,2021,Wheat and products,380.5,10.32,5.84,Wheat,231,United States of America,13779.46,15162.9,0.9087615165964296
86,Grenada,2022,Maize and products,44.92,1.14,0.35,Maize,231,United States of America,7353.56,7398.42,0.9939365432078742
86,Grenada,2022,Rice and products,96.62,2.1,0.52,Rice,91,Guyana,1938.78,2079.43,0.932361272079368
86,Grenada,2022,Wheat and products,282.33,7.18,5.38,Wheat,231,United States of America,1954.16,3016.2700000000004,0.6478730352388877
86,Grenada,2023,Maize and products,33.38,0.84,0.27,Maize,231,United States of America,6533.65,6580.71,0.9928487959505888
86,Grenada,2023,Rice and products,101.12,2.2,0.55,Rice,91,Guyana,1748.57,1967.06,0.8889256047095666
86,Grenada,2023,Wheat and products,360.59,9.4,6.13,Wheat,231,United States of America,34283.83,35405.200000000004,0.968327533808593
89,Guatemala,2010,Maize and products,796.72,16.57,6.72,Maize,231,United States of America,627799.0,630100.0,0.9963481986986192
89,Guatemala,2010,Rice and products,53.67,1.09,0.15,Rice,231,United States of America,45961.1,50362.2,0.9126110455857768
89,Guatemala,2010,Wheat and products,243.8,7.55,1.37,Wheat,231,United States of America,456422.0,516505.0,0.8836739237761493
89,Guatemala,2011,Maize and products,806.71,16.78,6.81,Maize,231,United States of America,708483.0,709923.0,0.9979716110057006
89,Guatemala,2011,Rice and products,52.3,1.07,0.14,Rice,231,United States of America,55862.5,56824.5,0.9830706825401015
89,Guatemala,2011,Wheat and products,262.98,8.14,1.45,Wheat,231,United States of America,469998.0,540252.0,0.8699606850136603
89,Guatemala,2012,Maize and products,802.48,16.67,6.8,Maize,231,United States of America,460652.0,692695.0,0.6650141837316568
89,Guatemala,2012,Rice and products,52.24,1.07,0.14,Rice,231,United States of America,74165.95,80822.95,0.917634780715131
89,Guatemala,2012,Wheat and products,262.97,8.17,1.46,Wheat,231,United States of America,465791.0,560244.0,0.8314073867814737
89,Guatemala,2013,Maize and products,816.34,16.96,6.91,Maize,231,United States of America,355014.0,689013.0,0.5152500751074363
89,Guatemala,2013,Rice and products,52.39,1.07,0.14,Rice,231,United States of America,56836.9,73853.0,0.7695950062962913
89,Guatemala,2013,Wheat and products,227.77,7.13,1.13,Wheat,231,United States of America,426859.0,514655.0,0.829408050052948
89,Guatemala,2014,Maize and products,839.47,17.6,7.13,Maize,231,United States of America,852929.86,865162.74,0.985860602364822
89,Guatemala,2014,Rice and products,54.39,1.11,0.15,Rice,231,United States of America,66666.59,68496.82,0.9732800734399056
89,Guatemala,2014,Wheat and products,259.43,8.04,1.32,Wheat,231,United States of America,471431.65,567698.4400000001,0.8304261854233737
89,Guatemala,2015,Maize and products,802.71,16.97,6.81,Maize,231,United States of America,882042.39,982211.08,0.8980171451537688
89,Guatemala,2015,Rice and products,55.23,1.13,0.15,Rice,231,United States of America,65062.1,71725.03,0.907104535195036
89,Guatemala,2015,Wheat and products,301.93,9.37,1.52,Wheat,231,United States of America,523520.58,639692.5800000001,0.8183940167009597
89,Guatemala,2016,Maize and products,844.32,17.69,7.17,Maize,231,United States of America,997531.2,1042732.72,0.9566509047495892
89,Guatemala,2016,Rice and products,52.47,1.07,0.14,Rice,231,United States of America,72848.78,83983.63,0.8674164238911797
89,Guatemala,2016,Wheat and products,274.82,8.49,1.38,Wheat,231,United States of America,494341.33,576835.64,0.8569881881778317
89,Guatemala,2017,Maize and products,848.43,17.73,7.2,Maize,231,United States of America,904402.83,1054621.38,0.8575616303170338
89,Guatemala,2017,Rice and products,57.08,1.16,0.15,Rice,231,United States of America,85085.59,99235.49,0.8574108920105095
89,Guatemala,2017,Wheat and products,318.23,9.89,1.6,Wheat,231,United States of America,567704.2,675186.8899999999,0.8408104606414974
89,Guatemala,2018,Maize and products,853.59,17.89,7.25,Maize,231,United States of America,1117449.59,1132934.27,0.9863322344375725
89,Guatemala,2018,Rice and products,56.26,1.15,0.15,Rice,231,United States of America,75301.18000000001,95866.25,0.7854816476079955
89,Guatemala,2018,Wheat and products,265.18,8.17,1.49,Wheat,231,United States of America,492472.89,609005.88,0.808650468202376
89,Guatemala,2019,Maize and products,849.37,17.56,7.22,Maize,231,United States of America,1059369.72,1323370.12,0.8005090216182303
89,Guatemala,2019,Rice and products,76.05,1.55,0.2,Rice,231,United States of America,74625.79,97974.39,0.7616867020044727
89,Guatemala,2019,Wheat and products,288.55,8.87,1.62,Wheat,231,United States of America,572331.78,709959.5700000001,0.8061470035540192
89,Guatemala,2020,Maize and products,812.3,16.8,6.9,Maize,231,United States of America,1261073.8,1467947.57,0.8590727800993601
89,Guatemala,2020,Rice and products,90.25,1.84,0.24,Rice,231,United States of America,59120.67,153155.33000000002,0.3860177115611973
89,Guatemala,2020,Wheat and products,237.38,7.34,1.23,Wheat,231,United States of America,508011.31,700500.16,0.7252122683312449
89,Guatemala,2021,Maize and products,771.99,15.96,6.56,Maize,231,United States of America,1298826.9,1415055.66,0.9178627644936596
89,Guatemala,2021,Rice and products,48.7,0.99,0.13,Rice,231,United States of America,71667.27,91541.17,0.7828965917739527
89,Guatemala,2021,Wheat and products,260.89,8.03,1.44,Wheat,33,Canada,317495.5,680489.42,0.4665693406372137
89,Guatemala,2022,Maize and products,762.02,15.76,6.48,Maize,231,United States of America,1020439.17,1626139.29,0.6275226090871957
89,Guatemala,2022,Rice and products,77.75,1.59,0.21,Rice,231,United States of America,68059.11,121851.8,0.5585400461872537
89,Guatemala,2022,Wheat and products,295.77,8.95,1.98,Wheat,231,United States of America,562040.76,773546.6,0.726576472574503
89,Guatemala,2023,Maize and products,759.37,15.7,6.45,Maize,231,United States of America,988557.24,1606118.65,0.6154945277548456
89,Guatemala,2023,Rice and products,68.01,1.39,0.18,Rice,231,United States of America,55581.02,104076.51,0.5340400057611463
89,Guatemala,2023,Wheat and products,295.65,8.81,2.03,Wheat,33,Canada,485374.88,708612.09,0.6849655641636033
90,Guinea,2014,Maize and products,86.98,1.8,0.74,Maize,133,Mali,7147.0,7540.85,0.9477711398582388
90,Guinea,2014,Rice and products,860.69,17.68,2.61,Rice,100,India,390868.06,679408.08,0.5753067582004618
90,Guinea,2014,Wheat and products,185.07,5.76,1.07,Wheat,143,Morocco,139896.71,249867.81,0.5598828836735712
90,Guinea,2015,Maize and products,90.53,1.87,0.77,Maize,133,Mali,14110.55,14551.149999999998,0.9697206062751056
90,Guinea,2015,Rice and products,861.53,17.71,2.64,Rice,100,India,356236.06,592832.19,0.6009053928060148
90,Guinea,2015,Wheat and products,131.25,4.06,0.83,Wheat,143,Morocco,23123.0,50414.15,0.4586609116686486
90,Guinea,2016,Maize and products,92.7,1.92,0.79,Maize,133,Mali,16580.8,17237.9,0.9618805074864106
90,Guinea,2016,Rice and products,868.51,17.82,2.58,Rice,100,India,399989.07,695268.66,0.5753014525349093
90,Guinea,2016,Wheat and products,149.64,4.63,0.93,Wheat,121,Lebanon,98859.8,189781.6,0.5209135132172982
91,Guyana,2010,Maize and products,23.19,0.52,0.19,Maize,231,United States of America,21501.0,21507.0,0.9997210210629096
91,Guyana,2010,Rice and products,698.62,14.21,1.8,Rice,231,United States of America,5.4,9.9,0.5454545454545455
91,Guyana,2010,Wheat and products,420.19,12.6,3.11,Wheat,33,Canada,40289.0,44072.0,0.9141631875113452
91,Guyana,2011,Maize and products,25.87,0.58,0.21,Maize,231,United States of America,30003.0,30010.0,0.9997667444185272
91,Guyana,2011,Rice and products,717.72,14.6,1.85,Rice,220,Trinidad and Tobago,85.5,100.75,0.8486352357320099
91,Guyana,2011,Wheat and products,438.42,13.15,3.26,Wheat,33,Canada,29145.0,36853.0,0.7908447073508262
91,Guyana,2012,Maize and products,28.59,0.64,0.23,Maize,231,United States of America,34233.0,34295.0,0.9981921562910046
91,Guyana,2012,Rice and products,710.0,14.45,1.83,Rice,41,"China, mainland",29.7,51.3,0.5789473684210527
91,Guyana,2012,Wheat and products,437.79,13.1,3.33,Wheat,33,Canada,39805.0,46728.0,0.8518447183701421
91,Guyana,2013,Maize and products,26.76,0.6,0.21,Maize,231,United States of America,22774.0,23501.0,0.969065146163993
91,Guyana,2013,Rice and products,709.23,14.43,1.83,Rice,231,United States of America,18.0,36.0,0.5
91,Guyana,2013,Wheat and products,447.18,13.46,3.21,Wheat,33,Canada,30487.0,48602.0,0.6272787128101724
91,Guyana,2014,Maize and products,78.2,1.65,0.65,Maize,231,United States of America,24485.2,28837.95,0.8490617398254731
91,Guyana,2014,Rice and products,719.19,14.64,1.86,Rice,41,"China, mainland",23.83,45.22,0.5269792127377266
91,Guyana,2014,Wheat and products,494.49,14.71,4.02,Wheat,231,United States of America,50359.44,56868.380000000005,0.885543776699811
91,Guyana,2015,Maize and products,13.59,0.29,0.11,Maize,231,United States of America,21410.92,27999.94,0.7646773528800419
91,Guyana,2015,Rice and products,724.59,14.79,1.9,Rice,41,"China, mainland",16.15,36.19,0.4462558717877867
91,Guyana,2015,Wheat and products,463.06,13.75,3.88,Wheat,231,United States of America,58262.7,64958.86,0.896916910179766
91,Guyana,2016,Maize and products,17.44,0.39,0.14,Maize,231,United States of America,31664.0,33163.79,0.9547762785857709
91,Guyana,2016,Rice and products,719.92,14.69,1.89,Rice,231,United States of America,56.89,125.59,0.4529819253125249
91,Guyana,2016,Wheat and products,489.63,14.44,4.31,Wheat,33,Canada,38200.85,54089.98,0.7062463325000305
91,Guyana,2017,Maize and products,17.46,0.39,0.14,Maize,231,United States of America,30943.41,35332.79,0.875770353827139
91,Guyana,2017,Rice and products,726.14,14.83,1.92,Rice,231,United States of America,34.49,63.38,0.5441779741243294
91,Guyana,2017,Wheat and products,453.88,13.29,4.14,Wheat,33,Canada,19951.46,44988.78,0.4434763512146806
91,Guyana,2018,Maize and products,20.46,0.46,0.16,Maize,231,United States of America,38095.49,40193.37,0.947805322121534
91,Guyana,2018,Rice and products,710.42,14.51,1.87,Rice,231,United States of America,56.22,72.31,0.7774858249204812
91,Guyana,2018,Wheat and products,399.64,11.62,3.71,Wheat,231,United States of America,37420.44,55767.11000000001,0.6710127169939414
91,Guyana,2019,Maize and products,18.15,0.4,0.15,Maize,231,United States of America,32137.53,32965.13,0.9748946841708194
91,Guyana,2019,Rice and products,698.32,14.24,1.83,Rice,231,United States of America,119.09,130.75,0.9108221797323136
91,Guyana,2019,Wheat and products,406.04,11.6,4.29,Wheat,231,United States of America,5529.89,11904.67,0.4645143460507515
91,Guyana,2020,Maize and products,24.82,0.56,0.2,Maize,231,United States of America,35704.39,37192.43,0.959990783070641
91,Guyana,2020,Rice and products,628.47,12.79,1.62,Rice,231,United States of America,26.59,37.7,0.7053050397877983
91,Guyana,2020,Wheat and products,415.88,11.94,4.27,Wheat,231,United States of America,26272.02,33623.25,0.7813646806897013
91,Guyana,2021,Maize and products,27.37,0.65,0.21,Maize,231,United States of America,47144.98,49294.51,0.956394129893978
91,Guyana,2021,Rice and products,597.79,12.24,1.6,Rice,231,United States of America,135.87,199.55,0.6808819844650464
91,Guyana,2021,Wheat and products,430.56,12.2,4.71,Wheat,231,United States of America,48525.36,55000.55,0.8822704500227725
91,Guyana,2022,Maize and products,22.33,0.51,0.18,Maize,231,United States of America,39263.73,40160.71000000001,0.9776652355000696
91,Guyana,2022,Rice and products,575.8,11.83,1.57,Rice,100,India,46.0,97.79,0.4703957459862971
91,Guyana,2022,Wheat and products,421.25,11.62,5.36,Wheat,231,United States of America,23094.26,37571.31,0.6146780615315249
91,Guyana,2023,Maize and products,21.38,0.48,0.17,Maize,21,Brazil,19673.97,39906.32,0.4930038650519517
91,Guyana,2023,Rice and products,580.21,11.91,1.57,Rice,100,India,96.0,211.52,0.453857791225416
91,Guyana,2023,Wheat and products,429.51,11.89,5.35,Wheat,231,United States of America,23119.27,44558.76,0.5188490433755337
95,Honduras,2012,Maize and products,694.18,14.4,5.89,Maize,231,United States of America,292573.0,358366.0,0.8164083646328055
95,Honduras,2012,Rice and products,129.04,2.63,0.35,Rice,231,United States of America,105293.45,130502.45,0.8068312127473469
95,Honduras,2012,Wheat and products,257.88,7.45,2.64,Wheat,231,United States of America,173287.0,207490.0,0.8351583208829341
95,Honduras,2014,Maize and products,716.8,14.86,6.08,Maize,231,United States of America,370554.09,399612.71,0.9272830436249138
95,Honduras,2014,Rice and products,138.59,2.83,0.37,Rice,231,United States of America,98956.5,106729.86,0.9271678984681512
95,Honduras,2014,Wheat and products,233.74,6.73,2.43,Wheat,231,United States of America,202466.23,223175.18,0.9072076473736908
95,Honduras,2015,Maize and products,723.24,15.01,6.13,Maize,231,United States of America,473586.72,562934.86,0.8412815649753863
95,Honduras,2015,Rice and products,131.3,2.68,0.35,Rice,231,United States of America,114999.53,127474.89,0.9021347655212724
95,Honduras,2015,Wheat and products,243.49,7.02,2.51,Wheat,231,United States of America,202879.73,224708.06,0.9028591586790434
95,Honduras,2016,Maize and products,720.88,14.96,6.11,Maize,231,United States of America,571648.46,573158.1799999999,0.9973659627434788
95,Honduras,2016,Rice and products,136.67,2.8,0.38,Rice,231,United States of America,115604.49,138657.12,0.8337436260034826
95,Honduras,2016,Wheat and products,245.66,7.13,2.43,Wheat,231,United States of America,273230.74,293021.23,0.9324605592570888
95,Honduras,2017,Maize and products,720.72,14.94,6.11,Maize,231,United States of America,486085.25,486871.78,0.9983845233338436
95,Honduras,2017,Rice and products,136.69,2.8,0.39,Rice,231,United States of America,106236.64,114621.46,0.9268477299102628
95,Honduras,2017,Wheat and products,240.63,7.16,1.95,Wheat,231,United States of America,193699.66,214019.73,0.9050551554288944
95,Honduras,2018,Maize and products,718.63,14.91,6.09,Maize,231,United States of America,632773.32,634439.6499999999,0.9973735405723776
95,Honduras,2018,Rice and products,140.46,2.87,0.39,Rice,231,United States of America,134869.54,145871.74000000002,0.9245762064674076
95,Honduras,2018,Wheat and products,243.46,7.32,1.78,Wheat,231,United States of America,288507.54000000004,329793.51,0.8748126668714615
95,Honduras,2019,Maize and products,718.08,14.89,6.09,Maize,231,United States of America,670262.72,691369.32,0.96947130948767
95,Honduras,2019,Rice and products,130.83,2.67,0.36,Rice,231,United States of America,111906.4,124681.4,0.8975388470132674
95,Honduras,2019,Wheat and products,238.06,7.13,1.82,Wheat,231,United States of America,256183.8,290600.79,0.8815660824597208
95,Honduras,2020,Maize and products,752.99,15.62,6.38,Maize,231,United States of America,741543.45,759898.62,0.9758452384082498
95,Honduras,2020,Rice and products,141.35,2.9,0.41,Rice,231,United States of America,95543.49,124717.67,0.7660782148993002
95,Honduras,2020,Wheat and products,224.14,6.88,1.39,Wheat,231,United States of America,262188.51,284308.04000000004,0.9221987179820872
95,Honduras,2021,Maize and products,755.92,15.67,6.41,Maize,231,United States of America,750402.57,751932.6799999999,0.9979650970882128
95,Honduras,2021,Rice and products,120.48,2.47,0.34,Rice,231,United States of America,117224.34,123634.29,0.9481539466114134
95,Honduras,2021,Wheat and products,222.73,6.77,1.46,Wheat,231,United States of America,264370.03,285724.16000000003,0.9252631279062996
95,Honduras,2023,Maize and products,726.8,15.06,6.17,Maize,231,United States of America,764419.84,834668.54,0.9158364109422406
95,Honduras,2023,Rice and products,112.23,2.28,0.29,Rice,231,United States of America,113567.71,126361.37,0.8987533927496987
95,Honduras,2023,Wheat and products,203.53,6.12,1.49,Wheat,231,United States of America,267871.35,290654.41,0.9216146075333932
96,"China, Hong Kong SAR",2010,Maize and products,55.69,0.95,0.34,Maize,231,United States of America,29328.0,32365.0,0.9061640661208096
96,"China, Hong Kong SAR",2010,Rice and products,435.77,8.89,1.14,Rice,216,Thailand,437675.45,672014.8,0.6512884091243228
96,"China, Hong Kong SAR",2010,Wheat and products,382.31,10.52,4.79,Wheat,41,"China, mainland",118438.0,174793.0,0.6775900636753188
96,"China, Hong Kong SAR",2011,Maize and products,53.59,0.91,0.33,Maize,231,United States of America,22535.0,28836.0,0.7814884172562075
96,"China, Hong Kong SAR",2011,Rice and products,444.82,9.08,1.17,Rice,216,Thailand,420754.6,689525.55,0.6102088602808119
96,"China, Hong Kong SAR",2011,Wheat and products,377.42,10.56,4.43,Wheat,41,"China, mainland",122641.0,179097.0,0.6847741726550417
96,"China, Hong Kong SAR",2012,Maize and products,41.69,0.66,0.23,Maize,231,United States of America,12098.0,18250.0,0.6629041095890411
96,"China, Hong Kong SAR",2012,Rice and products,397.64,8.11,1.05,Rice,216,Thailand,316790.0,625422.4,0.5065216723929299
96,"China, Hong Kong SAR",2012,Wheat and products,381.47,10.69,4.39,Wheat,41,"China, mainland",109210.0,186328.0,0.5861169550470139
96,"China, Hong Kong SAR",2013,Maize and products,43.71,0.69,0.24,Maize,231,United States of America,8061.0,12935.0,0.6231928875144955
96,"China, Hong Kong SAR",2013,Rice and products,432.06,8.81,1.13,Rice,216,Thailand,309564.6,685119.7999999999,0.4518401015413655
96,"China, Hong Kong SAR",2013,Wheat and products,377.15,10.58,4.31,Wheat,41,"China, mainland",106297.0,189437.0,0.5611205836241072
96,"China, Hong Kong SAR",2014,Maize and products,38.65,0.6,0.21,Maize,231,United States of America,11347.09,15320.03,0.7406702206196724
96,"China, Hong Kong SAR",2014,Rice and products,428.4,8.75,1.14,Rice,216,Thailand,336065.68,684446.12,0.4910038499451206
96,"China, Hong Kong SAR",2014,Wheat and products,413.77,11.22,5.66,Wheat,41,"China, mainland",96967.89,189495.11,0.5117171097449427
96,"China, Hong Kong SAR",2015,Maize and products,35.33,0.51,0.18,Maize,231,United States of America,11274.93,14433.01,0.7811904793248255
96,"China, Hong Kong SAR",2015,Rice and products,404.89,8.27,1.07,Rice,216,Thailand,370041.47,653208.51,0.5664982380587784
96,"China, Hong Kong SAR",2015,Wheat and products,407.18,11.16,5.38,Wheat,41,"China, mainland",93427.16,192310.9,0.4858131286370143
96,"China, Hong Kong SAR",2016,Maize and products,38.89,0.62,0.21,Maize,231,United States of America,15121.63,16540.98,0.9141919039863418
96,"China, Hong Kong SAR",2016,Rice and products,399.12,8.16,1.06,Rice,216,Thailand,391179.97,650751.52,0.6011203323812443
96,"China, Hong Kong SAR",2016,Wheat and products,405.49,11.08,5.36,Wheat,41,"China, mainland",84067.54,190413.9,0.4414989661994213
96,"China, Hong Kong SAR",2017,Maize and products,37.81,0.61,0.21,Maize,231,United States of America,13826.08,16083.02,0.859669390450301
96,"China, Hong Kong SAR",2017,Rice and products,402.25,8.22,1.07,Rice,216,Thailand,428633.07,658982.88,0.650446442554016
96,"China, Hong Kong SAR",2017,Wheat and products,416.51,11.36,5.38,Wheat,41,"China, mainland",79126.8,200567.35,0.3945148599709773
96,"China, Hong Kong SAR",2018,Maize and products,43.85,0.74,0.25,Maize,231,United States of America,19701.96,21026.06,0.93702576707191
96,"China, Hong Kong SAR",2018,Rice and products,385.63,7.87,1.02,Rice,216,Thailand,362093.77,643005.25,0.5631272372970516
96,"China, Hong Kong SAR",2018,Wheat and products,419.37,11.27,5.7,Wheat,41,"China, mainland",78118.25,191873.16,0.4071348488762055
96,"China, Hong Kong SAR",2019,Maize and products,37.97,0.6,0.21,Maize,231,United States of America,15795.07,18032.5,0.87592236240122
96,"China, Hong Kong SAR",2019,Rice and products,376.23,7.68,1.0,Rice,216,Thailand,325981.89,623744.75,0.522620655324153
96,"China, Hong Kong SAR",2019,Wheat and products,393.26,10.53,5.43,Wheat,41,"China, mainland",71600.51,186816.76,0.3832659874842064
96,"China, Hong Kong SAR",2020,Maize and products,37.61,0.63,0.23,Maize,231,United States of America,19179.75,20779.42,0.9230166193281624
96,"China, Hong Kong SAR",2020,Rice and products,382.11,7.79,1.01,Rice,216,Thailand,337696.07,615814.88,0.5483727025238494
96,"China, Hong Kong SAR",2020,Wheat and products,376.91,10.29,4.95,Wheat,41,"China, mainland",64300.0,173849.28,0.3698606056924711
96,"China, Hong Kong SAR",2021,Maize and products,36.6,0.57,0.2,Maize,231,United States of America,13960.97,16903.98,0.8258983978920941
96,"China, Hong Kong SAR",2021,Rice and products,352.99,7.2,0.93,Rice,216,Thailand,312230.92,567658.45,0.5500330700617598
96,"China, Hong Kong SAR",2021,Wheat and products,366.98,10.02,4.6,Wheat,41,"China, mainland",68033.0,173951.44999999998,0.3911033797073839
96,"China, Hong Kong SAR",2022,Maize and products,34.39,0.53,0.19,Maize,231,United States of America,13521.26,15970.72,0.846628079385275
96,"China, Hong Kong SAR",2022,Rice and products,351.74,7.18,0.93,Rice,216,Thailand,339851.44999999995,568658.35,0.5976373159736421
96,"China, Hong Kong SAR",2022,Wheat and products,362.46,9.67,5.14,Wheat,41,"China, mainland",71365.06000000001,160958.57,0.4433753356531436
96,"China, Hong Kong SAR",2023,Maize and products,27.27,0.39,0.14,Maize,231,United States of America,9288.4,12849.2,0.7228776888833546
96,"China, Hong Kong SAR",2023,Rice and products,326.45,6.68,0.87,Rice,216,Thailand,303053.44,524932.89,0.5773184454111839
96,"China, Hong Kong SAR",2023,Wheat and products,390.85,10.26,5.98,Wheat,41,"China, mainland",75888.7,161703.26,0.469308410974522
97,Hungary,2010,Maize and products,5.51,0.13,0.04,Maize,272,Serbia,38270.0,96208.0,0.3977839680691834
97,Hungary,2010,Rice and products,23.67,0.48,0.06,Rice,106,Italy,33776.15,53798.75,0.627824066544297
97,Hungary,2010,Wheat and products,805.85,25.01,4.74,Wheat,199,Slovakia,78452.0,111586.0,0.7030631082752317
97,Hungary,2011,Maize and products,6.95,0.17,0.05,Maize,183,Romania,41101.0,101607.0,0.4045095318235948
97,Hungary,2011,Rice and products,25.76,0.52,0.07,Rice,106,Italy,32369.95,64657.95,0.5006337194420795
97,Hungary,2011,Wheat and products,750.7,23.37,4.25,Wheat,199,Slovakia,97601.0,146592.0,0.6658003165247762
97,Hungary,2012,Maize and products,6.29,0.15,0.05,Maize,183,Romania,51662.0,146684.0,0.3521992855389818
97,Hungary,2012,Rice and products,23.43,0.48,0.06,Rice,106,Italy,21865.8,42597.8,0.5133081990149726
97,Hungary,2012,Wheat and products,748.91,23.48,3.66,Wheat,199,Slovakia,109657.0,140268.0,0.7817677588616078
97,Hungary,2013,Maize and products,5.65,0.14,0.04,Maize,183,Romania,67436.0,131640.0,0.512275903980553
97,Hungary,2013,Rice and products,19.99,0.4,0.05,Rice,106,Italy,9916.65,26841.6,0.3694507778969957
97,Hungary,2013,Wheat and products,781.76,24.57,3.73,Wheat,199,Slovakia,78613.0,114737.0,0.6851582314336264
97,Hungary,2014,Maize and products,5.07,0.13,0.03,Maize,183,Romania,115631.4,241201.44,0.4793976354370023
97,Hungary,2014,Rice and products,20.25,0.41,0.05,Rice,106,Italy,12454.68,32456.88,0.3837300442926122
97,Hungary,2014,Wheat and products,771.34,24.2,3.78,Wheat,199,Slovakia,120507.0,174699.8,0.6897947221462188
97,Hungary,2015,Maize and products,3.93,0.1,0.03,Maize,183,Romania,31516.3,117583.19,0.2680340616715705
97,Hungary,2015,Rice and products,31.16,0.63,0.08,Rice,106,Italy,31887.81,66144.64,0.4820921241690937
97,Hungary,2015,Wheat and products,766.67,23.96,3.94,Wheat,199,Slovakia,172161.1,202796.94,0.8489334207902742
97,Hungary,2016,Maize and products,5.58,0.15,0.04,Maize,199,Slovakia,26794.54,72007.64,0.3721069042118308
97,Hungary,2016,Rice and products,33.69,0.68,0.09,Rice,106,Italy,28153.300000000003,70236.4,0.4008363184901277
97,Hungary,2016,Wheat and products,769.82,23.9,4.31,Wheat,199,Slovakia,209633.16,234864.45,0.8925708424582774
97,Hungary,2017,Maize and products,4.17,0.11,0.03,Maize,183,Romania,43478.48,127302.85,0.3415357943675259
97,Hungary,2017,Rice and products,40.06,0.81,0.1,Rice,106,Italy,41807.97,81240.01,0.5146229056347975
97,Hungary,2017,Wheat and products,774.9,23.92,4.59,Wheat,199,Slovakia,161448.34,187217.66,0.8623563610398719
97,Hungary,2018,Maize and products,5.18,0.14,0.04,Maize,230,Ukraine,37366.84,105485.08,0.3542381538697226
97,Hungary,2018,Rice and products,40.53,0.82,0.11,Rice,106,Italy,34330.03,80392.61,0.4270296734985964
97,Hungary,2018,Wheat and products,799.93,24.49,5.24,Wheat,199,Slovakia,169851.21000000002,198008.4,0.8577980025089845
97,Hungary,2019,Maize and products,6.01,0.16,0.04,Maize,183,Romania,101267.74,179350.78,0.5646350687741643
97,Hungary,2019,Rice and products,41.66,0.85,0.11,Rice,106,Italy,32373.65,86477.79,0.3743579709888516
97,Hungary,2019,Wheat and products,830.67,25.14,6.08,Wheat,199,Slovakia,123113.88,146862.01,0.8382963027674754
97,Hungary,2020,Maize and products,6.41,0.17,0.04,Maize,183,Romania,44897.52,168688.03,0.266157118557849
97,Hungary,2020,Rice and products,43.6,0.88,0.11,Rice,106,Italy,30081.0,87107.31999999999,0.3453326310578721
97,Hungary,2020,Wheat and products,778.74,23.39,6.06,Wheat,199,Slovakia,165469.4,176530.28,0.9373428739817328
97,Hungary,2021,Maize and products,6.39,0.17,0.04,Maize,272,Serbia,148707.91,439421.0500000001,0.3384178113451779
97,Hungary,2021,Rice and products,34.65,0.7,0.09,Rice,106,Italy,30625.3,70350.33,0.4353256054378138
97,Hungary,2021,Wheat and products,848.66,25.57,6.46,Wheat,199,Slovakia,166328.47999999998,219938.45,0.7562501236141292
97,Hungary,2022,Maize and products,7.95,0.21,0.05,Maize,230,Ukraine,1096727.83,1625225.7200000002,0.6748156988310522
97,Hungary,2022,Rice and products,46.17,0.94,0.12,Rice,106,Italy,29531.95,92727.4,0.318481376594189
97,Hungary,2022,Wheat and products,841.09,25.15,6.77,Wheat,199,Slovakia,236945.81,509559.38,0.4650013703996578
97,Hungary,2023,Maize and products,7.83,0.21,0.05,Maize,230,Ukraine,667476.05,891863.8,0.748405810393919
97,Hungary,2023,Rice and products,45.33,0.92,0.12,Rice,199,Slovakia,23135.11,91186.54,0.2537118965145513
97,Hungary,2023,Wheat and products,907.89,27.55,6.49,Wheat,199,Slovakia,173452.88,284460.08,0.6097617634080678
98,Croatia,2010,Maize and products,67.63,1.46,0.56,Maize,97,Hungary,20596.0,22648.0,0.9093959731543624
98,Croatia,2010,Rice and products,23.27,0.47,0.06,Rice,106,Italy,6176.6,20804.25,0.2968912601992381
98,Croatia,2010,Wheat and products,751.69,23.04,5.12,Wheat,97,Hungary,8213.0,16990.0,0.483402001177163
98,Croatia,2011,Maize and products,74.43,1.6,0.61,Maize,97,Hungary,23551.0,35316.0,0.6668648771095255
98,Croatia,2011,Rice and products,23.88,0.49,0.06,Rice,216,Thailand,6622.0,21383.7,0.3096751263813091
98,Croatia,2011,Wheat and products,751.63,22.95,5.31,Wheat,97,Hungary,5125.0,15626.0,0.327979009343402
98,Croatia,2012,Maize and products,79.71,1.71,0.66,Maize,272,Serbia,18960.0,28174.0,0.6729608859231916
98,Croatia,2012,Rice and products,25.05,0.51,0.07,Rice,106,Italy,5950.7,20691.15,0.287596387827646
98,Croatia,2012,Wheat and products,743.67,22.36,5.91,Wheat,97,Hungary,6659.0,14750.0,0.451457627118644
98,Croatia,2013,Maize and products,89.15,1.91,0.74,Maize,272,Serbia,18116.0,23245.0,0.7793503979350398
98,Croatia,2013,Rice and products,25.72,0.52,0.07,Rice,106,Italy,7451.95,20913.15,0.3563284345017369
98,Croatia,2013,Wheat and products,753.5,22.65,6.03,Wheat,97,Hungary,18386.0,39790.0,0.4620758984669515
98,Croatia,2014,Maize and products,84.82,1.82,0.7,Maize,272,Serbia,47537.1,53094.97,0.8953220992497029
98,Croatia,2014,Rice and products,24.27,0.49,0.07,Rice,106,Italy,9716.35,22327.93,0.4351657318882673
98,Croatia,2014,Wheat and products,743.37,22.17,6.33,Wheat,97,Hungary,86699.9,116312.05999999998,0.7454076559214926
98,Croatia,2015,Maize and products,77.08,1.65,0.64,Maize,97,Hungary,30164.2,59068.24,0.5106669844911581
98,Croatia,2015,Rice and products,23.96,0.49,0.07,Rice,106,Italy,9174.94,21378.5,0.4291666861566527
98,Croatia,2015,Wheat and products,793.86,23.65,6.82,Wheat,97,Hungary,80702.7,110904.06,0.727680303137685
98,Croatia,2016,Maize and products,80.33,1.72,0.66,Maize,272,Serbia,13102.72,21017.96,0.6234058871555564
98,Croatia,2016,Rice and products,24.34,0.5,0.07,Rice,106,Italy,9983.26,23576.31,0.4234445509072454
98,Croatia,2016,Wheat and products,811.19,24.13,7.06,Wheat,97,Hungary,76716.98999999999,113254.62,0.6773850815092576
98,Croatia,2017,Maize and products,76.49,1.65,0.63,Maize,97,Hungary,20556.64,29302.16,0.7015400912424203
98,Croatia,2017,Rice and products,24.72,0.5,0.07,Rice,106,Italy,11597.3,24357.37,0.4761310437046364
98,Croatia,2017,Wheat and products,746.79,22.01,6.97,Wheat,97,Hungary,141841.65,177432.69,0.7994110329951036
98,Croatia,2018,Maize and products,88.14,1.89,0.73,Maize,97,Hungary,20207.66,41160.16,0.4909519302160147
98,Croatia,2018,Rice and products,24.56,0.5,0.07,Rice,106,Italy,10136.03,21574.99,0.4698046209986656
98,Croatia,2018,Wheat and products,701.49,20.47,7.03,Wheat,97,Hungary,112481.21,214239.98,0.5250243675340149
98,Croatia,2019,Maize and products,95.29,2.07,0.75,Maize,272,Serbia,23088.99,41959.28,0.5502713583264537
98,Croatia,2019,Rice and products,24.76,0.5,0.07,Rice,106,Italy,10213.76,23083.42,0.4424716961351481
98,Croatia,2019,Wheat and products,721.45,20.83,7.58,Wheat,97,Hungary,133215.36,169874.44,0.7841989648354395
98,Croatia,2020,Maize and products,86.37,1.87,0.7,Maize,97,Hungary,51163.45,76355.06999999999,0.6700727273251141
98,Croatia,2020,Rice and products,27.94,0.56,0.08,Rice,106,Italy,10643.1,22237.36,0.4786134685052542
98,Croatia,2020,Wheat and products,730.4,21.16,7.29,Wheat,97,Hungary,131824.93,178083.19999999998,0.7402434929291477
98,Croatia,2021,Maize and products,81.23,1.77,0.63,Maize,97,Hungary,20023.42,49133.51,0.4075308277385434
98,Croatia,2021,Rice and products,29.39,0.59,0.08,Rice,106,Italy,11748.68,23128.62,0.5079715088924458
98,Croatia,2021,Wheat and products,753.39,21.95,7.41,Wheat,97,Hungary,69764.2,156709.47,0.4451817749112418
98,Croatia,2022,Maize and products,48.83,1.08,0.39,Maize,230,Ukraine,46102.36,116013.81,0.3973868283439704
98,Croatia,2022,Rice and products,30.32,0.61,0.08,Rice,106,Italy,11378.82,25005.84,0.4550465011373343
98,Croatia,2022,Wheat and products,773.11,22.41,7.83,Wheat,97,Hungary,63523.12,133414.91,0.4761320904837398
98,Croatia,2023,Maize and products,30.39,0.7,0.23,Maize,230,Ukraine,110189.58,156094.56,0.7059155681017968
98,Croatia,2023,Rice and products,30.8,0.63,0.08,Rice,106,Italy,12586.8,27080.22,0.4647968147969255
98,Croatia,2023,Wheat and products,817.47,23.62,8.39,Wheat,97,Hungary,115415.17,210088.58,0.5493643205166125
99,Iceland,2010,Maize and products,22.53,0.59,0.15,Maize,173,Poland,9291.0,14937.0,0.6220124522996585
99,Iceland,2010,Rice and products,35.91,0.74,0.1,Rice,216,Thailand,860.75,2400.9,0.3585113915614977
99,Iceland,2010,Wheat and products,568.65,17.53,9.01,Wheat,54,Denmark,23562.0,41982.0,0.5612405316564242
99,Iceland,2011,Maize and products,27.83,0.73,0.19,Maize,33,Canada,13685.0,20100.0,0.6808457711442786
99,Iceland,2011,Rice and products,35.89,0.73,0.1,Rice,216,Thailand,943.4,2384.15,0.3956965794937399
99,Iceland,2011,Wheat and products,549.32,16.87,8.96,Wheat,54,Denmark,19814.0,40609.0,0.4879213967347139
99,Iceland,2012,Maize and products,20.42,0.54,0.14,Maize,33,Canada,4564.0,14232.0,0.3206857785272625
99,Iceland,2012,Rice and products,36.27,0.74,0.1,Rice,216,Thailand,904.9,2296.75,0.3939915097420268
99,Iceland,2012,Wheat and products,593.68,18.09,9.68,Wheat,54,Denmark,15315.0,43929.0,0.3486307450659018
99,Iceland,2013,Maize and products,22.67,0.6,0.15,Maize,173,Poland,15408.0,16101.0,0.9569591950810508
99,Iceland,2013,Rice and products,36.56,0.75,0.1,Rice,216,Thailand,1021.15,2595.5,0.3934309381622038
99,Iceland,2013,Wheat and products,589.84,18.08,9.64,Wheat,54,Denmark,12046.0,43002.0,0.2801265057439189
99,Iceland,2014,Maize and products,24.86,0.66,0.17,Maize,173,Poland,9847.76,18145.91,0.5426986026052152
99,Iceland,2014,Rice and products,36.66,0.75,0.11,Rice,216,Thailand,931.9,2513.1,0.3708169193426445
99,Iceland,2014,Wheat and products,590.01,18.08,9.75,Wheat,54,Denmark,16272.6,40492.51,0.4018669131649285
99,Iceland,2015,Maize and products,31.49,0.83,0.21,Maize,173,Poland,10362.59,20157.38,0.5140841716532605
99,Iceland,2015,Rice and products,36.59,0.75,0.1,Rice,216,Thailand,940.68,2453.83,0.3833517399330842
99,Iceland,2015,Wheat and products,599.12,17.87,10.53,Wheat,54,Denmark,15211.34,42691.25,0.3563104851696776
99,Iceland,2016,Maize and products,43.64,1.62,0.51,Maize,173,Poland,6551.94,20379.89,0.3214904496540462
99,Iceland,2016,Rice and products,36.8,0.75,0.1,Rice,216,Thailand,999.67,2664.12,0.3752345990420851
99,Iceland,2016,Wheat and products,597.55,17.19,11.24,Wheat,54,Denmark,18652.33,45392.41,0.4109129698114729
99,Iceland,2017,Maize and products,51.67,1.88,0.59,Maize,173,Poland,11576.57,22566.86,0.5129898444001514
99,Iceland,2017,Rice and products,39.91,0.82,0.11,Rice,216,Thailand,1223.81,2929.2200000000003,0.4177938154184389
99,Iceland,2017,Wheat and products,607.03,16.63,12.32,Wheat,54,Denmark,24671.29,43203.1,0.5710536975355935
99,Iceland,2018,Maize and products,40.54,1.57,0.51,Maize,150,Netherlands (Kingdom of the),11227.61,22337.91,0.5026258051894739
99,Iceland,2018,Rice and products,38.68,0.79,0.11,Rice,216,Thailand,998.28,2849.85,0.3502921206379283
99,Iceland,2018,Wheat and products,651.39,18.6,12.55,Wheat,54,Denmark,24033.68,47016.93,0.5111707633824667
99,Iceland,2019,Maize and products,37.47,1.47,0.48,Maize,150,Netherlands (Kingdom of the),12507.71,22335.03,0.5600041728173188
99,Iceland,2019,Rice and products,37.5,0.77,0.12,Rice,216,Thailand,1176.55,2769.68,0.4247963663672338
99,Iceland,2019,Wheat and products,633.02,17.67,12.57,Wheat,229,United Kingdom of Great Britain and Northern Ireland,11804.320000000002,42332.27,0.2788492088895776
99,Iceland,2020,Maize and products,42.58,1.61,0.51,Maize,150,Netherlands (Kingdom of the),15403.52,22406.93,0.6874444647258683
99,Iceland,2020,Rice and products,43.63,0.89,0.12,Rice,216,Thailand,1223.87,3337.29,0.366725696598138
99,Iceland,2020,Wheat and products,611.84,17.18,12.02,Wheat,54,Denmark,20461.86,40626.07,0.5036632881300112
99,Iceland,2021,Maize and products,38.39,1.42,0.45,Maize,173,Poland,9337.73,19568.34,0.4771855967343167
99,Iceland,2021,Rice and products,38.2,0.78,0.11,Rice,216,Thailand,884.98,3137.08,0.2821031022479503
99,Iceland,2021,Wheat and products,625.53,16.94,13.13,Wheat,54,Denmark,23591.61,40531.97,0.5820494291296475
99,Iceland,2022,Maize and products,32.53,1.23,0.39,Maize,150,Netherlands (Kingdom of the),8336.61,17905.13,0.465598965212763
99,Iceland,2022,Rice and products,47.16,0.96,0.13,Rice,216,Thailand,1510.24,3764.87,0.4011400128025669
99,Iceland,2022,Wheat and products,678.37,18.87,13.74,Wheat,79,Germany,21866.33,47183.18000000001,0.4634348511482269
99,Iceland,2023,Maize and products,38.71,1.47,0.47,Maize,54,Denmark,12103.36,22151.96,0.546378740301084
99,Iceland,2023,Rice and products,41.88,0.86,0.12,Rice,216,Thailand,1355.2800000000002,3400.07,0.3986035581620379
99,Iceland,2023,Wheat and products,663.59,17.93,14.02,Wheat,79,Germany,22436.980000000003,42470.69,0.5282932770812059
100,India,2010,Maize and products,57.27,1.18,0.49,Maize,9,Argentina,6934.0,7049.0,0.9836856291672578
100,India,2010,Rice and products,655.85,13.35,1.72,Rice,216,Thailand,92.0,192.0,0.4791666666666667
100,India,2010,Wheat and products,496.23,15.66,2.33,Wheat,10,Australia,117317.0,187013.0,0.6273200258805538
100,India,2011,Maize and products,51.07,1.06,0.43,Maize,9,Argentina,12234.0,12261.0,0.9977978957670663
100,India,2011,Rice and products,691.31,14.07,1.81,Rice,194,Saudi Arabia,920.0,2188.0,0.4204753199268738
100,India,2011,Wheat and products,487.59,15.4,2.27,Wheat,223,Türkiye,840.0,1456.0,0.5769230769230769
100,India,2012,Maize and products,51.85,1.07,0.44,Maize,9,Argentina,1776.0,2426.0,0.7320692497938994
100,India,2012,Rice and products,651.7,13.26,1.7,Rice,231,United States of America,308.65,1076.65,0.2866762643384572
100,India,2012,Wheat and products,506.45,16.0,2.36,Wheat,10,Australia,2742.0,3673.0,0.7465287231146202
100,India,2013,Maize and products,54.98,1.14,0.47,Maize,9,Argentina,7683.0,11628.0,0.6607327141382869
100,India,2013,Rice and products,660.51,13.44,1.73,Rice,203,Spain,1298.0,2649.3,0.4899407390631487
100,India,2013,Wheat and products,531.19,16.78,2.47,Wheat,10,Australia,13021.0,13710.0,0.949744711889132
100,India,2014,Maize and products,50.21,1.04,0.43,Maize,9,Argentina,6117.82,6983.92,0.8759865519650855
100,India,2014,Rice and products,664.26,13.52,1.74,Rice,203,Spain,1596.0,3220.68,0.49554752412534
100,India,2014,Wheat and products,514.75,16.26,2.4,Wheat,10,Australia,17744.920000000002,21006.7,0.8447266824394123
100,India,2015,Maize and products,61.43,1.27,0.52,Maize,9,Argentina,22150.6,28464.52,0.7781828044175697
100,India,2015,Rice and products,625.72,12.73,1.64,Rice,203,Spain,1000.0,2615.8,0.3822922241761602
100,India,2015,Wheat and products,498.73,15.75,2.32,Wheat,10,Australia,458079.81,514224.35,0.8908170334602008
100,India,2016,Maize and products,58.69,1.21,0.5,Maize,230,Ukraine,161347.66,179880.76,0.896970081736368
100,India,2016,Rice and products,634.24,12.91,1.66,Rice,216,Thailand,691.72,1980.35,0.3492917918549751
100,India,2016,Wheat and products,554.23,17.51,2.59,Wheat,230,Ukraine,1067158.45,1913215.61,0.5577826379955158
100,India,2017,Maize and products,58.03,1.2,0.49,Maize,230,Ukraine,55499.0,82019.96,0.6766523660825974
100,India,2017,Rice and products,634.18,12.91,1.66,Rice,216,Thailand,902.4,2972.45,0.3035879493347239
100,India,2017,Wheat and products,546.64,17.26,2.56,Wheat,230,Ukraine,2453439.7,5349376.92,0.4586402746882903
100,India,2018,Maize and products,60.63,1.25,0.52,Maize,202,South Africa,9253.72,29238.0,0.3164963403789588
100,India,2018,Rice and products,622.69,12.68,1.63,Rice,276,Sudan,6632.0,12310.28,0.5387367306023909
100,India,2018,Wheat and products,516.83,16.32,2.42,Wheat,185,Russian Federation,50833.4,88234.39,0.5761177699534161
100,India,2019,Maize and products,58.15,1.2,0.49,Maize,230,Ukraine,249364.06,312389.89,0.7982462556646759
100,India,2019,Rice and products,646.96,13.17,1.7,Rice,216,Thailand,1689.04,7743.08,0.2181354189805607
100,India,2019,Wheat and products,510.41,16.12,2.4,Wheat,38,Sri Lanka,2820.59,5582.120000000001,0.5052901048347223
100,India,2020,Maize and products,39.23,0.81,0.33,Maize,28,Myanmar,158193.73,231798.28,0.6824629156005817
100,India,2020,Rice and products,667.26,13.58,1.75,Rice,223,Türkiye,2080.0,7978.150000000001,0.2607120698407525
100,India,2020,Wheat and products,529.73,16.73,2.49,Wheat,38,Sri Lanka,1548.06,2490.43,0.6216034981910754
100,India,2021,Maize and products,40.93,0.87,0.34,Maize,202,South Africa,15110.65,24382.23,0.6197402780631632
100,India,2021,Rice and products,654.87,13.33,1.71,Rice,216,Thailand,1752.64,6234.56,0.2811168711184109
100,India,2021,Wheat and products,523.21,16.52,2.45,Wheat,38,Sri Lanka,1822.25,2693.31,0.676583831790622
100,India,2022,Maize and products,41.69,0.89,0.35,Maize,202,South Africa,12773.2,17359.11,0.7358211336871533
100,India,2022,Rice and products,629.31,12.81,1.65,Rice,16,Bangladesh,13201.0,22045.78,0.5987994074149339
100,India,2022,Wheat and products,560.27,17.7,2.62,Wheat,38,Sri Lanka,1902.15,4465.71,0.4259457062818678
100,India,2023,Maize and products,55.81,1.18,0.47,Maize,202,South Africa,9269.37,10801.24,0.8581764686276762
100,India,2023,Rice and products,646.08,13.15,1.69,Rice,216,Thailand,4376.33,6551.22,0.6680175600880446
100,India,2023,Wheat and products,565.23,17.86,2.63,Wheat,10,Australia,75750.4,87658.45999999999,0.8641538991216592
101,Indonesia,2010,Maize and products,132.18,2.74,1.12,Maize,9,Argentina,832202.0,1527514.0,0.5448080999584947
101,Indonesia,2010,Rice and products,1208.53,24.91,4.23,Rice,237,Viet Nam,896475.0,1230604.15,0.7284836476457519
101,Indonesia,2010,Wheat and products,151.78,4.93,0.85,Wheat,10,Australia,3357239.0,5586998.0,0.6009021302674531
101,Indonesia,2011,Maize and products,144.26,2.99,1.22,Maize,100,India,1240262.0,3207657.0,0.3866566780675116
101,Indonesia,2011,Rice and products,1204.75,24.83,4.22,Rice,237,Viet Nam,3434447.0,5180129.6,0.6630040684696383
101,Indonesia,2011,Wheat and products,179.77,5.85,1.02,Wheat,10,Australia,3752673.0,6290765.0,0.5965368281918018
101,Indonesia,2012,Maize and products,147.04,3.05,1.25,Maize,100,India,1125763.0,1692993.0,0.6649543146368591
101,Indonesia,2012,Rice and products,1198.85,24.71,4.19,Rice,237,Viet Nam,2122221.0,3344460.6,0.6345480643425729
101,Indonesia,2012,Wheat and products,188.22,6.14,1.09,Wheat,10,Australia,4430716.0,6737887.0,0.6575824141900866
101,Indonesia,2013,Maize and products,141.8,2.94,1.2,Maize,100,India,1426872.0,3191046.0,0.4471486778943331
101,Indonesia,2013,Rice and products,1201.81,24.77,4.18,Rice,237,Viet Nam,329660.0,742585.7,0.4439352925864314
101,Indonesia,2013,Wheat and products,188.34,6.17,1.08,Wheat,10,Australia,3808911.0,6943988.0,0.5485192370724143
101,Indonesia,2014,Maize and products,164.97,3.42,1.4,Maize,21,Brazil,1308856.11,3253618.5200000005,0.4022770653518409
101,Indonesia,2014,Rice and products,1196.82,24.66,4.17,Rice,237,Viet Nam,606588.16,1348635.9300000002,0.4497790296896509
101,Indonesia,2014,Wheat and products,200.29,6.57,1.15,Wheat,10,Australia,4000388.27,7629891.229999999,0.5243047573562855
101,Indonesia,2015,Maize and products,158.19,3.28,1.34,Maize,9,Argentina,1776082.26,3267694.34,0.5435276605461208
101,Indonesia,2015,Rice and products,1219.67,25.13,4.22,Rice,237,Viet Nam,991474.19,1367841.42,0.7248458596903726
101,Indonesia,2015,Wheat and products,219.7,7.2,1.27,Wheat,10,Australia,4268566.65,7509387.65,0.5684307228432933
101,Indonesia,2016,Maize and products,177.1,3.67,1.5,Maize,21,Brazil,519246.77,1139669.85,0.4556115703157365
101,Indonesia,2016,Rice and products,1154.39,23.82,4.12,Rice,237,Viet Nam,1060726.95,2281265.8600000003,0.464972964615356
101,Indonesia,2016,Wheat and products,267.3,8.76,1.55,Wheat,10,Australia,3499735.27,10682565.1,0.3276118832170749
101,Indonesia,2017,Maize and products,130.19,2.7,1.1,Maize,231,United States of America,198372.55,474854.0,0.4177548256937922
101,Indonesia,2017,Rice and products,1230.69,25.33,4.18,Rice,216,Thailand,105335.95,294006.14,0.3582780618119063
101,Indonesia,2017,Wheat and products,266.56,8.74,1.55,Wheat,10,Australia,4936679.2,10500255.54,0.4701484817387597
101,Indonesia,2018,Maize and products,139.88,2.9,1.19,Maize,9,Argentina,326580.32,737227.8,0.4429842716186231
101,Indonesia,2018,Rice and products,1251.71,25.79,4.35,Rice,237,Viet Nam,1530067.8,4105308.88,0.3727046721025289
101,Indonesia,2018,Wheat and products,212.97,7.0,1.2,Wheat,230,Ukraine,2440155.49,10158048.59,0.2402189227960761
101,Indonesia,2019,Maize and products,166.67,3.45,1.41,Maize,9,Argentina,758733.51,1010646.8,0.7507405257702295
101,Indonesia,2019,Rice and products,1134.39,23.41,4.06,Rice,165,Pakistan,184091.06,504666.04,0.3647779826833602
101,Indonesia,2019,Wheat and products,212.44,6.99,1.18,Wheat,230,Ukraine,2772775.4,11090190.05,0.2500205485658021
101,Indonesia,2020,Maize and products,6.39,0.13,0.05,Maize,9,Argentina,649057.0,865652.35,0.7497894506957672
101,Indonesia,2020,Rice and products,1130.17,23.3,4.04,Rice,237,Viet Nam,118763.78,390195.5,0.3043699376338271
101,Indonesia,2020,Wheat and products,246.71,8.1,1.39,Wheat,230,Ukraine,2964582.6,10338858.15,0.2867417810544194
101,Indonesia,2021,Maize and products,5.71,0.12,0.05,Maize,9,Argentina,610928.05,995998.9,0.6133822537354209
101,Indonesia,2021,Rice and products,1100.86,22.71,3.97,Rice,100,India,223528.21,482592.01,0.4631825752771994
101,Indonesia,2021,Wheat and products,272.02,8.94,1.52,Wheat,10,Australia,4692623.0200000005,11512711.22,0.4076036417770931
101,Indonesia,2022,Maize and products,5.41,0.11,0.05,Maize,9,Argentina,881410.02,1094237.46,0.8055015956043033
101,Indonesia,2022,Rice and products,1111.51,22.92,3.99,Rice,100,India,182013.94,529455.09,0.3437759754089813
101,Indonesia,2022,Wheat and products,224.24,7.37,1.24,Wheat,10,Australia,4240430.21,9509932.97,0.4458948578688036
101,Indonesia,2023,Maize and products,5.53,0.11,0.05,Maize,9,Argentina,614057.8,1235846.33,0.4968722931758028
101,Indonesia,2023,Rice and products,1129.75,23.29,4.03,Rice,216,Thailand,2596032.3,5780011.75,0.449139623288828
101,Indonesia,2023,Wheat and products,206.65,6.79,1.13,Wheat,10,Australia,4344843.95,10927370.88,0.3976110994779377
102,Iran (Islamic Republic of),2010,Maize and products,25.65,0.53,0.22,Maize,211,Switzerland,1296839.0,3625833.0,0.3576665003600552
102,Iran (Islamic Republic of),2010,Rice and products,247.57,5.04,0.64,Rice,225,United Arab Emirates,935804.0,2260821.25,0.4139221532883239
102,Iran (Islamic Republic of),2010,Wheat and products,1127.69,35.54,5.5,Wheat,225,United Arab Emirates,489743.0,1400200.0,0.3497664619340094
102,Iran (Islamic Republic of),2014,Maize and products,24.7,0.51,0.21,Maize,211,Switzerland,2390055.78,6353507.17,0.3761789695123614
102,Iran (Islamic Republic of),2014,Rice and products,236.18,4.8,0.61,Rice,100,India,1872436.0,2404156.3,0.7788328903574199
102,Iran (Islamic Republic of),2014,Wheat and products,1162.49,36.6,5.77,Wheat,211,Switzerland,2036980.0,7428634.95,0.2742065014245988
102,Iran (Islamic Republic of),2016,Maize and products,22.75,0.47,0.19,Maize,230,Ukraine,1446760.0,6519342.91,0.2219180705743855
102,Iran (Islamic Republic of),2016,Rice and products,241.58,4.91,0.62,Rice,100,India,1078548.0,1609739.61,0.6700139533747325
102,Iran (Islamic Republic of),2016,Wheat and products,1182.02,37.18,5.91,Wheat,79,Germany,469953.0,1476020.69,0.3183918783685884
102,Iran (Islamic Republic of),2017,Maize and products,23.07,0.48,0.2,Maize,211,Switzerland,1904317.47,7318022.34,0.2602229648290469
102,Iran (Islamic Republic of),2017,Rice and products,243.18,4.95,0.63,Rice,100,India,1651956.01,2529161.26,0.6531635748682945
102,Iran (Islamic Republic of),2017,Wheat and products,1167.92,36.73,5.86,Wheat,211,Switzerland,21813.2,73877.84,0.295260392020124
102,Iran (Islamic Republic of),2018,Maize and products,28.2,0.58,0.24,Maize,211,Switzerland,1953302.8,8982843.08,0.2174481712086191
102,Iran (Islamic Republic of),2018,Rice and products,242.66,4.94,0.63,Rice,100,India,2482731.1,3200858.1,0.7756454745682103
102,Iran (Islamic Republic of),2018,Wheat and products,1155.17,36.42,5.57,Wheat,225,United Arab Emirates,203.69,359.95,0.565884150576469
102,Iran (Islamic Republic of),2020,Maize and products,29.57,0.61,0.25,Maize,225,United Arab Emirates,1472849.8,9881677.86,0.1490485543919562
102,Iran (Islamic Republic of),2020,Rice and products,235.15,4.78,0.61,Rice,100,India,1474304.1,2058080.03,0.7163492568362368
102,Iran (Islamic Republic of),2020,Wheat and products,1193.83,37.51,6.08,Wheat,185,Russian Federation,1084256.94,3284625.49,0.3301006289152314
102,Iran (Islamic Republic of),2021,Maize and products,24.99,0.52,0.21,Maize,225,United Arab Emirates,5628024.05,9778712.48,0.5755383504229996
102,Iran (Islamic Republic of),2021,Rice and products,208.94,4.25,0.54,Rice,100,India,886334.0,1672990.5,0.5297902169797138
102,Iran (Islamic Republic of),2021,Wheat and products,1190.04,37.39,6.04,Wheat,185,Russian Federation,2537990.0,7075226.5,0.3587150178160374
102,Iran (Islamic Republic of),2022,Maize and products,25.17,0.52,0.21,Maize,225,United Arab Emirates,5771699.25,8906141.66,0.6480583254050778
102,Iran (Islamic Republic of),2022,Rice and products,232.52,4.73,0.6,Rice,100,India,1726963.0,3509682.18,0.4920568049839772
102,Iran (Islamic Republic of),2022,Wheat and products,1247.56,38.88,7.05,Wheat,185,Russian Federation,1785810.0,5287581.05,0.3377366669396018
103,Iraq,2014,Maize and products,2.75,0.06,0.02,Maize,212,Syrian Arab Republic,775.0,1540.0,0.5032467532467533
103,Iraq,2014,Rice and products,375.98,7.66,0.98,Rice,100,India,529787.28,1860974.84,0.2846826666393834
103,Iraq,2014,Wheat and products,1094.24,33.72,6.51,Wheat,33,Canada,466263.96,1133654.98,0.4112926491973775
103,Iraq,2015,Maize and products,1.99,0.05,0.02,Maize,223,Türkiye,40532.46,84760.48,0.4781999818783471
103,Iraq,2015,Rice and products,369.65,7.54,0.97,Rice,100,India,949043.76,1981174.45,0.479030889985483
103,Iraq,2015,Wheat and products,1071.46,33.02,6.33,Wheat,223,Türkiye,1160574.06,1572765.7,0.7379192336150261
103,Iraq,2016,Maize and products,4.14,0.09,0.03,Maize,183,Romania,139164.23,282109.82,0.4932980709427272
103,Iraq,2016,Rice and products,351.05,7.16,0.92,Rice,100,India,1380799.16,1846694.98,0.7477137128514856
103,Iraq,2016,Wheat and products,1077.57,32.76,7.23,Wheat,223,Türkiye,1452219.59,1636145.55,0.8875858202224124
104,Ireland,2010,Maize and products,92.5,2.04,0.75,Maize,68,France,181682.0,368166.0,0.493478485248502
104,Ireland,2010,Rice and products,34.28,0.7,0.1,Rice,229,United Kingdom of Great Britain and Northern Ireland,8796.75,35122.9,0.2504562550358882
104,Ireland,2010,Wheat and products,859.75,24.58,8.74,Wheat,229,United Kingdom of Great Britain and Northern Ireland,285025.0,425599.0,0.6697031712950453
104,Ireland,2011,Maize and products,88.68,1.93,0.72,Maize,229,United Kingdom of Great Britain and Northern Ireland,94117.0,316036.0,0.297804680479439
104,Ireland,2011,Rice and products,29.19,0.6,0.09,Rice,229,United Kingdom of Great Britain and Northern Ireland,6520.1,30409.3,0.2144113807289217
104,Ireland,2011,Wheat and products,878.66,23.93,11.01,Wheat,229,United Kingdom of Great Britain and Northern Ireland,227929.0,321324.0,0.7093432174378509
104,Ireland,2012,Maize and products,101.58,2.26,0.82,Maize,173,Poland,180740.0,445153.0,0.4060177062717762
104,Ireland,2012,Rice and products,30.49,0.62,0.09,Rice,229,United Kingdom of Great Britain and Northern Ireland,10815.9,31447.1,0.3439395047556055
104,Ireland,2012,Wheat and products,880.87,23.51,10.07,Wheat,229,United Kingdom of Great Britain and Northern Ireland,219880.0,459149.0,0.4788859389871261
104,Ireland,2013,Maize and products,113.15,2.58,0.89,Maize,230,Ukraine,224256.0,797831.0,0.2810820837997019
104,Ireland,2013,Rice and products,29.03,0.59,0.08,Rice,229,United Kingdom of Great Britain and Northern Ireland,11132.3,30726.95,0.3622975921788527
104,Ireland,2013,Wheat and products,871.38,23.42,9.93,Wheat,229,United Kingdom of Great Britain and Northern Ireland,144480.0,372458.0,0.3879095092601045
104,Ireland,2014,Maize and products,123.49,2.77,0.98,Maize,33,Canada,232315.8,950523.49,0.2444082681218115
104,Ireland,2014,Rice and products,30.28,0.62,0.09,Rice,229,United Kingdom of Great Britain and Northern Ireland,12876.47,35604.67,0.3616511541884814
104,Ireland,2014,Wheat and products,805.5,22.16,8.33,Wheat,229,United Kingdom of Great Britain and Northern Ireland,258340.9,354401.72,0.7289493403135854
104,Ireland,2015,Maize and products,125.62,2.83,1.0,Maize,230,Ukraine,275155.2,942484.61,0.2919466239347929
104,Ireland,2015,Rice and products,33.46,0.69,0.1,Rice,229,United Kingdom of Great Britain and Northern Ireland,15893.61,40310.31,0.394281512595661
104,Ireland,2015,Wheat and products,900.05,23.91,11.73,Wheat,229,United Kingdom of Great Britain and Northern Ireland,239804.8,306043.67,0.7835639926811752
104,Ireland,2016,Maize and products,127.56,2.87,1.02,Maize,229,United Kingdom of Great Britain and Northern Ireland,254686.87,987845.85,0.2578204585259937
104,Ireland,2016,Rice and products,35.06,0.72,0.11,Rice,229,United Kingdom of Great Britain and Northern Ireland,17097.16,39726.17,0.4303752413081855
104,Ireland,2016,Wheat and products,856.21,22.82,10.85,Wheat,229,United Kingdom of Great Britain and Northern Ireland,379059.97,443355.37,0.8549799904307012
104,Ireland,2017,Maize and products,126.16,2.84,1.0,Maize,33,Canada,269611.4,1119412.14,0.2408508808918224
104,Ireland,2017,Rice and products,38.64,0.8,0.12,Rice,229,United Kingdom of Great Britain and Northern Ireland,21313.35,46613.84,0.4572322297412099
104,Ireland,2017,Wheat and products,833.87,22.53,9.78,Wheat,229,United Kingdom of Great Britain and Northern Ireland,400473.4,523942.94000000006,0.7643454457082673
104,Ireland,2018,Maize and products,131.47,2.99,1.04,Maize,33,Canada,767128.93,1601643.4,0.478963625735916
104,Ireland,2018,Rice and products,39.57,0.82,0.13,Rice,229,United Kingdom of Great Britain and Northern Ireland,25292.16,47218.59,0.5356398825123748
104,Ireland,2018,Wheat and products,839.72,22.82,10.03,Wheat,229,United Kingdom of Great Britain and Northern Ireland,393305.16,680709.11,0.5777874193574404
104,Ireland,2019,Maize and products,149.43,3.37,1.19,Maize,230,Ukraine,436753.27,1539356.2,0.2837246311152676
104,Ireland,2019,Rice and products,45.9,0.95,0.15,Rice,229,United Kingdom of Great Britain and Northern Ireland,32085.0,52717.89,0.6086169230217674
104,Ireland,2019,Wheat and products,727.1,20.94,6.62,Wheat,229,United Kingdom of Great Britain and Northern Ireland,390565.64,520049.68,0.7510160183157887
104,Ireland,2020,Maize and products,133.3,3.05,1.04,Maize,230,Ukraine,415402.29,1313413.75,0.3162767939653441
104,Ireland,2020,Rice and products,41.96,0.87,0.14,Rice,229,United Kingdom of Great Britain and Northern Ireland,29962.9,49045.05,0.610926077147439
104,Ireland,2020,Wheat and products,634.94,18.62,4.78,Wheat,229,United Kingdom of Great Britain and Northern Ireland,289129.66000000003,474783.78,0.6089712247541397
104,Ireland,2021,Maize and products,131.06,2.98,1.03,Maize,33,Canada,479666.21,1219959.01,0.3931822348686944
104,Ireland,2021,Rice and products,33.31,0.69,0.1,Rice,100,India,7755.18,39651.29,0.1955845572741769
104,Ireland,2021,Wheat and products,601.5,18.19,4.05,Wheat,229,United Kingdom of Great Britain and Northern Ireland,250937.64,417978.66,0.6003599322510866
104,Ireland,2022,Maize and products,122.77,2.82,0.96,Maize,33,Canada,531550.45,1585562.23,0.335244142388533
104,Ireland,2022,Rice and products,48.59,1.0,0.14,Rice,255,Belgium,13124.52,58721.53,0.2235043943848193
104,Ireland,2022,Wheat and products,596.32,17.96,3.9,Wheat,229,United Kingdom of Great Britain and Northern Ireland,387419.91,505879.94,0.7658337074998467
104,Ireland,2023,Maize and products,126.15,2.87,0.99,Maize,33,Canada,765224.52,1258451.6,0.6080682959916773
104,Ireland,2023,Rice and products,49.28,1.01,0.15,Rice,150,Netherlands (Kingdom of the),14207.57,68352.37,0.2078577524085851
104,Ireland,2023,Wheat and products,651.24,19.13,5.4,Wheat,229,United Kingdom of Great Britain and Northern Ireland,400038.28,607855.46,0.6581141510187307
105,Israel,2010,Maize and products,157.92,2.2,0.86,Maize,211,Switzerland,539863.0,964920.0,0.5594899058989347
105,Israel,2010,Rice and products,155.0,3.15,0.4,Rice,216,Thailand,98146.8,175127.8,0.5604295834242194
105,Israel,2010,Wheat and products,861.54,27.56,4.83,Wheat,211,Switzerland,683725.0,1702653.0,0.4015644996367433
105,Israel,2011,Maize and products,147.86,2.04,0.8,Maize,211,Switzerland,775313.0,1119534.0,0.6925318927339411
105,Israel,2011,Rice and products,156.07,3.17,0.4,Rice,216,Thailand,93190.8,178678.05000000002,0.5215570687054173
105,Israel,2011,Wheat and products,870.71,27.97,4.55,Wheat,211,Switzerland,575311.0,1559314.0,0.3689513465536768
105,Israel,2012,Maize and products,110.45,1.28,0.49,Maize,211,Switzerland,572178.0,1212250.0,0.4719967003505878
105,Israel,2012,Rice and products,155.13,3.15,0.4,Rice,216,Thailand,124057.05,253949.05,0.4885115734829486
105,Israel,2012,Wheat and products,844.34,27.17,4.37,Wheat,211,Switzerland,800625.0,1709773.0,0.4682639157361825
105,Israel,2013,Maize and products,106.81,1.21,0.45,Maize,211,Switzerland,825212.0,1372225.0,0.601367851482082
105,Israel,2013,Rice and products,157.19,3.19,0.41,Rice,216,Thailand,265639.55,382716.0,0.6940905266568421
105,Israel,2013,Wheat and products,871.17,27.89,4.55,Wheat,211,Switzerland,604057.0,1457836.0,0.4143518200949901
105,Israel,2014,Maize and products,143.35,2.18,0.83,Maize,211,Switzerland,1027787.52,1779838.24,0.5774611966984146
105,Israel,2014,Rice and products,130.61,2.66,0.35,Rice,216,Thailand,87599.6,235025.81,0.3727233191963044
105,Israel,2014,Wheat and products,783.82,25.27,3.97,Wheat,211,Switzerland,815117.3,1593893.56,0.5114000837044602
105,Israel,2015,Maize and products,107.99,1.59,0.59,Maize,150,Netherlands (Kingdom of the),681963.24,1528135.79,0.4462713617878159
105,Israel,2015,Rice and products,163.86,3.34,0.44,Rice,216,Thailand,92995.6,213904.93,0.4347520181044916
105,Israel,2015,Wheat and products,800.09,25.35,4.9,Wheat,211,Switzerland,757444.23,1480688.96,0.5115485091480658
105,Israel,2016,Maize and products,90.94,1.37,0.52,Maize,211,Switzerland,674560.06,1373484.19,0.4911305604471501
105,Israel,2016,Rice and products,126.15,2.57,0.34,Rice,216,Thailand,84196.56,213941.73,0.3935490285135116
105,Israel,2016,Wheat and products,791.79,25.21,4.55,Wheat,211,Switzerland,943616.15,1739745.59,0.5423874360848359
105,Israel,2017,Maize and products,106.98,1.55,0.6,Maize,211,Switzerland,1580610.0,1765860.56,0.8950933249225522
105,Israel,2017,Rice and products,157.34,3.2,0.42,Rice,216,Thailand,134957.87,272634.53,0.4950138560951909
105,Israel,2017,Wheat and products,777.74,24.78,4.59,Wheat,211,Switzerland,805530.0,1527913.04,0.5272093233787702
105,Israel,2018,Maize and products,104.65,1.53,0.57,Maize,231,United States of America,837414.02,1698981.62,0.492891747704722
105,Israel,2018,Rice and products,160.31,3.26,0.42,Rice,216,Thailand,114767.74,321132.08,0.3573848492495673
105,Israel,2018,Wheat and products,769.47,24.68,4.15,Wheat,185,Russian Federation,795798.5,1859182.95,0.4280366813820017
105,Israel,2019,Maize and products,109.3,1.52,0.58,Maize,230,Ukraine,1229095.96,1816855.63,0.6764962167082037
105,Israel,2019,Rice and products,180.65,3.67,0.48,Rice,216,Thailand,115384.24,334756.8,0.3446807951324663
105,Israel,2019,Wheat and products,793.24,25.41,4.27,Wheat,230,Ukraine,473998.14,1693134.74,0.2799529941722181
105,Israel,2020,Maize and products,121.86,1.6,0.62,Maize,230,Ukraine,751057.11,1885694.04,0.3982921375728588
105,Israel,2020,Rice and products,173.75,3.53,0.46,Rice,216,Thailand,107409.16,320845.12,0.3347694987537912
105,Israel,2020,Wheat and products,802.19,25.52,4.5,Wheat,185,Russian Federation,528611.3,1604686.64,0.3294171502543325
105,Israel,2021,Maize and products,90.02,0.89,0.33,Maize,230,Ukraine,443560.55,1385132.36,0.3202297215841524
105,Israel,2021,Rice and products,187.33,3.81,0.49,Rice,216,Thailand,107835.82,362711.99,0.2973042606063285
105,Israel,2021,Wheat and products,834.11,26.61,4.88,Wheat,185,Russian Federation,462698.44,1898982.41,0.2436559904733398
105,Israel,2022,Maize and products,97.63,1.22,0.46,Maize,230,Ukraine,610788.94,1552957.41,0.3933069484500543
105,Israel,2022,Rice and products,186.32,3.79,0.49,Rice,216,Thailand,130085.73,403147.83,0.322675009809677
105,Israel,2022,Wheat and products,824.34,26.21,4.93,Wheat,185,Russian Federation,803981.8300000001,1761912.6900000002,0.4563119583411366
105,Israel,2023,Maize and products,87.23,1.0,0.39,Maize,230,Ukraine,456277.66,1050100.15,0.4345087085265153
105,Israel,2023,Rice and products,183.89,3.74,0.48,Rice,216,Thailand,87344.69,272576.38,0.3204411548792305
105,Israel,2023,Wheat and products,804.76,25.51,4.72,Wheat,185,Russian Federation,905401.73,1415584.27,0.639595783301548
106,Italy,2010,Maize and products,28.58,0.6,0.24,Maize,97,Hungary,990391.0,2219026.0,0.4463178890197771
106,Italy,2010,Rice and products,54.99,1.13,0.16,Rice,216,Thailand,31800.6,126297.9,0.2517904098167903
106,Italy,2010,Wheat and products,990.93,31.17,4.81,Wheat,68,France,1965538.0,7511351.0,0.2616756958901268
106,Italy,2011,Maize and products,28.54,0.6,0.24,Maize,97,Hungary,920846.0,2702735.0,0.3407089485280651
106,Italy,2011,Rice and products,52.85,1.09,0.17,Rice,216,Thailand,26717.4,140612.15,0.1900077624870966
106,Italy,2011,Wheat and products,997.06,31.36,4.83,Wheat,68,France,2106485.0,7343572.0,0.286847463332558
106,Italy,2012,Maize and products,28.21,0.59,0.24,Maize,97,Hungary,738003.0,2653857.0,0.278086950427246
106,Italy,2012,Rice and products,51.13,1.05,0.16,Rice,100,India,44345.1,130986.8,0.3385463268054491
106,Italy,2012,Wheat and products,1005.77,31.59,4.87,Wheat,68,France,1573325.0,6193841.0,0.2540144314327733
106,Italy,2013,Maize and products,28.6,0.6,0.24,Maize,230,Ukraine,1173083.0,3946652.0,0.2972349728326693
106,Italy,2013,Rice and products,58.22,1.2,0.18,Rice,100,India,42934.9,144815.35,0.2964803109615106
106,Italy,2013,Wheat and products,1007.41,31.64,4.88,Wheat,68,France,1622927.0,5848504.0,0.2774943814691757
106,Italy,2014,Maize and products,28.97,0.6,0.24,Maize,230,Ukraine,1296079.3,4676282.9,0.2771601564139757
106,Italy,2014,Rice and products,42.96,0.88,0.13,Rice,100,India,47760.6,189422.8,0.2521375462721488
106,Italy,2014,Wheat and products,1008.44,31.68,4.89,Wheat,33,Canada,1566119.4,7571183.07,0.2068526656297058
106,Italy,2015,Maize and products,29.52,0.61,0.25,Maize,230,Ukraine,1134336.2,3743660.38,0.303001897837752
106,Italy,2015,Rice and products,59.91,1.24,0.19,Rice,91,Guyana,45946.37,256269.7,0.1792891239190587
106,Italy,2015,Wheat and products,1017.37,31.96,4.94,Wheat,33,Canada,1349034.7999999998,7180089.149999999,0.1878855222849147
106,Italy,2016,Maize and products,29.22,0.61,0.25,Maize,230,Ukraine,1250016.83,4466655.13,0.2798552369992353
106,Italy,2016,Rice and products,60.85,1.25,0.19,Rice,91,Guyana,59479.05,269877.35000000003,0.2203928932902298
106,Italy,2016,Wheat and products,1014.56,31.88,4.94,Wheat,33,Canada,1230776.4300000002,7692821.140000001,0.1599902568383385
106,Italy,2017,Maize and products,29.24,0.61,0.25,Maize,230,Ukraine,1501258.12,5407636.48,0.2776181656352758
106,Italy,2017,Rice and products,64.49,1.34,0.22,Rice,100,India,67963.02,266506.73,0.2550142729979089
106,Italy,2017,Wheat and products,1008.91,31.69,4.91,Wheat,97,Hungary,1347228.36,7453725.18,0.1807456442873575
106,Italy,2018,Maize and products,35.29,0.73,0.3,Maize,230,Ukraine,1844527.44,5755385.33,0.3204872192284647
106,Italy,2018,Rice and products,57.16,1.18,0.18,Rice,165,Pakistan,62496.13,235214.56,0.2656983904397755
106,Italy,2018,Wheat and products,1000.5,31.42,4.84,Wheat,68,France,1438313.87,7470671.36,0.192528060824777
106,Italy,2019,Maize and products,24.52,0.51,0.21,Maize,230,Ukraine,1540642.03,6394217.18,0.2409430250224938
106,Italy,2019,Rice and products,62.6,1.3,0.21,Rice,165,Pakistan,79242.14,258830.12,0.306155017816319
106,Italy,2019,Wheat and products,974.68,30.6,4.76,Wheat,68,France,1432203.74,7484649.97,0.191352133465234
106,Italy,2020,Maize and products,24.39,0.51,0.21,Maize,97,Hungary,1901590.83,5994600.97,0.3172172492408615
106,Italy,2020,Rice and products,54.95,1.14,0.18,Rice,165,Pakistan,93820.79,283917.49,0.3304508996610247
106,Italy,2020,Wheat and products,939.68,29.49,4.6,Wheat,33,Canada,1658765.39,8017328.199999999,0.2068975285307641
106,Italy,2021,Maize and products,22.36,0.47,0.19,Maize,97,Hungary,1578739.1,5210450.65,0.3029947323270397
106,Italy,2021,Rice and products,57.45,1.19,0.2,Rice,165,Pakistan,103904.07,277579.03,0.3743224767375259
106,Italy,2021,Wheat and products,944.84,29.57,4.76,Wheat,97,Hungary,1281183.48,7321387.61,0.1749918933741578
106,Italy,2022,Maize and products,23.49,0.49,0.2,Maize,97,Hungary,1270137.92,6910114.44,0.1838085217008359
106,Italy,2022,Rice and products,61.14,1.27,0.23,Rice,28,Myanmar,231564.64,621768.88,0.3724288034486384
106,Italy,2022,Wheat and products,921.45,28.84,4.64,Wheat,68,France,1310129.87,6947241.63,0.1885827411475826
106,Italy,2023,Maize and products,23.66,0.5,0.2,Maize,230,Ukraine,1837560.8,6503500.53,0.2825494964632531
106,Italy,2023,Rice and products,63.09,1.3,0.21,Rice,165,Pakistan,128719.63,435202.51,0.2957695027999724
106,Italy,2023,Wheat and products,955.53,29.9,4.8,Wheat,97,Hungary,1604228.61,8701518.92,0.1843619056338269
107,CÃ´te d'Ivoire,2010,Maize and products,167.86,3.47,1.43,Maize,9,Argentina,7216.0,16635.0,0.4337841899609257
107,CÃ´te d'Ivoire,2010,Rice and products,755.88,15.87,2.99,Rice,216,Thailand,640067.0,1455661.35,0.4397087275828268
107,CÃ´te d'Ivoire,2010,Wheat and products,140.63,4.14,1.38,Wheat,68,France,518268.0,530085.0,0.9777073488214154
107,CÃ´te d'Ivoire,2011,Maize and products,163.1,3.37,1.39,Maize,68,France,4401.0,6933.0,0.6347901341410644
107,CÃ´te d'Ivoire,2011,Rice and products,793.81,16.66,3.14,Rice,237,Viet Nam,645588.0,1574276.1,0.4100856260220173
107,CÃ´te d'Ivoire,2011,Wheat and products,135.22,3.95,1.38,Wheat,68,France,423417.0,461622.0,0.917237480016117
107,CÃ´te d'Ivoire,2012,Maize and products,168.03,3.47,1.43,Maize,9,Argentina,15280.0,23788.0,0.6423406759710778
107,CÃ´te d'Ivoire,2012,Rice and products,789.39,16.54,3.06,Rice,237,Viet Nam,786786.0,2246309.9,0.3502571038840188
107,CÃ´te d'Ivoire,2012,Wheat and products,142.27,4.16,1.45,Wheat,68,France,515930.0,579428.0,0.8904126138191458
107,CÃ´te d'Ivoire,2013,Maize and products,165.44,3.42,1.41,Maize,202,South Africa,2429.0,3799.0,0.6393787838904975
107,CÃ´te d'Ivoire,2013,Rice and products,723.47,15.22,2.94,Rice,237,Viet Nam,569261.0,1402285.65,0.4059522394741756
107,CÃ´te d'Ivoire,2013,Wheat and products,140.76,4.1,1.47,Wheat,68,France,512746.0,550024.0,0.9322247756461536
107,CÃ´te d'Ivoire,2014,Maize and products,157.39,3.25,1.34,Maize,202,South Africa,2617.4,3148.73,0.8312557761383161
107,CÃ´te d'Ivoire,2014,Rice and products,667.8,14.09,2.8,Rice,216,Thailand,503762.49,1558224.76,0.3232925717340032
107,CÃ´te d'Ivoire,2014,Wheat and products,149.03,4.34,1.55,Wheat,68,France,519819.96,560080.5,0.928116511822854
107,CÃ´te d'Ivoire,2015,Maize and products,153.13,3.17,1.3,Maize,68,France,4612.14,13608.57,0.3389143752796951
107,CÃ´te d'Ivoire,2015,Rice and products,786.18,16.52,3.14,Rice,216,Thailand,602152.03,2022984.92,0.2976552242416123
107,CÃ´te d'Ivoire,2015,Wheat and products,136.21,3.96,1.43,Wheat,68,France,481747.7400000001,549399.0700000001,0.8768630423782844
107,CÃ´te d'Ivoire,2016,Maize and products,150.09,3.1,1.28,Maize,230,Ukraine,16500.0,28162.8,0.5858792449614385
107,CÃ´te d'Ivoire,2016,Rice and products,763.31,16.01,3.0,Rice,216,Thailand,682912.31,2217118.66,0.3080179344122249
107,CÃ´te d'Ivoire,2016,Wheat and products,139.86,4.07,1.46,Wheat,68,France,523363.1,641259.83,0.8161482686355077
107,CÃ´te d'Ivoire,2017,Maize and products,146.93,3.04,1.25,Maize,202,South Africa,4050.0,5574.74,0.7264912803108307
107,CÃ´te d'Ivoire,2017,Rice and products,792.69,16.61,3.07,Rice,216,Thailand,586672.39,2404444.81,0.2439949495035404
107,CÃ´te d'Ivoire,2017,Wheat and products,154.66,4.5,1.63,Wheat,68,France,398137.23,697857.02,0.5705140431201795
107,CÃ´te d'Ivoire,2018,Maize and products,141.92,2.94,1.21,Maize,9,Argentina,32663.69,35420.29,0.9221745502366016
107,CÃ´te d'Ivoire,2018,Rice and products,774.56,16.2,2.95,Rice,41,"China, mainland",834487.6399999999,2765056.37,0.3017976953576537
107,CÃ´te d'Ivoire,2018,Wheat and products,151.76,4.4,1.6,Wheat,68,France,397460.73,681465.07,0.583244464752977
107,CÃ´te d'Ivoire,2019,Maize and products,141.23,2.92,1.2,Maize,9,Argentina,9580.0,14317.73,0.6691004789166998
107,CÃ´te d'Ivoire,2019,Rice and products,744.69,15.63,2.95,Rice,237,Viet Nam,829707.28,2400712.46,0.3456087698232715
107,CÃ´te d'Ivoire,2019,Wheat and products,155.33,4.53,1.59,Wheat,68,France,555378.52,694976.61,0.7991326787242523
107,CÃ´te d'Ivoire,2020,Maize and products,178.86,3.7,1.52,Maize,202,South Africa,4474.23,4777.56,0.9365094315926958
107,CÃ´te d'Ivoire,2020,Rice and products,683.98,14.48,2.96,Rice,237,Viet Nam,802642.63,1961268.0,0.4092467883022616
107,CÃ´te d'Ivoire,2020,Wheat and products,185.84,5.44,1.86,Wheat,68,France,599775.3,731961.77,0.8194079589703163
107,CÃ´te d'Ivoire,2021,Maize and products,175.68,3.63,1.49,Maize,9,Argentina,90469.02,105214.15,0.8598560174653314
107,CÃ´te d'Ivoire,2021,Rice and products,640.09,13.54,2.75,Rice,100,India,1137183.39,2488603.46,0.4569564449613036
107,CÃ´te d'Ivoire,2021,Wheat and products,187.03,5.45,1.88,Wheat,68,France,416082.86,758566.87,0.5485117745782913
107,CÃ´te d'Ivoire,2022,Maize and products,206.24,4.27,1.75,Maize,9,Argentina,52571.0,56564.56,0.9293981956193066
107,CÃ´te d'Ivoire,2022,Rice and products,736.88,15.64,3.28,Rice,100,India,1337360.15,2779711.45,0.4811147394453478
107,CÃ´te d'Ivoire,2022,Wheat and products,176.92,5.19,1.79,Wheat,68,France,392520.51,764333.22,0.5135463168799598
107,CÃ´te d'Ivoire,2023,Maize and products,161.51,3.34,1.37,Maize,202,South Africa,3082.2,5201.8,0.5925256641931639
107,CÃ´te d'Ivoire,2023,Rice and products,691.22,14.79,3.32,Rice,100,India,1176854.64,2438565.03,0.4826012944178077
107,CÃ´te d'Ivoire,2023,Wheat and products,155.94,4.56,1.59,Wheat,68,France,352922.95,751350.97,0.4697178337308861
108,Kazakhstan,2010,Wheat and products,727.39,22.56,4.3,Wheat,185,Russian Federation,2481514.0,2508151.0,0.98937982601526
108,Kazakhstan,2011,Maize and products,12.59,0.26,0.11,Maize,230,Ukraine,322.0,495.0,0.6505050505050505
108,Kazakhstan,2011,Rice and products,78.93,1.62,0.27,Rice,185,Russian Federation,24495.7,30074.8,0.8144925319536622
108,Kazakhstan,2011,Wheat and products,717.54,22.02,4.75,Wheat,185,Russian Federation,25275.0,25616.0,0.9866880074953154
108,Kazakhstan,2012,Maize and products,13.98,0.29,0.12,Maize,185,Russian Federation,146.0,417.0,0.3501199040767386
108,Kazakhstan,2012,Rice and products,77.71,1.59,0.27,Rice,185,Russian Federation,45551.45,48591.95,0.937427907297402
108,Kazakhstan,2012,Wheat and products,685.62,21.02,4.45,Wheat,185,Russian Federation,28087.0,28177.0,0.9968059055257834
108,Kazakhstan,2013,Maize and products,14.36,0.3,0.12,Maize,185,Russian Federation,463.0,808.0,0.573019801980198
108,Kazakhstan,2013,Rice and products,67.25,1.38,0.24,Rice,185,Russian Federation,29919.65,32092.65,0.9322897922109892
108,Kazakhstan,2013,Wheat and products,673.22,20.63,4.42,Wheat,185,Russian Federation,3782.0,4321.0,0.8752603563989817
108,Kazakhstan,2014,Maize and products,7.66,0.16,0.06,Maize,185,Russian Federation,6697.45,7050.91,0.9498703004293064
108,Kazakhstan,2014,Rice and products,53.95,1.12,0.19,Rice,185,Russian Federation,43019.91,46919.83,0.9168811992711824
108,Kazakhstan,2014,Wheat and products,694.48,21.35,4.44,Wheat,185,Russian Federation,16377.42,17075.21,0.959134323970247
108,Kazakhstan,2015,Maize and products,4.67,0.1,0.04,Maize,230,Ukraine,15389.53,22570.620000000003,0.6818390456265712
108,Kazakhstan,2015,Rice and products,64.39,1.34,0.24,Rice,185,Russian Federation,35014.48,40926.83,0.855538530592279
108,Kazakhstan,2015,Wheat and products,669.76,20.58,4.31,Wheat,185,Russian Federation,69845.37000000001,69997.47000000002,0.997827064321039
108,Kazakhstan,2016,Maize and products,8.45,0.18,0.07,Maize,185,Russian Federation,385.79,720.23,0.5356483345597934
108,Kazakhstan,2016,Rice and products,63.68,1.33,0.23,Rice,185,Russian Federation,13442.79,17157.910000000003,0.7834747938414409
108,Kazakhstan,2016,Wheat and products,649.99,20.05,4.01,Wheat,185,Russian Federation,33031.56,33300.1,0.9919357599526728
108,Kazakhstan,2017,Maize and products,12.4,0.26,0.11,Maize,185,Russian Federation,474.28,1174.32,0.4038762858505347
108,Kazakhstan,2017,Rice and products,65.15,1.36,0.25,Rice,185,Russian Federation,11129.54,15108.27,0.7366521779131562
108,Kazakhstan,2017,Wheat and products,694.72,21.45,4.24,Wheat,185,Russian Federation,38209.74,39959.72,0.9562063998446436
108,Kazakhstan,2018,Maize and products,7.98,0.17,0.07,Maize,185,Russian Federation,2909.63,4086.69,0.7119771746817106
108,Kazakhstan,2018,Rice and products,70.55,1.46,0.27,Rice,185,Russian Federation,14166.09,18226.69,0.7772168177546226
108,Kazakhstan,2018,Wheat and products,792.17,24.47,4.82,Wheat,185,Russian Federation,90471.69,91908.63,0.9843655595780288
108,Kazakhstan,2019,Maize and products,5.63,0.12,0.05,Maize,185,Russian Federation,6284.18,7542.6,0.8331583273672208
108,Kazakhstan,2019,Rice and products,78.86,1.61,0.27,Rice,185,Russian Federation,37124.99,42737.32,0.8686784758613783
108,Kazakhstan,2019,Wheat and products,770.94,23.84,4.62,Wheat,185,Russian Federation,342677.09,343360.38,0.99800999171774
108,Kazakhstan,2020,Maize and products,10.76,0.22,0.09,Maize,185,Russian Federation,5127.23,6308.58,0.8127391584159984
108,Kazakhstan,2020,Rice and products,52.46,1.1,0.21,Rice,185,Russian Federation,11796.75,18222.13,0.6473858983554611
108,Kazakhstan,2020,Wheat and products,760.45,23.42,4.66,Wheat,185,Russian Federation,644474.74,645614.83,0.9982341019025228
108,Kazakhstan,2021,Maize and products,8.96,0.19,0.08,Maize,185,Russian Federation,5018.77,7504.71,0.6687493587360471
108,Kazakhstan,2021,Rice and products,58.03,1.22,0.24,Rice,185,Russian Federation,6967.84,10101.89,0.6897560753482764
108,Kazakhstan,2021,Wheat and products,746.62,22.94,4.74,Wheat,185,Russian Federation,1361475.3199999998,1363034.16,0.9988563456105898
108,Kazakhstan,2022,Maize and products,8.96,0.19,0.08,Maize,185,Russian Federation,8908.86,12733.01,0.6996664574990518
108,Kazakhstan,2022,Rice and products,55.03,1.15,0.22,Rice,100,India,8554.08,21273.8,0.4020945952298132
108,Kazakhstan,2022,Wheat and products,694.45,21.33,4.42,Wheat,185,Russian Federation,1674998.94,1676311.41,0.9992170488179164
108,Kazakhstan,2023,Maize and products,10.06,0.21,0.08,Maize,185,Russian Federation,13450.13,17607.24,0.7638976920857555
108,Kazakhstan,2023,Rice and products,68.69,1.41,0.26,Rice,185,Russian Federation,34622.28,56160.36,0.6164896378869366
108,Kazakhstan,2023,Wheat and products,723.71,22.19,4.65,Wheat,185,Russian Federation,2671781.69,2674523.59,0.9989748080703974
109,Jamaica,2010,Maize and products,66.24,1.43,0.55,Maize,231,United States of America,204161.0,204163.0,0.9999902039057028
109,Jamaica,2010,Rice and products,334.64,7.27,1.84,Rice,91,Guyana,44451.9,91042.2,0.4882559955712844
109,Jamaica,2010,Wheat and products,524.89,16.22,2.94,Wheat,231,United States of America,164201.0,168424.0,0.9749263762884148
109,Jamaica,2012,Maize and products,64.35,1.38,0.53,Maize,231,United States of America,162329.0,162490.0,0.9990091697950644
109,Jamaica,2012,Rice and products,316.77,6.86,1.7,Rice,207,Suriname,68932.6,115996.75,0.5942632013396928
109,Jamaica,2012,Wheat and products,500.14,15.47,2.57,Wheat,231,United States of America,161993.0,166763.0,0.9713965328040391
109,Jamaica,2013,Maize and products,64.61,1.39,0.53,Maize,231,United States of America,145682.0,175936.0,0.8280397417242634
109,Jamaica,2013,Rice and products,303.18,6.57,1.62,Rice,207,Suriname,63444.8,107846.1,0.5882901653374577
109,Jamaica,2013,Wheat and products,539.94,16.68,2.93,Wheat,231,United States of America,189903.0,196488.0,0.9664865029925492
109,Jamaica,2014,Maize and products,75.44,1.61,0.63,Maize,231,United States of America,204902.53,205017.41,0.9994396573442226
109,Jamaica,2014,Rice and products,244.67,5.16,1.03,Rice,207,Suriname,54930.9,110743.18,0.4960206127366037
109,Jamaica,2014,Wheat and products,526.41,16.38,2.74,Wheat,231,United States of America,176196.88,195597.67,0.900812775530506
109,Jamaica,2015,Maize and products,49.39,1.06,0.41,Maize,231,United States of America,150558.2,150630.67,0.9995188894798118
109,Jamaica,2015,Rice and products,258.55,5.34,0.87,Rice,91,Guyana,83567.1,141121.88999999998,0.5921625624486748
109,Jamaica,2015,Wheat and products,549.67,17.1,2.96,Wheat,231,United States of America,193263.35,199712.72,0.9677067639958036
109,Jamaica,2016,Maize and products,83.58,1.79,0.69,Maize,231,United States of America,218090.26,219186.99,0.994996372731794
109,Jamaica,2016,Rice and products,238.18,4.96,0.87,Rice,91,Guyana,62744.7,126810.88,0.4947895637976804
109,Jamaica,2016,Wheat and products,480.71,14.94,2.58,Wheat,231,United States of America,169803.62000000002,176066.83000000002,0.9644270871463978
109,Jamaica,2017,Maize and products,107.34,2.3,0.89,Maize,231,United States of America,283941.81,284196.83,0.9991026641641289
109,Jamaica,2017,Rice and products,258.68,5.32,0.8,Rice,91,Guyana,89800.12,151746.48,0.5917772853775586
109,Jamaica,2017,Wheat and products,497.78,15.5,2.6,Wheat,231,United States of America,158634.97999999998,163413.33,0.9707591173865682
109,Jamaica,2018,Maize and products,105.86,2.27,0.87,Maize,231,United States of America,257106.99,257109.39,0.9999906654517752
109,Jamaica,2018,Rice and products,247.6,5.09,0.78,Rice,91,Guyana,72893.08,143485.19,0.508018144590393
109,Jamaica,2018,Wheat and products,547.89,17.03,2.94,Wheat,231,United States of America,160540.31,167152.13999999998,0.9604442396011204
109,Jamaica,2019,Maize and products,107.91,2.32,0.89,Maize,231,United States of America,277850.06,283109.13,0.9814238770752466
109,Jamaica,2019,Rice and products,239.05,4.92,0.74,Rice,207,Suriname,77794.14,142736.77,0.545018217800501
109,Jamaica,2019,Wheat and products,558.19,17.3,3.08,Wheat,231,United States of America,208594.86,212230.43,0.9828697044057254
109,Jamaica,2020,Maize and products,102.47,2.19,0.85,Maize,231,United States of America,269577.86,276102.03,0.9763704381311504
109,Jamaica,2020,Rice and products,244.39,5.03,0.77,Rice,207,Suriname,72999.91,138360.99000000002,0.52760470996919
109,Jamaica,2020,Wheat and products,507.46,15.8,2.66,Wheat,231,United States of America,165499.56,180226.41,0.9182869480671562
109,Jamaica,2021,Maize and products,110.33,2.34,0.92,Maize,231,United States of America,301636.03,308949.74000000005,0.9763271851272636
109,Jamaica,2021,Rice and products,254.04,5.22,0.79,Rice,207,Suriname,74643.89,147439.32,0.506268544917326
109,Jamaica,2021,Wheat and products,499.51,15.48,2.83,Wheat,231,United States of America,176668.75,179823.58,0.9824559715694684
109,Jamaica,2022,Maize and products,113.8,2.41,0.95,Maize,231,United States of America,285730.77,337449.47000000003,0.846736461017408
109,Jamaica,2022,Rice and products,238.14,4.89,0.74,Rice,91,Guyana,71250.76999999999,136825.34,0.5207425028141717
109,Jamaica,2022,Wheat and products,527.21,16.2,3.26,Wheat,231,United States of America,185598.94,191737.89,0.967982593320496
109,Jamaica,2023,Maize and products,111.36,2.37,0.93,Maize,231,United States of America,289468.58,321668.03,0.8998985071659126
109,Jamaica,2023,Rice and products,227.81,4.68,0.72,Rice,91,Guyana,68716.23000000001,132134.3,0.520048390160617
109,Jamaica,2023,Wheat and products,516.92,15.8,3.33,Wheat,231,United States of America,152384.25,182359.06,0.8356275251693006
112,Jordan,2010,Maize and products,22.2,0.49,0.18,Maize,231,United States of America,177651.0,513570.0,0.3459138968397687
112,Jordan,2010,Rice and products,178.31,3.63,0.46,Rice,231,United States of America,165192.0,265732.25,0.6216482944768653
112,Jordan,2010,Wheat and products,938.47,29.22,4.83,Wheat,185,Russian Federation,305868.0,505413.0,0.6051842750384339
112,Jordan,2011,Maize and products,26.63,0.58,0.22,Maize,9,Argentina,210621.0,544120.0,0.3870855693597
112,Jordan,2011,Rice and products,179.11,3.64,0.46,Rice,231,United States of America,149565.0,280204.5,0.5337708709174906
112,Jordan,2011,Wheat and products,908.13,28.51,4.54,Wheat,185,Russian Federation,205338.0,446666.0,0.4597126264367558
112,Jordan,2012,Maize and products,22.73,0.49,0.19,Maize,9,Argentina,265685.0,583870.0,0.4550413619470087
112,Jordan,2012,Rice and products,170.29,3.46,0.44,Rice,231,United States of America,217371.0,365815.1,0.5942100257753166
112,Jordan,2012,Wheat and products,896.14,28.19,4.31,Wheat,230,Ukraine,389701.0,941081.0,0.4140993176995391
112,Jordan,2013,Maize and products,25.56,0.56,0.21,Maize,9,Argentina,265455.0,557942.0,0.4757752597940288
112,Jordan,2013,Rice and products,176.49,3.59,0.46,Rice,231,United States of America,160098.0,297207.5,0.5386741586265488
112,Jordan,2013,Wheat and products,946.62,29.58,4.69,Wheat,183,Romania,298288.0,641737.0,0.4648134671991797
112,Jordan,2014,Maize and products,24.15,0.53,0.2,Maize,9,Argentina,364148.55,672902.53,0.5411609167229613
112,Jordan,2014,Rice and products,201.85,4.11,0.52,Rice,231,United States of America,192276.55,392208.53,0.4902406125639337
112,Jordan,2014,Wheat and products,968.41,30.21,4.83,Wheat,183,Romania,413818.75,956836.11,0.4324865519550678
112,Jordan,2015,Maize and products,19.08,0.42,0.15,Maize,9,Argentina,477349.88,636635.94,0.7498003961259241
112,Jordan,2015,Rice and products,203.56,4.14,0.53,Rice,231,United States of America,192965.58,417367.21,0.4623400578114414
112,Jordan,2015,Wheat and products,983.07,30.62,4.98,Wheat,183,Romania,461037.68,826458.43,0.5578473922759792
112,Jordan,2016,Maize and products,19.44,0.43,0.16,Maize,9,Argentina,598148.88,800250.93,0.7474516524460646
112,Jordan,2016,Rice and products,193.04,3.93,0.5,Rice,231,United States of America,171348.26,361903.09,0.4734644846497443
112,Jordan,2016,Wheat and products,974.84,30.29,5.05,Wheat,183,Romania,1456860.09,1932789.2700000005,0.753760439698633
112,Jordan,2017,Maize and products,20.0,0.44,0.16,Maize,9,Argentina,586105.54,941192.17,0.6227267487786262
112,Jordan,2017,Rice and products,195.74,3.98,0.5,Rice,231,United States of America,238608.11,390936.11,0.6103506529494039
112,Jordan,2017,Wheat and products,950.76,29.46,5.03,Wheat,183,Romania,559828.4,911643.21,0.6140871712300693
112,Jordan,2018,Maize and products,16.63,0.37,0.13,Maize,9,Argentina,387988.0,811427.5,0.4781548567185608
112,Jordan,2018,Rice and products,175.22,3.56,0.45,Rice,231,United States of America,183186.6,368945.74,0.4965136607892532
112,Jordan,2018,Wheat and products,898.95,27.84,4.71,Wheat,183,Romania,882872.0,1131976.22,0.7799386457075927
112,Jordan,2019,Maize and products,15.36,0.34,0.12,Maize,21,Brazil,437798.0,770437.09,0.5682462665446182
112,Jordan,2019,Rice and products,178.95,3.64,0.46,Rice,231,United States of America,156765.2,413107.06,0.3794783850946532
112,Jordan,2019,Wheat and products,839.91,25.99,4.45,Wheat,183,Romania,648399.0,859591.5,0.7543106231273808
112,Jordan,2020,Maize and products,16.77,0.37,0.13,Maize,9,Argentina,539196.51,765091.3,0.7047479300836383
112,Jordan,2020,Rice and products,187.96,3.82,0.48,Rice,100,India,155104.5,398291.28,0.3894247948385915
112,Jordan,2020,Wheat and products,865.93,26.7,4.77,Wheat,183,Romania,653638.72,876956.89,0.7453487479869164
112,Jordan,2021,Maize and products,12.35,0.28,0.1,Maize,9,Argentina,605988.57,815930.7899999999,0.7426960441093294
112,Jordan,2021,Rice and products,171.66,3.49,0.44,Rice,231,United States of America,159174.97999999998,398877.88,0.3990569243899912
112,Jordan,2021,Wheat and products,841.9,26.04,4.47,Wheat,183,Romania,715003.96,987555.5,0.7240139516209468
112,Jordan,2022,Maize and products,15.53,0.3,0.11,Maize,9,Argentina,418942.87,632931.35,0.6619088626278348
112,Jordan,2022,Rice and products,201.89,4.11,0.52,Rice,100,India,162248.58000000002,401601.26,0.404004160743918
112,Jordan,2022,Wheat and products,839.07,26.54,4.52,Wheat,183,Romania,733640.22,776162.78,0.9452143788703704
112,Jordan,2023,Maize and products,17.79,0.34,0.13,Maize,21,Brazil,303210.32,585776.62,0.5176210685909588
112,Jordan,2023,Rice and products,200.18,4.07,0.52,Rice,100,India,169504.59,402903.17,0.4207080078322541
112,Jordan,2023,Wheat and products,755.02,23.97,3.88,Wheat,183,Romania,233309.16,521055.31,0.4477627528639906
113,Kyrgyzstan,2010,Maize and products,159.06,3.29,1.35,Maize,223,Türkiye,264.0,490.0,0.5387755102040817
113,Kyrgyzstan,2010,Rice and products,61.03,1.26,0.2,Rice,41,"China, mainland",22795.4,38791.65,0.5876367723466261
113,Kyrgyzstan,2010,Wheat and products,1049.55,32.85,5.52,Wheat,108,Kazakhstan,368094.0,375038.0,0.9814845428996528
113,Kyrgyzstan,2011,Maize and products,147.8,3.06,1.26,Maize,108,Kazakhstan,5020.0,5065.0,0.9911154985192496
113,Kyrgyzstan,2011,Rice and products,64.89,1.34,0.21,Rice,108,Kazakhstan,11445.2,19452.1,0.5883786326412058
113,Kyrgyzstan,2011,Wheat and products,1060.9,33.16,5.7,Wheat,108,Kazakhstan,398126.0,426468.0,0.9335424932234072
113,Kyrgyzstan,2012,Maize and products,175.46,3.63,1.49,Maize,108,Kazakhstan,1640.0,1858.0,0.8826695371367062
113,Kyrgyzstan,2012,Rice and products,59.85,1.22,0.16,Rice,108,Kazakhstan,21129.9,43724.95,0.4832458356155925
113,Kyrgyzstan,2012,Wheat and products,1053.47,32.94,5.65,Wheat,108,Kazakhstan,548400.0,553032.0,0.9916243544677342
113,Kyrgyzstan,2015,Maize and products,189.72,3.92,1.61,Maize,108,Kazakhstan,4332.98,4651.249999999999,0.9315732330018812
113,Kyrgyzstan,2015,Rice and products,54.16,1.1,0.14,Rice,185,Russian Federation,14936.5,27752.65,0.5382008564947852
113,Kyrgyzstan,2015,Wheat and products,975.35,30.48,5.29,Wheat,108,Kazakhstan,371552.65,376502.1,0.98685412378842
113,Kyrgyzstan,2016,Maize and products,203.34,4.21,1.73,Maize,41,"China, mainland",117.16,255.3,0.4589110849980415
113,Kyrgyzstan,2016,Rice and products,48.69,0.99,0.13,Rice,108,Kazakhstan,1071.11,2242.88,0.4775601012983306
113,Kyrgyzstan,2016,Wheat and products,939.33,29.36,4.95,Wheat,108,Kazakhstan,230244.51,230525.32000000004,0.9987818691673436
113,Kyrgyzstan,2017,Maize and products,202.54,4.19,1.72,Maize,108,Kazakhstan,1100.61,1399.5199999999998,0.7864196295872872
113,Kyrgyzstan,2017,Rice and products,50.44,1.03,0.13,Rice,108,Kazakhstan,6510.86,8985.52,0.7245946812204523
113,Kyrgyzstan,2017,Wheat and products,959.25,29.73,5.59,Wheat,108,Kazakhstan,329320.27,341915.42000000004,0.9631629658586324
113,Kyrgyzstan,2018,Maize and products,201.76,4.17,1.71,Maize,223,Türkiye,212.9,580.26,0.3669044910902009
113,Kyrgyzstan,2018,Rice and products,41.89,0.85,0.11,Rice,108,Kazakhstan,3091.21,7064.530000000001,0.4375676796616335
113,Kyrgyzstan,2018,Wheat and products,970.0,30.19,5.43,Wheat,108,Kazakhstan,214557.9,216761.23,0.9898352209940864
113,Kyrgyzstan,2019,Maize and products,213.27,4.41,1.81,Maize,185,Russian Federation,877.88,1650.58,0.5318615274630736
113,Kyrgyzstan,2019,Rice and products,45.8,0.93,0.12,Rice,185,Russian Federation,17090.989999999998,23043.77,0.7416750818117
113,Kyrgyzstan,2019,Wheat and products,870.57,26.83,5.33,Wheat,108,Kazakhstan,267183.56,282412.95,0.9460740380354372
113,Kyrgyzstan,2020,Maize and products,203.62,4.21,1.73,Maize,97,Hungary,225.76,704.49,0.3204587715936351
113,Kyrgyzstan,2020,Rice and products,47.59,0.97,0.12,Rice,108,Kazakhstan,4791.889999999999,8680.689999999999,0.5520171783579416
113,Kyrgyzstan,2020,Wheat and products,904.33,28.14,4.98,Wheat,108,Kazakhstan,142930.24,214024.02,0.6678233592659366
113,Kyrgyzstan,2021,Maize and products,195.06,4.03,1.66,Maize,223,Türkiye,289.02,1217.83,0.2373237644006142
113,Kyrgyzstan,2021,Rice and products,53.72,1.09,0.14,Rice,108,Kazakhstan,10797.17,13528.22,0.7981219997900685
113,Kyrgyzstan,2021,Wheat and products,739.54,22.6,4.9,Wheat,108,Kazakhstan,144546.14,258932.69000000003,0.5582382819257005
113,Kyrgyzstan,2022,Maize and products,185.74,3.84,1.58,Maize,106,Italy,356.32,1610.69,0.2212219607745748
113,Kyrgyzstan,2022,Rice and products,45.73,0.93,0.12,Rice,108,Kazakhstan,9236.52,13927.66,0.6631781648891487
113,Kyrgyzstan,2022,Wheat and products,809.55,24.45,5.92,Wheat,185,Russian Federation,223815.19,249457.15,0.8972089595347338
113,Kyrgyzstan,2023,Maize and products,205.71,4.25,1.75,Maize,223,Türkiye,618.79,1637.09,0.3779816625842195
113,Kyrgyzstan,2023,Rice and products,52.32,1.06,0.13,Rice,108,Kazakhstan,6889.45,20845.12,0.3305066125788674
113,Kyrgyzstan,2023,Wheat and products,770.13,23.56,5.06,Wheat,185,Russian Federation,359797.65,409418.9,0.8788007832564643
114,Kenya,2010,Maize and products,654.59,13.54,5.56,Maize,202,South Africa,135108.0,229595.0,0.5884622922973062
114,Kenya,2010,Rice and products,82.42,1.67,0.21,Rice,165,Pakistan,370222.0,439593.5,0.8421917066562631
114,Kenya,2010,Wheat and products,292.9,8.63,3.49,Wheat,230,Ukraine,360934.0,867996.0,0.4158244968870824
114,Kenya,2013,Maize and products,716.53,14.82,6.09,Maize,215,United Republic of Tanzania,41098.0,93472.0,0.4396824717562478
114,Kenya,2013,Rice and products,95.15,1.93,0.25,Rice,165,Pakistan,675013.0,784108.1,0.8608672707245341
114,Kenya,2013,Wheat and products,216.02,6.37,2.58,Wheat,230,Ukraine,383795.0,1063908.0,0.3607407783379766
114,Kenya,2016,Maize and products,720.62,14.9,6.12,Maize,226,Uganda,82760.0,148603.7,0.5569174926330905
114,Kenya,2016,Rice and products,147.68,3.0,0.38,Rice,165,Pakistan,855342.96,965890.77,0.885548331722851
114,Kenya,2016,Wheat and products,259.61,7.64,3.11,Wheat,185,Russian Federation,387862.2,1378232.02,0.2814201051576207
114,Kenya,2017,Maize and products,675.07,13.96,5.74,Maize,138,Mexico,584095.31,1327969.57,0.4398408843058053
114,Kenya,2017,Rice and products,145.45,2.96,0.38,Rice,165,Pakistan,835683.7,1210592.0499999998,0.6903099190185497
114,Kenya,2017,Wheat and products,283.6,8.36,3.38,Wheat,185,Russian Federation,591036.6,1868904.82,0.3162475657802627
114,Kenya,2018,Maize and products,690.87,14.29,5.87,Maize,226,Uganda,336492.9,529558.31,0.6354218103007391
114,Kenya,2018,Rice and products,136.72,2.78,0.35,Rice,165,Pakistan,688409.79,1181735.18,0.5825415047726683
114,Kenya,2018,Wheat and products,284.9,8.4,3.4,Wheat,185,Russian Federation,728785.5,1759369.9200000002,0.4142309651400656
114,Kenya,2019,Maize and products,652.19,13.49,5.54,Maize,215,United Republic of Tanzania,192588.64,227531.3,0.8464270190518843
114,Kenya,2019,Rice and products,131.81,2.68,0.34,Rice,165,Pakistan,809363.9,1208319.71,0.6698259519411465
114,Kenya,2019,Wheat and products,287.46,8.5,3.39,Wheat,185,Russian Federation,622470.9,1999648.49,0.3112901608022118
114,Kenya,2020,Maize and products,588.94,12.18,5.01,Maize,226,Uganda,201308.13,472761.42,0.4258133626893666
114,Kenya,2020,Rice and products,132.39,2.69,0.34,Rice,165,Pakistan,671716.3300000001,1180819.26,0.5688561770240774
114,Kenya,2020,Wheat and products,287.9,8.5,3.45,Wheat,185,Russian Federation,593842.0,1887842.39,0.3145612171575404
114,Kenya,2021,Maize and products,531.91,11.0,4.52,Maize,215,United Republic of Tanzania,471571.4,483367.68,0.9755956376727548
114,Kenya,2021,Rice and products,131.81,2.68,0.34,Rice,100,India,405692.98,1214662.16,0.3339965575283913
114,Kenya,2021,Wheat and products,277.3,8.18,3.33,Wheat,10,Australia,548103.95,1890612.55,0.2899081305685821
114,Kenya,2022,Maize and products,489.62,10.13,4.16,Maize,215,United Republic of Tanzania,658969.5,790296.83,0.8338253109277941
114,Kenya,2022,Rice and products,141.46,2.88,0.36,Rice,165,Pakistan,659668.0,1346746.62,0.489823393802169
114,Kenya,2022,Wheat and products,210.39,6.2,2.54,Wheat,9,Argentina,588786.94,1670959.89,0.352364496313553
114,Kenya,2023,Maize and products,530.69,10.97,4.51,Maize,215,United Republic of Tanzania,219260.35,504668.35,0.4344642377513866
114,Kenya,2023,Rice and products,184.04,3.74,0.47,Rice,100,India,1214614.33,1805030.29,0.6729052341830785
114,Kenya,2023,Wheat and products,190.06,5.62,2.28,Wheat,185,Russian Federation,1452170.58,2037479.63,0.7127288825950128
115,Cambodia,2010,Maize and products,4.65,0.1,0.04,Maize,216,Thailand,660.0,663.0,0.995475113122172
115,Cambodia,2010,Rice and products,1453.43,29.57,3.76,Rice,216,Thailand,8988.0,12890.7,0.6972468523819497
115,Cambodia,2010,Wheat and products,15.99,0.49,0.12,Wheat,10,Australia,11121.0,22920.0,0.4852094240837696
115,Cambodia,2011,Maize and products,5.22,0.11,0.04,Maize,216,Thailand,1136.0,1381.0,0.8225923244026068
115,Cambodia,2011,Rice and products,1426.36,29.02,3.68,Rice,216,Thailand,8330.0,16526.2,0.5040481175345815
115,Cambodia,2011,Wheat and products,18.48,0.55,0.15,Wheat,10,Australia,13335.0,26439.0,0.5043685464654488
115,Cambodia,2012,Maize and products,8.72,0.18,0.07,Maize,216,Thailand,893.0,1075.0,0.8306976744186046
115,Cambodia,2012,Rice and products,1444.59,29.39,3.73,Rice,237,Viet Nam,213763.0,222696.6,0.9598844346972516
115,Cambodia,2012,Wheat and products,20.9,0.62,0.18,Wheat,10,Australia,20700.0,31244.0,0.6625272052234029
115,Cambodia,2013,Maize and products,11.1,0.23,0.09,Maize,237,Viet Nam,540.0,1026.0,0.5263157894736842
115,Cambodia,2013,Rice and products,1442.15,29.34,3.72,Rice,237,Viet Nam,72962.85,81591.65000000001,0.894244080123395
115,Cambodia,2013,Wheat and products,21.66,0.63,0.21,Wheat,10,Australia,22638.0,31764.0,0.7126936154136758
115,Cambodia,2014,Maize and products,11.34,0.23,0.1,Maize,237,Viet Nam,181.08,361.77,0.5005390165021976
115,Cambodia,2014,Rice and products,1421.04,28.91,3.69,Rice,216,Thailand,16148.7,39426.74,0.4095875033035955
115,Cambodia,2014,Wheat and products,25.43,0.76,0.23,Wheat,10,Australia,27598.67,36613.51,0.7537837809049174
115,Cambodia,2015,Maize and products,11.05,0.23,0.09,Maize,216,Thailand,222.31,319.04,0.6968091775325979
115,Cambodia,2015,Rice and products,1347.54,27.4,3.47,Rice,237,Viet Nam,118637.8,134517.09,0.8819533636952748
115,Cambodia,2015,Wheat and products,23.43,0.7,0.22,Wheat,10,Australia,25544.72,34233.82,0.7461837446127836
115,Cambodia,2016,Maize and products,8.82,0.18,0.07,Maize,21,Brazil,4080.95,7728.259999999999,0.528055474324104
115,Cambodia,2016,Rice and products,1340.26,27.26,3.47,Rice,237,Viet Nam,28435.74,43738.58,0.6501294737963601
115,Cambodia,2016,Wheat and products,24.74,0.73,0.22,Wheat,10,Australia,18013.37,36129.24,0.4985814813707678
115,Cambodia,2017,Maize and products,5.24,0.11,0.04,Maize,9,Argentina,6265.0,11487.31,0.5453844285563809
115,Cambodia,2017,Rice and products,1352.62,27.52,3.49,Rice,231,United States of America,4392.82,14239.989999999998,0.308484767194359
115,Cambodia,2017,Wheat and products,34.05,1.0,0.34,Wheat,10,Australia,13605.02,31028.16,0.4384733094066809
115,Cambodia,2018,Maize and products,5.0,0.1,0.04,Maize,21,Brazil,41869.0,84206.68,0.4972170853903752
115,Cambodia,2018,Rice and products,1367.28,27.82,3.53,Rice,237,Viet Nam,36153.18,50562.51,0.7150194877588157
115,Cambodia,2018,Wheat and products,25.45,0.69,0.37,Wheat,10,Australia,13557.98,42322.18,0.320351645402009
115,Cambodia,2019,Maize and products,6.01,0.12,0.05,Maize,9,Argentina,100027.82,164608.24000000002,0.6076720096150715
115,Cambodia,2019,Rice and products,1398.69,28.45,3.61,Rice,237,Viet Nam,36684.100000000006,43230.740000000005,0.8485651645102537
115,Cambodia,2019,Wheat and products,33.73,1.04,0.26,Wheat,10,Australia,14895.2,32918.83,0.4524826672150863
115,Cambodia,2020,Maize and products,2.4,0.05,0.02,Maize,9,Argentina,188349.9,270654.52,0.6959052448117252
115,Cambodia,2020,Rice and products,1367.52,27.82,3.53,Rice,237,Viet Nam,21588.84,28227.89,0.7648053042575977
115,Cambodia,2020,Wheat and products,30.83,0.88,0.23,Wheat,237,Viet Nam,12075.61,27569.39,0.4380078775772696
115,Cambodia,2021,Maize and products,1.75,0.03,0.01,Maize,9,Argentina,176404.42,261886.99,0.67358985644915
115,Cambodia,2021,Rice and products,1389.7,28.27,3.59,Rice,237,Viet Nam,10337.8,14750.419999999998,0.7008478402648874
115,Cambodia,2021,Wheat and products,31.38,0.87,0.28,Wheat,237,Viet Nam,13864.38,32414.66,0.4277194331206929
115,Cambodia,2022,Maize and products,2.96,0.05,0.02,Maize,9,Argentina,83445.73,134746.53999999998,0.619279203755436
115,Cambodia,2022,Rice and products,1383.83,28.15,3.57,Rice,237,Viet Nam,7610.58,10358.41,0.7347247309191276
115,Cambodia,2022,Wheat and products,19.66,0.52,0.23,Wheat,237,Viet Nam,7958.0,16119.51,0.4936874632045266
115,Cambodia,2023,Maize and products,6.82,0.13,0.06,Maize,21,Brazil,68962.69,182893.2,0.3770653583621479
115,Cambodia,2023,Rice and products,1506.27,30.64,3.88,Rice,100,India,7437.429999999999,17144.77,0.4338016782960634
115,Cambodia,2023,Wheat and products,24.74,0.62,0.42,Wheat,10,Australia,16211.57,34457.73,0.4704770163327648
117,Republic of Korea,2010,Maize and products,74.83,0.34,0.14,Maize,231,United States of America,7297562.0,8540968.0,0.8544186092255585
117,Republic of Korea,2010,Rice and products,898.56,18.41,2.56,Rice,41,"China, mainland",212760.5,400861.7,0.5307578648696046
117,Republic of Korea,2010,Wheat and products,402.34,12.73,1.93,Wheat,231,United States of America,1430701.0,4457660.0,0.3209533701538475
117,Republic of Korea,2011,Maize and products,82.44,0.35,0.14,Maize,231,United States of America,6023965.0,7758658.0,0.7764184218456336
117,Republic of Korea,2011,Rice and products,929.93,19.11,2.78,Rice,41,"China, mainland",309537.0,635415.1,0.4871413978043644
117,Republic of Korea,2011,Wheat and products,390.59,12.36,1.91,Wheat,10,Australia,1798605.0,4703654.0,0.3823846311824806
117,Republic of Korea,2012,Maize and products,80.07,0.34,0.14,Maize,231,United States of America,2836027.0,8220185.0,0.3450076853501472
117,Republic of Korea,2012,Rice and products,855.38,17.46,2.3,Rice,41,"China, mainland",142793.9,358241.8,0.3985964228629936
117,Republic of Korea,2012,Wheat and products,390.58,12.34,1.9,Wheat,231,United States of America,2400806.0,5685360.0,0.422278624396696
117,Republic of Korea,2013,Maize and products,70.81,0.31,0.13,Maize,21,Brazil,3940138.0,8722682.0,0.4517117556274549
117,Republic of Korea,2013,Rice and products,906.09,18.63,2.71,Rice,41,"China, mainland",415408.8,786078.5,0.5284571451833373
117,Republic of Korea,2013,Wheat and products,373.63,11.81,1.82,Wheat,100,India,1233926.0,4706151.0,0.2621943069825001
117,Republic of Korea,2014,Maize and products,82.54,0.31,0.13,Maize,231,United States of America,5376989.64,10221213.69,0.5260617577402396
117,Republic of Korea,2014,Rice and products,691.58,14.22,2.07,Rice,41,"China, mainland",239558.01,439020.97,0.5456641626936408
117,Republic of Korea,2014,Wheat and products,389.2,12.3,1.93,Wheat,231,United States of America,1277382.26,3775185.35,0.3383627932334501
117,Republic of Korea,2015,Maize and products,82.74,0.32,0.13,Maize,231,United States of America,3538444.01,10349626.19,0.3418909963549127
117,Republic of Korea,2015,Rice and products,680.95,14.0,2.04,Rice,231,United States of America,193502.47,451062.25,0.4289928274866717
117,Republic of Korea,2015,Wheat and products,394.59,12.5,1.93,Wheat,231,United States of America,1164833.72,4063871.32,0.2866315461976783
117,Republic of Korea,2016,Maize and products,87.65,0.34,0.14,Maize,231,United States of America,4232359.59,9789907.27,0.4323186597455892
117,Republic of Korea,2016,Rice and products,654.24,13.45,1.94,Rice,41,"China, mainland",181982.48,367804.11,0.4947809854544584
117,Republic of Korea,2016,Wheat and products,397.98,12.71,1.97,Wheat,230,Ukraine,1298771.46,4461281.59,0.2911207091054748
117,Republic of Korea,2017,Maize and products,87.67,0.32,0.13,Maize,231,United States of America,4429103.31,9320456.1,0.4752024216926465
117,Republic of Korea,2017,Rice and products,657.08,13.55,2.06,Rice,231,United States of America,201317.46,455408.64,0.4420589385392425
117,Republic of Korea,2017,Wheat and products,402.17,12.83,2.1,Wheat,231,United States of America,1388561.18,4242946.01,0.327263457212834
117,Republic of Korea,2018,Maize and products,86.36,0.31,0.13,Maize,231,United States of America,6744083.72,10166337.63,0.663373966658237
117,Republic of Korea,2018,Rice and products,642.48,13.24,2.0,Rice,41,"China, mainland",144088.38,427203.06,0.3372831177754204
117,Republic of Korea,2018,Wheat and products,398.1,12.76,2.07,Wheat,231,United States of America,1367104.32,3884424.87,0.3519451053252061
117,Republic of Korea,2019,Maize and products,85.09,0.3,0.12,Maize,21,Brazil,3712415.2,11366877.42,0.3265993872220362
117,Republic of Korea,2019,Rice and products,606.03,12.46,1.82,Rice,231,United States of America,186572.62,341722.15,0.5459775434516024
117,Republic of Korea,2019,Wheat and products,390.77,12.57,2.0,Wheat,231,United States of America,1238854.09,3761026.27,0.3293925649713689
117,Republic of Korea,2020,Maize and products,101.52,0.68,0.28,Maize,231,United States of America,3048719.65,11663975.15,0.2613791276810119
117,Republic of Korea,2020,Rice and products,602.68,12.47,1.97,Rice,231,United States of America,190249.22000000003,518908.42,0.3666335188779554
117,Republic of Korea,2020,Wheat and products,381.16,12.32,1.91,Wheat,231,United States of America,1439004.62,3721236.1,0.386700704102059
117,Republic of Korea,2021,Maize and products,94.75,0.53,0.22,Maize,9,Argentina,4448755.0,11653547.68,0.3817511303991164
117,Republic of Korea,2021,Rice and products,583.66,12.06,1.88,Rice,231,United States of America,193913.46,496984.65,0.390179978395711
117,Republic of Korea,2021,Wheat and products,399.05,13.33,2.25,Wheat,231,United States of America,1814216.21,4435945.54,0.4089807220672055
117,Republic of Korea,2022,Maize and products,102.04,0.65,0.27,Maize,9,Argentina,5343055.0,11809940.53,0.4524201444052488
117,Republic of Korea,2022,Rice and products,591.15,12.2,1.89,Rice,41,"China, mainland",209410.33,481471.68,0.4349380009225049
117,Republic of Korea,2022,Wheat and products,405.93,13.59,2.32,Wheat,10,Australia,1898168.5,4421094.86,0.4293435359584209
117,Republic of Korea,2023,Maize and products,112.03,0.66,0.27,Maize,21,Brazil,3454003.53,11261055.0,0.3067211313682421
117,Republic of Korea,2023,Rice and products,582.71,11.96,1.69,Rice,41,"China, mainland",99994.08,273559.1,0.3655300810684053
117,Republic of Korea,2023,Wheat and products,388.92,12.97,2.23,Wheat,10,Australia,2380995.46,4610764.72,0.516399253614485
118,Kuwait,2013,Maize and products,65.41,1.38,0.55,Maize,21,Brazil,110880.0,181615.0,0.6105222586240123
118,Kuwait,2013,Rice and products,421.83,8.58,1.09,Rice,100,India,292739.5,344926.95,0.8486999928535592
118,Kuwait,2013,Wheat and products,780.31,23.37,6.14,Wheat,10,Australia,311176.0,395201.0,0.7873866715924301
118,Kuwait,2014,Maize and products,52.03,1.11,0.43,Maize,9,Argentina,101075.1,173415.87,0.5828480403783114
118,Kuwait,2014,Rice and products,474.06,9.65,1.23,Rice,100,India,345126.73,408094.03,0.8457039422997685
118,Kuwait,2014,Wheat and products,803.67,23.96,6.61,Wheat,10,Australia,463169.78,500482.98,0.9254456165522352
118,Kuwait,2015,Maize and products,47.51,1.0,0.4,Maize,9,Argentina,62060.49,112020.49,0.5540101636763061
118,Kuwait,2015,Rice and products,496.23,10.1,1.28,Rice,100,India,399490.26,459622.44000000006,0.8691704869762232
118,Kuwait,2015,Wheat and products,795.8,23.98,5.97,Wheat,10,Australia,273203.17000000004,308017.49000000005,0.8869729118304288
118,Kuwait,2016,Maize and products,39.73,0.84,0.33,Maize,21,Brazil,97969.32,172588.62,0.567646464755324
118,Kuwait,2016,Rice and products,481.07,9.79,1.24,Rice,100,India,351221.61,406295.72,0.8644482152064019
118,Kuwait,2016,Wheat and products,789.86,23.75,6.07,Wheat,10,Australia,434491.7,500852.96,0.8675035084149249
118,Kuwait,2017,Maize and products,46.54,0.99,0.39,Maize,21,Brazil,124896.0,218028.26,0.5728431717980045
118,Kuwait,2017,Rice and products,485.97,9.89,1.26,Rice,100,India,384470.79,438764.92,0.8762569031270777
118,Kuwait,2017,Wheat and products,780.47,23.59,5.78,Wheat,10,Australia,528703.6,533217.97,0.9915337249417908
118,Kuwait,2018,Maize and products,36.8,0.78,0.31,Maize,9,Argentina,112095.1,132713.05000000002,0.8446426331095547
118,Kuwait,2018,Rice and products,473.18,9.63,1.22,Rice,100,India,427495.4,477824.28,0.8946707354427448
118,Kuwait,2018,Wheat and products,766.41,23.2,5.65,Wheat,10,Australia,356371.09,395559.23,0.900929779846118
118,Kuwait,2019,Maize and products,29.42,0.62,0.25,Maize,9,Argentina,74839.78,104555.29,0.7157914248050004
118,Kuwait,2019,Rice and products,505.48,10.29,1.31,Rice,100,India,509092.3,562866.4299999999,0.9044637819313546
118,Kuwait,2019,Wheat and products,727.27,21.94,5.43,Wheat,10,Australia,436482.0,539917.1900000001,0.808423973313389
118,Kuwait,2020,Maize and products,32.34,0.69,0.27,Maize,9,Argentina,59851.24,111268.82,0.5378976787926752
118,Kuwait,2020,Rice and products,507.32,10.32,1.31,Rice,100,India,464735.83,514960.54,0.9024688182904268
118,Kuwait,2020,Wheat and products,788.8,23.62,6.33,Wheat,10,Australia,426675.0,515272.71,0.8280566614909607
118,Kuwait,2021,Maize and products,39.08,0.83,0.33,Maize,9,Argentina,109342.84,129231.52,0.8461003940834249
118,Kuwait,2021,Rice and products,469.25,9.55,1.21,Rice,100,India,339408.75,367036.19,0.9247282945041468
118,Kuwait,2021,Wheat and products,756.66,22.73,5.88,Wheat,10,Australia,401520.81,485037.95,0.8278131845147374
118,Kuwait,2022,Maize and products,44.97,0.95,0.38,Maize,9,Argentina,102887.94,184773.46,0.556832891476947
118,Kuwait,2022,Rice and products,442.49,9.0,1.15,Rice,100,India,386896.49,424477.34,0.9114655920148764
118,Kuwait,2022,Wheat and products,701.75,20.99,5.64,Wheat,10,Australia,313648.63,389374.8,0.8055185646323286
118,Kuwait,2023,Maize and products,36.11,0.76,0.3,Maize,9,Argentina,112759.62,142037.19999999998,0.7938738583976592
118,Kuwait,2023,Rice and products,447.89,9.11,1.16,Rice,100,India,313258.94999999995,338230.53,0.9261699409571336
118,Kuwait,2023,Wheat and products,722.31,21.68,5.5,Wheat,10,Australia,394068.82,481060.12,0.8191675086265725
119,Latvia,2010,Maize and products,3.02,0.06,0.03,Maize,126,Lithuania,3564.0,6468.0,0.5510204081632653
119,Latvia,2010,Rice and products,21.44,0.44,0.07,Rice,126,Lithuania,2548.6,10023.8,0.2542548734013049
119,Latvia,2010,Wheat and products,500.25,15.81,2.66,Wheat,126,Lithuania,299471.0,329576.0,0.908655363254606
119,Latvia,2011,Maize and products,2.19,0.05,0.02,Maize,230,Ukraine,5280.0,10419.0,0.5067664843075151
119,Latvia,2011,Rice and products,36.64,0.75,0.11,Rice,115,Cambodia,7534.0,17071.25,0.4413267921212565
119,Latvia,2011,Wheat and products,504.92,15.82,2.68,Wheat,126,Lithuania,86954.0,118559.0,0.7334238649111413
119,Latvia,2012,Maize and products,2.3,0.05,0.02,Maize,126,Lithuania,8028.0,19746.0,0.406563354603464
119,Latvia,2012,Rice and products,19.95,0.41,0.07,Rice,126,Lithuania,2661.9,10235.6,0.260062917659932
119,Latvia,2012,Wheat and products,513.84,16.1,2.85,Wheat,126,Lithuania,227385.0,261339.0,0.870076796804151
119,Latvia,2013,Maize and products,2.02,0.04,0.02,Maize,230,Ukraine,16707.0,30590.0,0.5461588754494933
119,Latvia,2013,Rice and products,21.82,0.45,0.06,Rice,115,Cambodia,4080.0,12148.6,0.3358411668834269
119,Latvia,2013,Wheat and products,545.74,17.13,2.86,Wheat,126,Lithuania,184822.0,217175.0,0.8510279728329688
119,Latvia,2014,Maize and products,2.84,0.06,0.02,Maize,126,Lithuania,13298.7,37924.5,0.3506625004944034
119,Latvia,2014,Rice and products,23.78,0.49,0.07,Rice,115,Cambodia,3950.0,11818.33,0.334226578543669
119,Latvia,2014,Wheat and products,536.72,16.76,3.06,Wheat,126,Lithuania,226839.4,286435.71,0.7919382677529978
119,Latvia,2015,Maize and products,2.65,0.05,0.02,Maize,185,Russian Federation,22420.9,42950.72,0.5220145320031888
119,Latvia,2015,Rice and products,21.5,0.44,0.06,Rice,115,Cambodia,4700.0,12196.99,0.3853409734696839
119,Latvia,2015,Wheat and products,528.99,16.92,2.91,Wheat,126,Lithuania,146457.6,220637.65,0.6637924216469854
119,Latvia,2016,Maize and products,2.72,0.06,0.02,Maize,185,Russian Federation,79484.8,82210.19,0.9668485135480164
119,Latvia,2016,Rice and products,22.9,0.47,0.07,Rice,115,Cambodia,5850.0,12474.16,0.4689694536545948
119,Latvia,2016,Wheat and products,546.08,17.44,2.98,Wheat,126,Lithuania,461163.6,587419.38,0.7850670503925151
119,Latvia,2017,Maize and products,4.31,0.09,0.04,Maize,185,Russian Federation,74420.64,85802.48999999999,0.8673482552779064
119,Latvia,2017,Rice and products,26.5,0.54,0.08,Rice,115,Cambodia,5400.0,13460.18,0.4011833422732831
119,Latvia,2017,Wheat and products,502.91,16.04,2.76,Wheat,126,Lithuania,552798.62,620744.85,0.8905408075475777
119,Latvia,2018,Maize and products,6.31,0.13,0.05,Maize,185,Russian Federation,199187.91,228043.48,0.8734646129764376
119,Latvia,2018,Rice and products,27.39,0.56,0.08,Rice,126,Lithuania,2884.6800000000003,13979.34,0.2063530896308409
119,Latvia,2018,Wheat and products,493.16,15.64,2.55,Wheat,126,Lithuania,382188.44,722669.0,0.5288568348718431
119,Latvia,2019,Maize and products,8.43,0.17,0.07,Maize,185,Russian Federation,59580.01,98050.14,0.6076483929548698
119,Latvia,2019,Rice and products,27.93,0.57,0.08,Rice,106,Italy,4744.2,15011.61,0.3160353886092165
119,Latvia,2019,Wheat and products,449.12,13.88,2.36,Wheat,126,Lithuania,386734.67,480219.02,0.8053297639064775
119,Latvia,2020,Maize and products,8.04,0.17,0.07,Maize,185,Russian Federation,67954.62,93839.32,0.7241593396030577
119,Latvia,2020,Rice and products,30.66,0.63,0.09,Rice,106,Italy,5519.45,16464.82,0.3352268655229756
119,Latvia,2020,Wheat and products,469.92,14.24,2.55,Wheat,126,Lithuania,633978.84,772300.8099999999,0.8208962515525524
119,Latvia,2021,Maize and products,8.41,0.17,0.07,Maize,185,Russian Federation,61393.71,87137.62,0.7045603265271647
119,Latvia,2021,Rice and products,24.11,0.49,0.07,Rice,106,Italy,3301.28,13360.28,0.2470966177355564
119,Latvia,2021,Wheat and products,517.62,15.63,3.11,Wheat,126,Lithuania,577528.55,637695.26,0.9056497456167388
119,Latvia,2022,Maize and products,16.68,0.67,0.27,Maize,185,Russian Federation,139922.7,174088.76,0.8037434467337237
119,Latvia,2022,Rice and products,21.18,0.43,0.06,Rice,106,Italy,4668.92,17063.06,0.273627356406178
119,Latvia,2022,Wheat and products,522.68,15.54,3.43,Wheat,126,Lithuania,492216.93,669321.83,0.7353964982734839
119,Latvia,2023,Maize and products,12.92,0.75,0.29,Maize,185,Russian Federation,294844.19,330800.21,0.8913059335724122
119,Latvia,2023,Rice and products,27.37,0.56,0.08,Rice,126,Lithuania,3657.13,14302.66,0.2556957936495729
119,Latvia,2023,Wheat and products,540.21,16.07,3.14,Wheat,126,Lithuania,600058.7300000001,847581.67,0.7079656760392188
120,Lao People's Democratic Republic,2015,Maize and products,193.2,4.0,1.64,Maize,41,"China, mainland",27125.72,40014.35,0.6778998034455139
120,Lao People's Democratic Republic,2015,Rice and products,1382.92,28.14,3.57,Rice,216,Thailand,14605.88,27296.44,0.535083695895875
120,Lao People's Democratic Republic,2015,Wheat and products,6.52,0.19,0.08,Wheat,216,Thailand,373.18,376.03,0.9924208174879664
120,Lao People's Democratic Republic,2016,Maize and products,188.47,3.91,1.6,Maize,216,Thailand,550.49,1048.1799999999998,0.5251865137667195
120,Lao People's Democratic Republic,2016,Rice and products,1384.24,28.18,3.58,Rice,216,Thailand,177774.46000000002,183853.48,0.9669355184356588
120,Lao People's Democratic Republic,2016,Wheat and products,9.22,0.26,0.11,Wheat,216,Thailand,1056.42,1057.86,0.9986387612727582
120,Lao People's Democratic Republic,2017,Maize and products,141.19,2.93,1.2,Maize,237,Viet Nam,672.11,1254.42,0.5357934344159053
120,Lao People's Democratic Republic,2017,Rice and products,1382.93,28.14,3.57,Rice,216,Thailand,93423.41,98318.59,0.9502110435066248
120,Lao People's Democratic Republic,2017,Wheat and products,16.96,0.47,0.21,Wheat,216,Thailand,1083.0,1086.07,0.997173294539026
120,Lao People's Democratic Republic,2018,Maize and products,111.44,2.32,0.94,Maize,216,Thailand,420.1,674.86,0.6224994813739146
120,Lao People's Democratic Republic,2018,Rice and products,1383.73,28.16,3.58,Rice,216,Thailand,52683.37,63422.05,0.830679077702471
120,Lao People's Democratic Republic,2018,Wheat and products,19.6,0.61,0.26,Wheat,216,Thailand,1488.03,1500.6,0.9916233506597362
120,Lao People's Democratic Republic,2019,Maize and products,100.23,2.07,0.85,Maize,28,Myanmar,930.0,2197.04,0.4232967993300076
120,Lao People's Democratic Republic,2019,Rice and products,1409.9,28.73,3.72,Rice,237,Viet Nam,115257.39,148585.46,0.7756976355559959
120,Lao People's Democratic Republic,2019,Wheat and products,14.58,0.38,0.41,Wheat,216,Thailand,589.74,677.74,0.8701566972585357
120,Lao People's Democratic Republic,2020,Maize and products,71.51,1.48,0.61,Maize,237,Viet Nam,1280.47,2646.15,0.4838992498535608
120,Lao People's Democratic Republic,2020,Rice and products,1383.89,28.18,3.61,Rice,216,Thailand,137409.91,256095.0,0.5365583474882368
120,Lao People's Democratic Republic,2020,Wheat and products,24.81,0.53,0.75,Wheat,216,Thailand,504.89,1009.67,0.5000544732437331
120,Lao People's Democratic Republic,2021,Maize and products,67.74,1.41,0.57,Maize,237,Viet Nam,3205.7,4001.66,0.8010925465931639
120,Lao People's Democratic Republic,2021,Rice and products,1424.18,29.01,3.73,Rice,216,Thailand,108013.76,142967.87,0.755510731187364
120,Lao People's Democratic Republic,2021,Wheat and products,24.18,0.53,0.7,Wheat,237,Viet Nam,1898.9,2342.53,0.8106192876932206
120,Lao People's Democratic Republic,2022,Maize and products,64.4,1.34,0.55,Maize,216,Thailand,3095.51,5199.790000000001,0.5953144261595179
120,Lao People's Democratic Republic,2022,Rice and products,1432.1,29.18,3.76,Rice,216,Thailand,132079.46,159141.89,0.8299477906162858
120,Lao People's Democratic Republic,2022,Wheat and products,34.51,0.84,0.69,Wheat,237,Viet Nam,1908.45,2378.44,0.8023956879299037
120,Lao People's Democratic Republic,2023,Maize and products,41.86,0.87,0.35,Maize,216,Thailand,1640.69,2568.21,0.6388457330202748
120,Lao People's Democratic Republic,2023,Rice and products,1400.34,28.51,3.62,Rice,216,Thailand,80643.4,106024.85,0.7606084799931337
120,Lao People's Democratic Republic,2023,Wheat and products,34.4,0.82,0.73,Wheat,237,Viet Nam,1739.1,2199.36,0.7907300305543432
121,Lebanon,2010,Maize and products,27.99,0.58,0.24,Maize,231,United States of America,149400.0,346900.0,0.4306716633035456
121,Lebanon,2010,Rice and products,96.78,1.97,0.25,Rice,106,Italy,23733.3,102650.65,0.2312045759086766
121,Lebanon,2010,Wheat and products,892.32,27.44,5.74,Wheat,185,Russian Federation,201966.0,517059.0,0.3906053274384548
121,Lebanon,2011,Maize and products,27.27,0.56,0.23,Maize,231,United States of America,137227.0,397017.0,0.3456451486964034
121,Lebanon,2011,Rice and products,98.65,2.01,0.25,Rice,216,Thailand,27868.9,106419.85,0.2618768960865854
121,Lebanon,2011,Wheat and products,902.41,27.58,6.13,Wheat,185,Russian Federation,212397.0,456305.0,0.4654715595928162
121,Lebanon,2012,Maize and products,25.87,0.54,0.22,Maize,230,Ukraine,239640.0,382753.0,0.6260956805041371
121,Lebanon,2012,Rice and products,99.13,2.02,0.26,Rice,106,Italy,26336.65,113059.5,0.2329450422122864
121,Lebanon,2012,Wheat and products,904.47,27.59,6.23,Wheat,185,Russian Federation,197089.0,546062.0,0.3609278799843241
121,Lebanon,2013,Maize and products,21.86,0.45,0.19,Maize,230,Ukraine,151233.0,393635.0,0.3841960191548008
121,Lebanon,2013,Rice and products,141.95,2.89,0.37,Rice,59,Egypt,28839.0,126618.15,0.2277635552249026
121,Lebanon,2013,Wheat and products,881.79,26.86,6.17,Wheat,185,Russian Federation,178058.0,624872.0,0.2849511579971578
121,Lebanon,2014,Maize and products,22.72,0.47,0.19,Maize,230,Ukraine,133562.13,451816.94,0.2956111605731295
121,Lebanon,2014,Rice and products,135.76,2.76,0.35,Rice,216,Thailand,35893.91,139806.78,0.2567394084893451
121,Lebanon,2014,Wheat and products,929.35,28.39,6.3,Wheat,230,Ukraine,194877.28,628300.47,0.3101657396500117
121,Lebanon,2015,Maize and products,20.66,0.43,0.18,Maize,230,Ukraine,192786.0,500034.11,0.3855456980724775
121,Lebanon,2015,Rice and products,134.26,2.73,0.35,Rice,216,Thailand,31980.41,139027.85,0.2300288035814406
121,Lebanon,2015,Wheat and products,934.44,28.53,6.38,Wheat,185,Russian Federation,305361.0,643552.77,0.4744925579296318
121,Lebanon,2016,Maize and products,19.57,0.4,0.17,Maize,185,Russian Federation,225553.86,533527.9299999999,0.4227592358660586
121,Lebanon,2016,Rice and products,125.38,2.55,0.32,Rice,216,Thailand,32540.68,139270.38,0.2336511180625772
121,Lebanon,2016,Wheat and products,913.41,27.76,6.42,Wheat,230,Ukraine,233562.86,580377.13,0.4024329146119179
121,Lebanon,2017,Maize and products,17.61,0.36,0.15,Maize,230,Ukraine,196370.0,567063.0,0.346293092654608
121,Lebanon,2017,Rice and products,128.11,2.61,0.33,Rice,100,India,41511.350000000006,180881.09000000003,0.2294952446383422
121,Lebanon,2017,Wheat and products,918.98,27.85,6.65,Wheat,230,Ukraine,348555.06,677286.4500000001,0.5146346276379808
121,Lebanon,2018,Maize and products,19.71,0.41,0.17,Maize,21,Brazil,173759.0,565895.7999999999,0.3070512274521211
121,Lebanon,2018,Rice and products,107.91,2.2,0.28,Rice,216,Thailand,29519.050000000003,142529.09,0.2071089487767023
121,Lebanon,2018,Wheat and products,917.11,27.73,6.66,Wheat,185,Russian Federation,283427.0,611882.28,0.4632051119375445
121,Lebanon,2019,Maize and products,19.82,0.41,0.17,Maize,183,Romania,159799.87,549070.13,0.2910372669516733
121,Lebanon,2019,Rice and products,109.1,2.22,0.28,Rice,41,"China, mainland",56793.96,170157.51,0.3337728672686853
121,Lebanon,2019,Wheat and products,902.88,27.46,6.18,Wheat,230,Ukraine,362133.25,565509.08,0.6403668178060024
121,Lebanon,2020,Maize and products,19.25,0.4,0.16,Maize,9,Argentina,140080.0,557075.7,0.251455951139136
121,Lebanon,2020,Rice and products,151.23,3.08,0.39,Rice,41,"China, mainland",165984.65999999997,254318.22,0.6526652317714398
121,Lebanon,2020,Wheat and products,903.74,28.0,5.14,Wheat,230,Ukraine,512159.0,659546.39,0.7765321860074164
121,Lebanon,2021,Maize and products,16.54,0.35,0.14,Maize,183,Romania,113437.0,439834.1,0.2579086069042851
121,Lebanon,2021,Rice and products,97.78,1.99,0.25,Rice,41,"China, mainland",72919.53,121332.4,0.600989760360794
121,Lebanon,2021,Wheat and products,929.94,29.77,5.78,Wheat,230,Ukraine,558433.0,756459.0800000001,0.7382197064777118
121,Lebanon,2022,Maize and products,18.47,0.39,0.16,Maize,230,Ukraine,141860.0,421064.29,0.3369081714338682
121,Lebanon,2022,Rice and products,95.65,1.95,0.25,Rice,41,"China, mainland",69355.4,138971.75,0.4990611401238021
121,Lebanon,2022,Wheat and products,930.4,29.48,6.28,Wheat,230,Ukraine,424615.54,569080.96,0.7461425875151402
121,Lebanon,2023,Maize and products,18.84,0.4,0.16,Maize,230,Ukraine,109372.74,391703.62,0.2792232045238693
121,Lebanon,2023,Rice and products,89.92,1.83,0.23,Rice,100,India,44223.82,116504.04,0.3795904416705206
121,Lebanon,2023,Wheat and products,928.07,29.52,6.11,Wheat,230,Ukraine,280875.04,467621.67,0.6006459024877953
122,Lesotho,2016,Maize and products,1106.95,23.05,9.36,Maize,202,South Africa,88485.89,88510.9,0.9997174359316198
122,Lesotho,2016,Rice and products,46.72,0.95,0.13,Rice,202,South Africa,11848.42,12758.57,0.9286636355014708
122,Lesotho,2016,Wheat and products,158.64,4.76,1.21,Wheat,202,South Africa,60710.9,60710.93,0.9999995058550412
122,Lesotho,2017,Maize and products,1005.34,21.11,8.45,Maize,202,South Africa,70909.4,70909.40999999999,0.9999998589749935
122,Lesotho,2017,Rice and products,102.8,2.12,0.3,Rice,202,South Africa,10896.95,13432.04,0.8112654518598813
122,Lesotho,2017,Wheat and products,139.7,4.13,1.19,Wheat,202,South Africa,108339.97,108340.02,0.9999995384900244
122,Lesotho,2018,Maize and products,1098.12,22.91,9.27,Maize,202,South Africa,31965.73,31965.74,0.9999996871650711
122,Lesotho,2018,Rice and products,66.33,1.35,0.18,Rice,202,South Africa,7341.12,8960.61,0.8192656526731996
122,Lesotho,2018,Wheat and products,155.52,4.57,1.42,Wheat,202,South Africa,55683.55,55683.55,1.0
122,Lesotho,2019,Maize and products,939.11,19.59,7.93,Maize,202,South Africa,37568.4,37568.4,1.0
122,Lesotho,2019,Rice and products,37.03,0.76,0.11,Rice,202,South Africa,9208.62,11196.86,0.8224287880709413
122,Lesotho,2019,Wheat and products,236.21,7.38,1.17,Wheat,202,South Africa,58641.04,58642.04,0.9999829473872328
122,Lesotho,2020,Maize and products,831.89,17.35,7.02,Maize,202,South Africa,57017.98,57017.98,1.0
122,Lesotho,2020,Rice and products,33.36,0.68,0.09,Rice,202,South Africa,10596.78,10777.28,0.9832518037946496
122,Lesotho,2020,Wheat and products,235.49,7.3,1.19,Wheat,202,South Africa,92458.02,96588.3,0.9572382990486424
122,Lesotho,2021,Maize and products,847.51,17.7,7.15,Maize,202,South Africa,25515.74,25518.95,0.9998742111254578
122,Lesotho,2021,Rice and products,35.53,0.74,0.12,Rice,202,South Africa,7646.19,7985.47,0.9575128326823592
122,Lesotho,2021,Wheat and products,191.22,5.97,0.95,Wheat,202,South Africa,20928.370000000003,27736.630000000005,0.7545390337614916
122,Lesotho,2022,Maize and products,820.16,17.13,6.92,Maize,202,South Africa,63218.62,63218.630000000005,0.9999998418187804
122,Lesotho,2022,Rice and products,34.99,0.72,0.11,Rice,202,South Africa,11565.55,11966.05,0.9665303086649312
122,Lesotho,2022,Wheat and products,225.48,7.11,1.56,Wheat,202,South Africa,89572.22,93060.45,0.9625165148030124
122,Lesotho,2023,Maize and products,848.8,17.73,7.16,Maize,202,South Africa,70928.8,70928.8,1.0
122,Lesotho,2023,Rice and products,41.04,0.84,0.11,Rice,202,South Africa,13188.56,14873.86,0.8866938373764444
122,Lesotho,2023,Wheat and products,217.18,6.73,1.64,Wheat,202,South Africa,70999.93,78843.76,0.9005142575645808
124,Libya,2016,Maize and products,13.97,0.24,0.09,Maize,230,Ukraine,439836.0,696967.31,0.6310712047599477
124,Libya,2016,Rice and products,184.38,3.92,1.09,Rice,231,United States of America,77225.1,154338.32,0.5003624504918804
124,Libya,2016,Wheat and products,966.7,29.99,5.82,Wheat,183,Romania,482932.6,1287217.82,0.3751755083688943
124,Libya,2017,Maize and products,11.64,0.18,0.07,Maize,230,Ukraine,440676.0,534054.58,0.8251516165257866
124,Libya,2017,Rice and products,217.23,4.64,1.34,Rice,100,India,111196.0,272570.72,0.407952842476991
124,Libya,2017,Wheat and products,887.3,27.72,4.98,Wheat,185,Russian Federation,310996.0,1250386.59,0.2487198779059202
124,Libya,2018,Maize and products,16.92,0.27,0.1,Maize,230,Ukraine,525509.0,749873.04,0.70079729763321
124,Libya,2018,Rice and products,224.0,4.8,1.45,Rice,231,United States of America,52839.52,140891.13999999998,0.3750379193468092
124,Libya,2018,Wheat and products,946.31,29.36,5.47,Wheat,230,Ukraine,638091.54,1548148.11,0.4121644020222329
124,Libya,2019,Maize and products,7.57,0.08,0.03,Maize,230,Ukraine,486196.0,618690.77,0.7858465384896561
124,Libya,2019,Rice and products,207.74,4.34,0.93,Rice,41,"China, mainland",126500.0,309943.24,0.4081392451082333
124,Libya,2019,Wheat and products,910.94,27.6,6.53,Wheat,230,Ukraine,698544.13,1358143.18,0.5143376193959167
126,Lithuania,2010,Maize and products,8.19,0.17,0.07,Maize,173,Poland,12353.0,27589.0,0.447750915219834
126,Lithuania,2010,Rice and products,32.0,0.65,0.08,Rice,106,Italy,5928.5,25721.05,0.230492145538382
126,Lithuania,2010,Wheat and products,852.86,26.55,4.72,Wheat,119,Latvia,91324.0,123189.0,0.7413324241612481
126,Lithuania,2011,Maize and products,4.64,0.1,0.04,Maize,230,Ukraine,74965.0,88172.0,0.8502132196162047
126,Lithuania,2011,Rice and products,31.76,0.63,0.1,Rice,115,Cambodia,7040.0,22651.8,0.3107920783337307
126,Lithuania,2011,Wheat and products,863.36,26.99,4.65,Wheat,119,Latvia,64412.0,94233.0,0.683539736610317
126,Lithuania,2012,Maize and products,4.95,0.1,0.04,Maize,230,Ukraine,73993.0,84816.0,0.8723943595548009
126,Lithuania,2012,Rice and products,28.2,0.57,0.07,Rice,115,Cambodia,4848.0,24267.7,0.1997717130177149
126,Lithuania,2012,Wheat and products,874.19,27.47,4.39,Wheat,119,Latvia,94723.0,183622.0,0.5158586661728987
126,Lithuania,2013,Maize and products,5.52,0.11,0.05,Maize,230,Ukraine,145031.0,149262.0,0.9716538703755812
126,Lithuania,2013,Rice and products,30.13,0.61,0.08,Rice,115,Cambodia,7890.0,25754.4,0.3063554188798807
126,Lithuania,2013,Wheat and products,913.42,28.54,4.77,Wheat,119,Latvia,52117.0,73965.0,0.7046170486040695
126,Lithuania,2014,Maize and products,5.55,0.11,0.05,Maize,230,Ukraine,142718.6,152485.3,0.935949891563318
126,Lithuania,2014,Rice and products,36.35,0.74,0.1,Rice,115,Cambodia,6872.0,25858.49,0.2657541101587912
126,Lithuania,2014,Wheat and products,860.9,26.81,4.39,Wheat,173,Poland,48629.5,152502.46000000002,0.3188768233640296
126,Lithuania,2015,Maize and products,4.04,0.08,0.03,Maize,230,Ukraine,79634.8,87470.8,0.910415818764662
126,Lithuania,2015,Rice and products,28.3,0.57,0.08,Rice,237,Viet Nam,6012.0,23263.28,0.2584330326591951
126,Lithuania,2015,Wheat and products,893.51,27.97,4.81,Wheat,119,Latvia,42244.0,100218.02,0.4215209999159831
126,Lithuania,2016,Maize and products,3.98,0.08,0.03,Maize,230,Ukraine,19190.5,53308.53,0.3599892925203528
126,Lithuania,2016,Rice and products,29.35,0.6,0.08,Rice,115,Cambodia,6906.0,27713.33,0.2491941603553235
126,Lithuania,2016,Wheat and products,897.11,28.17,4.92,Wheat,119,Latvia,41550.56,120132.32,0.3458732837258116
126,Lithuania,2017,Maize and products,5.02,0.1,0.04,Maize,230,Ukraine,58127.69,91749.82,0.6335455481002579
126,Lithuania,2017,Rice and products,29.96,0.61,0.08,Rice,28,Myanmar,9675.0,28939.84,0.3343142187379059
126,Lithuania,2017,Wheat and products,911.82,28.31,5.05,Wheat,119,Latvia,33859.47,78078.84000000001,0.4336574416320733
126,Lithuania,2018,Maize and products,8.06,0.17,0.07,Maize,230,Ukraine,126375.01,188162.95,0.6716253651422877
126,Lithuania,2018,Rice and products,29.52,0.6,0.08,Rice,28,Myanmar,16075.0,30274.55,0.5309740359476854
126,Lithuania,2018,Wheat and products,910.85,27.81,4.86,Wheat,119,Latvia,47820.920000000006,110407.25,0.4331320633382319
126,Lithuania,2019,Maize and products,8.08,0.17,0.07,Maize,230,Ukraine,347562.42,375857.23999999993,0.924719236484576
126,Lithuania,2019,Rice and products,35.41,0.72,0.1,Rice,28,Myanmar,18371.5,34396.68,0.5341067800729605
126,Lithuania,2019,Wheat and products,850.28,26.05,4.41,Wheat,210,Sweden,112389.98,206158.43,0.5451631543759816
126,Lithuania,2020,Maize and products,23.17,0.54,0.22,Maize,230,Ukraine,217386.91,321349.25,0.676481771779458
126,Lithuania,2020,Rice and products,35.28,0.72,0.1,Rice,28,Myanmar,27201.0,47593.55,0.5715270241450785
126,Lithuania,2020,Wheat and products,777.61,23.7,4.1,Wheat,119,Latvia,55869.58,155635.55000000002,0.3589769818013943
126,Lithuania,2021,Maize and products,17.95,0.52,0.21,Maize,173,Poland,44053.96,135729.65,0.324571381418872
126,Lithuania,2021,Rice and products,31.16,0.63,0.09,Rice,28,Myanmar,14338.0,35570.08,0.4030915870866751
126,Lithuania,2021,Wheat and products,782.56,23.56,4.73,Wheat,210,Sweden,29611.48,107348.43,0.2758445559008176
126,Lithuania,2022,Maize and products,62.84,1.58,0.64,Maize,173,Poland,107125.5,266124.58,0.4025389161722679
126,Lithuania,2022,Rice and products,36.75,0.75,0.11,Rice,28,Myanmar,15150.0,43231.38,0.3504398888029945
126,Lithuania,2022,Wheat and products,613.5,18.59,3.43,Wheat,210,Sweden,66213.43,218386.97,0.3031931346453499
126,Lithuania,2023,Maize and products,30.58,0.74,0.3,Maize,230,Ukraine,77648.4,182977.87,0.4243595140767569
126,Lithuania,2023,Rice and products,36.16,0.74,0.11,Rice,28,Myanmar,24706.0,48289.03,0.5116275891232439
126,Lithuania,2023,Wheat and products,612.68,18.69,3.19,Wheat,210,Sweden,89183.32999999999,304077.85,0.2932911094971238
128,"China, Macao SAR",2010,Maize and products,3.02,0.06,0.02,Maize,96,"China, Hong Kong SAR",2.0,2.0,1.0
128,"China, Macao SAR",2010,Rice and products,443.5,9.16,1.24,Rice,96,"China, Hong Kong SAR",33982.1,47027.1,0.7226067522768786
128,"China, Macao SAR",2010,Wheat and products,366.64,9.15,7.25,Wheat,41,"China, mainland",6386.0,9088.0,0.7026848591549296
128,"China, Macao SAR",2011,Rice and products,431.28,8.95,1.26,Rice,216,Thailand,42673.9,52920.600000000006,0.8063759670147352
128,"China, Macao SAR",2011,Wheat and products,403.58,10.01,8.08,Wheat,41,"China, mainland",7230.0,10243.0,0.7058478961241824
128,"China, Macao SAR",2012,Rice and products,382.58,7.84,1.04,Rice,216,Thailand,34547.0,47685.5,0.7244759937507209
128,"China, Macao SAR",2012,Wheat and products,419.77,10.5,8.18,Wheat,41,"China, mainland",6333.0,10262.0,0.6171311635158838
128,"China, Macao SAR",2014,Maize and products,4.76,0.02,0.01,Maize,231,United States of America,2.71,2.71,1.0
128,"China, Macao SAR",2014,Rice and products,405.47,8.4,1.21,Rice,216,Thailand,36069.0,58956.83,0.6117866242130047
128,"China, Macao SAR",2014,Wheat and products,442.28,10.95,8.92,Wheat,41,"China, mainland",6372.88,11790.61,0.5405046897488764
128,"China, Macao SAR",2015,Maize and products,5.81,0.04,0.02,Maize,96,"China, Hong Kong SAR",12.98,12.98,1.0
128,"China, Macao SAR",2015,Rice and products,403.06,8.33,1.14,Rice,96,"China, Hong Kong SAR",54294.17,61642.2,0.8807954615506909
128,"China, Macao SAR",2015,Wheat and products,473.17,11.48,10.13,Wheat,41,"China, mainland",6191.36,11807.25,0.5243693493404475
128,"China, Macao SAR",2016,Maize and products,3.91,0.03,0.01,Maize,231,United States of America,3.58,5.28,0.678030303030303
128,"China, Macao SAR",2016,Rice and products,400.51,8.27,1.12,Rice,216,Thailand,44015.85,62880.86,0.6999880408760313
128,"China, Macao SAR",2016,Wheat and products,460.83,11.33,9.52,Wheat,41,"China, mainland",6087.36,12402.52,0.4908163824771095
128,"China, Macao SAR",2017,Rice and products,396.0,8.17,1.11,Rice,216,Thailand,45927.56,63913.8,0.7185859704789889
128,"China, Macao SAR",2017,Wheat and products,407.36,10.2,7.98,Wheat,41,"China, mainland",5506.13,11984.27,0.4594464243545915
128,"China, Macao SAR",2018,Maize and products,3.79,0.03,0.01,Maize,231,United States of America,0.33,0.73,0.452054794520548
128,"China, Macao SAR",2018,Rice and products,393.34,8.12,1.1,Rice,216,Thailand,45730.79,69093.09999999999,0.6618720248476332
128,"China, Macao SAR",2018,Wheat and products,410.76,10.13,8.37,Wheat,41,"China, mainland",5745.1,12593.8,0.4561847893407867
128,"China, Macao SAR",2019,Rice and products,418.21,8.64,1.17,Rice,216,Thailand,53586.07,76486.47,0.7005954124958309
128,"China, Macao SAR",2019,Wheat and products,378.06,9.28,7.71,Wheat,41,"China, mainland",3799.53,12815.66,0.2964755619297016
128,"China, Macao SAR",2020,Rice and products,475.11,9.82,1.34,Rice,216,Thailand,40655.5,63964.79,0.635591862335513
128,"China, Macao SAR",2020,Wheat and products,368.36,9.17,7.32,Wheat,41,"China, mainland",4383.33,10110.66,0.4335354961990612
128,"China, Macao SAR",2021,Maize and products,3.88,0.03,0.01,Maize,216,Thailand,0.17,0.41,0.4146341463414634
128,"China, Macao SAR",2021,Rice and products,449.26,9.29,1.27,Rice,216,Thailand,36945.68,57097.73,0.6470603997742117
128,"China, Macao SAR",2021,Wheat and products,359.36,9.04,6.89,Wheat,41,"China, mainland",4619.4400000000005,10558.08,0.4375265199733285
128,"China, Macao SAR",2022,Maize and products,4.05,0.04,0.01,Maize,41,"China, mainland",3.79,4.22,0.8981042654028437
128,"China, Macao SAR",2022,Rice and products,514.35,10.61,1.44,Rice,216,Thailand,33879.020000000004,54850.55,0.6176605339417746
128,"China, Macao SAR",2022,Wheat and products,325.51,8.25,6.05,Wheat,41,"China, mainland",4865.23,9742.78,0.4993677369292953
128,"China, Macao SAR",2023,Maize and products,4.71,0.03,0.01,Maize,41,"China, mainland",2.21,3.98,0.5552763819095478
128,"China, Macao SAR",2023,Rice and products,407.5,8.43,1.16,Rice,216,Thailand,34339.78,56020.09,0.6129904468200604
128,"China, Macao SAR",2023,Wheat and products,388.67,9.68,7.51,Wheat,41,"China, mainland",5977.06,11915.320000000002,0.5016281560209881
129,Madagascar,2010,Maize and products,134.47,2.85,1.19,Maize,202,South Africa,2156.0,2157.0,0.9995363931386184
129,Madagascar,2010,Rice and products,1016.78,22.41,6.24,Rice,165,Pakistan,204988.0,236348.4,0.8673128313963624
129,Madagascar,2010,Wheat and products,51.57,1.62,0.29,Wheat,59,Egypt,37176.0,101141.0,0.3675660711284246
129,Madagascar,2011,Maize and products,134.34,2.84,1.19,Maize,202,South Africa,4928.0,4930.0,0.9995943204868154
129,Madagascar,2011,Rice and products,998.91,21.98,6.07,Rice,165,Pakistan,267111.0,372396.6,0.7172756142241901
129,Madagascar,2011,Wheat and products,58.28,1.85,0.33,Wheat,223,Türkiye,35864.0,114959.0,0.3119720943988726
129,Madagascar,2012,Maize and products,139.28,2.95,1.24,Maize,202,South Africa,3186.0,6900.0,0.4617391304347826
129,Madagascar,2012,Rice and products,1001.89,22.05,6.08,Rice,165,Pakistan,170622.0,349084.05,0.4887705410774282
129,Madagascar,2012,Wheat and products,58.53,1.86,0.32,Wheat,223,Türkiye,54031.0,118171.0,0.4572272384933697
129,Madagascar,2013,Maize and products,119.03,2.52,1.06,Maize,202,South Africa,8468.0,8474.0,0.999291951852726
129,Madagascar,2013,Rice and products,1053.1,23.09,6.21,Rice,100,India,313374.0,738949.4,0.424080458012416
129,Madagascar,2013,Wheat and products,60.64,1.93,0.32,Wheat,223,Türkiye,43017.0,141275.0,0.3044912404884091
129,Madagascar,2014,Maize and products,109.24,2.32,0.97,Maize,202,South Africa,6846.15,7373.809999999999,0.9284413349408244
129,Madagascar,2014,Rice and products,1070.42,23.54,6.47,Rice,165,Pakistan,362393.09,696637.4700000001,0.5202032701456613
129,Madagascar,2014,Wheat and products,62.24,1.99,0.32,Wheat,223,Türkiye,31794.5,144731.63,0.2196790017496521
129,Madagascar,2015,Maize and products,94.43,2.0,0.84,Maize,202,South Africa,5236.84,5239.64,0.999465612141292
129,Madagascar,2015,Rice and products,1079.72,23.76,6.55,Rice,165,Pakistan,312416.88,495977.09,0.6299018367965342
129,Madagascar,2015,Wheat and products,63.74,2.03,0.34,Wheat,223,Türkiye,53115.38,150047.57,0.3539902712186542
129,Madagascar,2016,Maize and products,87.53,1.85,0.78,Maize,202,South Africa,7072.54,7733.25,0.9145624414056186
129,Madagascar,2016,Rice and products,1071.73,23.6,6.54,Rice,165,Pakistan,229685.45,453484.56,0.506490121736449
129,Madagascar,2016,Wheat and products,75.85,2.4,0.4,Wheat,223,Türkiye,94056.99,183445.35,0.5127248523879183
129,Madagascar,2017,Maize and products,77.34,1.64,0.69,Maize,230,Ukraine,2979.3,8286.9,0.3595192412120335
129,Madagascar,2017,Rice and products,1065.87,23.28,6.11,Rice,165,Pakistan,476491.23,1116897.06,0.4266205428099165
129,Madagascar,2017,Wheat and products,86.58,2.74,0.45,Wheat,59,Egypt,99071.04,205879.61,0.4812086053592194
129,Madagascar,2018,Maize and products,56.32,1.19,0.5,Maize,202,South Africa,2538.25,3491.76,0.7269256764496987
129,Madagascar,2018,Rice and products,1081.91,23.67,6.29,Rice,165,Pakistan,469081.63,1161723.63,0.4037807425850501
129,Madagascar,2018,Wheat and products,94.39,2.99,0.48,Wheat,59,Egypt,134179.26,236924.41,0.5663378458977697
129,Madagascar,2019,Maize and products,55.11,1.17,0.49,Maize,230,Ukraine,887.09,1218.66,0.7279224722235899
129,Madagascar,2019,Rice and products,1048.67,22.99,6.19,Rice,165,Pakistan,265743.18,804990.67,0.3301195776592044
129,Madagascar,2019,Wheat and products,93.12,2.95,0.46,Wheat,59,Egypt,132445.17,295414.5,0.4483367268702112
129,Madagascar,2020,Maize and products,54.24,1.15,0.48,Maize,230,Ukraine,974.6,1095.22,0.8898668760614306
129,Madagascar,2020,Rice and products,1025.99,22.47,6.01,Rice,100,India,401542.12,902723.65,0.4448117870845635
129,Madagascar,2020,Wheat and products,90.75,2.91,0.46,Wheat,59,Egypt,113143.91,248251.49,0.4557632665165474
129,Madagascar,2021,Maize and products,50.75,1.07,0.45,Maize,72,Djibouti,310.0,568.7,0.5451028661860383
129,Madagascar,2021,Rice and products,1082.8,23.66,6.22,Rice,100,India,981556.26,1232382.54,0.7964704368499086
129,Madagascar,2021,Wheat and products,90.23,2.9,0.47,Wheat,59,Egypt,108912.97,301820.47,0.3608534901559195
129,Madagascar,2022,Maize and products,59.34,1.25,0.52,Maize,202,South Africa,4067.67,4098.67,0.9924365708876294
129,Madagascar,2022,Rice and products,1159.03,25.35,6.72,Rice,100,India,1126730.16,1443529.23,0.7805385139308886
129,Madagascar,2022,Wheat and products,76.75,2.46,0.42,Wheat,9,Argentina,93080.17,257270.76,0.3617984803247753
129,Madagascar,2023,Maize and products,56.5,1.19,0.5,Maize,202,South Africa,613.78,1191.14,0.515287875480632
129,Madagascar,2023,Rice and products,1145.32,25.14,6.81,Rice,100,India,673617.36,821431.93,0.8200525635763878
129,Madagascar,2023,Wheat and products,74.26,2.38,0.41,Wheat,173,Poland,130730.08,274780.39,0.4757620440090357
130,Malawi,2010,Maize and products,1303.42,26.95,11.08,Maize,144,Mozambique,12222.0,15396.0,0.7938425565081839
130,Malawi,2010,Rice and products,44.16,0.9,0.11,Rice,100,India,780.0,1454.25,0.5363589479112945
130,Malawi,2010,Wheat and products,83.82,2.62,0.43,Wheat,10,Australia,36539.0,181213.0,0.201635644241859
130,Malawi,2011,Maize and products,1314.33,27.18,11.17,Maize,144,Mozambique,5285.0,6107.0,0.8654003602423449
130,Malawi,2011,Rice and products,45.78,0.93,0.12,Rice,165,Pakistan,224.6,569.4,0.3944502985598876
130,Malawi,2011,Wheat and products,70.35,2.21,0.33,Wheat,231,United States of America,76332.0,136403.0,0.5596064602684692
130,Malawi,2013,Maize and products,1256.75,25.99,10.68,Maize,251,Zambia,31556.0,60514.0,0.5214661070165582
130,Malawi,2013,Rice and products,40.6,0.83,0.1,Rice,215,United Republic of Tanzania,1202.0,1923.2,0.625
130,Malawi,2013,Wheat and products,86.28,2.71,0.43,Wheat,10,Australia,50548.0,177710.0,0.2844409431095605
130,Malawi,2014,Maize and products,1163.74,24.07,9.89,Maize,251,Zambia,21378.8,32225.96,0.6634030452467514
130,Malawi,2014,Rice and products,47.51,0.97,0.12,Rice,100,India,217.07,536.78,0.4043928611349156
130,Malawi,2014,Wheat and products,58.91,1.85,0.3,Wheat,185,Russian Federation,57976.75,162802.94,0.3561161119080527
130,Malawi,2015,Maize and products,1188.85,24.59,10.1,Maize,251,Zambia,94139.16,104682.44,0.8992832035630809
130,Malawi,2015,Rice and products,47.22,0.96,0.12,Rice,165,Pakistan,493.92,1258.96,0.3923238228378979
130,Malawi,2015,Wheat and products,99.59,3.13,0.5,Wheat,185,Russian Federation,84388.23,227038.96,0.3716905239523648
130,Malawi,2016,Maize and products,1214.42,25.11,10.32,Maize,251,Zambia,198567.9,322225.86,0.6162382497792077
130,Malawi,2016,Rice and products,32.83,0.67,0.08,Rice,41,"China, mainland",13172.72,16649.57,0.7911747870966037
130,Malawi,2016,Wheat and products,59.96,1.88,0.31,Wheat,185,Russian Federation,42125.0,150408.04,0.2800714642648092
130,Malawi,2017,Maize and products,1132.71,23.42,9.63,Maize,251,Zambia,29351.5,33469.14,0.8769720405125438
130,Malawi,2017,Rice and products,40.61,0.83,0.1,Rice,41,"China, mainland",1022.09,1837.17,0.5563393697915816
130,Malawi,2017,Wheat and products,78.39,2.46,0.4,Wheat,185,Russian Federation,38585.92,183959.09,0.2097527227385175
130,Malawi,2018,Maize and products,1151.48,23.81,9.79,Maize,251,Zambia,278.13,359.93,0.7727335870863778
130,Malawi,2018,Rice and products,38.07,0.77,0.1,Rice,41,"China, mainland",554000.61,555717.1699999999,0.9969110905822832
130,Malawi,2018,Wheat and products,59.43,1.86,0.32,Wheat,185,Russian Federation,73386.98,145295.61,0.5050873870174054
130,Malawi,2019,Maize and products,1251.8,25.89,10.64,Maize,251,Zambia,2378.45,2911.31,0.8169689933397679
130,Malawi,2019,Rice and products,32.25,0.66,0.08,Rice,41,"China, mainland",11450.02,12200.320000000002,0.938501613072444
130,Malawi,2019,Wheat and products,46.57,1.44,0.27,Wheat,225,United Arab Emirates,34493.0,119815.33,0.2878846972253049
130,Malawi,2020,Maize and products,1202.1,24.86,10.22,Maize,251,Zambia,3185.45,5810.45,0.5482277620494109
130,Malawi,2020,Rice and products,41.93,0.85,0.11,Rice,100,India,2378.25,4734.99,0.5022713881127521
130,Malawi,2020,Wheat and products,50.55,1.56,0.31,Wheat,185,Russian Federation,58132.6,130211.39,0.4464478875465502
130,Malawi,2021,Maize and products,1223.02,25.29,10.39,Maize,251,Zambia,2644.17,2795.39,0.945903791599741
130,Malawi,2021,Rice and products,43.36,0.88,0.11,Rice,215,United Republic of Tanzania,844.0,2288.48,0.3688037474655666
130,Malawi,2021,Wheat and products,41.56,1.28,0.25,Wheat,185,Russian Federation,55339.46,120650.0,0.4586776626605884
130,Malawi,2022,Maize and products,1152.73,23.84,9.8,Maize,144,Mozambique,10.0,24.1,0.4149377593360995
130,Malawi,2022,Rice and products,39.67,0.81,0.1,Rice,144,Mozambique,339.0,1126.29,0.3009882001971073
130,Malawi,2022,Wheat and products,17.58,0.54,0.1,Wheat,9,Argentina,21400.0,35994.16,0.5945408921891774
130,Malawi,2023,Maize and products,1116.51,23.09,9.49,Maize,144,Mozambique,23145.06,29029.52,0.7972939270094718
130,Malawi,2023,Rice and products,40.27,0.82,0.1,Rice,231,United States of America,465.18,1281.95,0.3628690666562658
130,Malawi,2023,Wheat and products,42.07,1.31,0.24,Wheat,185,Russian Federation,34200.0,119555.62,0.2860593253583562
131,Malaysia,2010,Maize and products,54.43,1.31,0.58,Maize,9,Argentina,1514875.0,3076959.0,0.492328627063279
131,Malaysia,2010,Rice and products,838.67,17.1,2.24,Rice,237,Viet Nam,1182844.6,1845775.1,0.6408389624499756
131,Malaysia,2010,Wheat and products,283.6,8.51,1.61,Wheat,10,Australia,806293.0,1315705.0,0.6128220231738878
131,Malaysia,2011,Maize and products,90.38,2.04,0.88,Maize,9,Argentina,1211544.0,2862548.0,0.4232397151069607
131,Malaysia,2011,Rice and products,828.27,16.88,2.2,Rice,237,Viet Nam,1101194.0,2058087.45,0.5350569529977941
131,Malaysia,2011,Wheat and products,288.24,8.69,1.64,Wheat,10,Australia,788225.0,1375684.0,0.572969519162831
131,Malaysia,2012,Maize and products,101.7,2.28,0.98,Maize,9,Argentina,1350651.0,3031155.0,0.4455895524973153
131,Malaysia,2012,Rice and products,809.27,16.49,2.15,Rice,237,Viet Nam,1531292.6,2002828.4,0.7645650521033155
131,Malaysia,2012,Wheat and products,307.36,9.18,1.82,Wheat,10,Australia,809480.0,1291208.0,0.626916809685194
131,Malaysia,2013,Maize and products,128.64,2.83,1.2,Maize,9,Argentina,1427315.0,3389078.0,0.4211514164029273
131,Malaysia,2013,Rice and products,780.01,15.9,2.07,Rice,237,Viet Nam,1105449.5,1764505.05,0.6264926813329325
131,Malaysia,2013,Wheat and products,239.05,7.18,1.31,Wheat,10,Australia,592317.0,1166907.0,0.5075957209957606
131,Malaysia,2014,Maize and products,78.2,1.82,0.79,Maize,21,Brazil,1594504.58,3822338.33,0.4171542240218175
131,Malaysia,2014,Rice and products,719.96,14.67,1.91,Rice,216,Thailand,755336.11,1857731.96,0.4065904695960551
131,Malaysia,2014,Wheat and products,288.67,8.73,1.6,Wheat,10,Australia,809040.12,1396103.96,0.5794984780359766
131,Malaysia,2015,Maize and products,51.6,1.23,0.54,Maize,9,Argentina,1731861.5,3577736.06,0.4840663120353267
131,Malaysia,2015,Rice and products,718.56,14.64,1.91,Rice,216,Thailand,837028.0800000001,2096615.85,0.3992281561736739
131,Malaysia,2015,Wheat and products,269.4,8.27,1.47,Wheat,10,Australia,868484.0499999999,1503606.74,0.5776005300428488
131,Malaysia,2016,Maize and products,69.85,1.61,0.7,Maize,9,Argentina,1926241.82,3599445.3200000003,0.5351496268875117
131,Malaysia,2016,Rice and products,690.82,14.08,1.84,Rice,216,Thailand,848787.02,1640481.97,0.5174010050229324
131,Malaysia,2016,Wheat and products,273.55,8.48,1.49,Wheat,10,Australia,829552.6200000001,1656222.4800000002,0.5008702816302796
131,Malaysia,2017,Maize and products,85.44,1.93,0.83,Maize,9,Argentina,1949535.38,3760266.26,0.5184567382204471
131,Malaysia,2017,Rice and products,667.19,13.6,1.78,Rice,237,Viet Nam,651224.5900000001,1463190.35,0.4450716818901929
131,Malaysia,2017,Wheat and products,324.53,9.88,1.79,Wheat,10,Australia,906525.85,1647181.99,0.5503495397008317
131,Malaysia,2018,Maize and products,98.69,2.19,0.94,Maize,9,Argentina,2190733.0,3835700.21,0.5711429152592715
131,Malaysia,2018,Rice and products,676.96,13.8,1.8,Rice,216,Thailand,953976.86,1603922.34,0.5947774628539684
131,Malaysia,2018,Wheat and products,313.46,9.62,1.76,Wheat,10,Australia,776800.27,1737007.64,0.4472060180460691
131,Malaysia,2019,Maize and products,93.86,2.09,0.9,Maize,9,Argentina,2198612.75,3754976.37,0.5855197299151046
131,Malaysia,2019,Rice and products,678.61,13.83,1.8,Rice,237,Viet Nam,921431.79,1927335.79,0.4780857569194001
131,Malaysia,2019,Wheat and products,315.2,9.63,1.74,Wheat,10,Australia,518235.15,1689607.0,0.306719343610674
131,Malaysia,2020,Maize and products,99.31,2.21,0.95,Maize,9,Argentina,2760984.9,3848547.04,0.7174096798879195
131,Malaysia,2020,Rice and products,701.21,14.28,1.84,Rice,237,Viet Nam,1049467.43,2405254.06,0.4363229013736703
131,Malaysia,2020,Wheat and products,300.83,9.2,1.69,Wheat,10,Australia,453347.95,1687788.34,0.2686047410423513
131,Malaysia,2021,Maize and products,99.12,2.2,0.94,Maize,9,Argentina,2558830.0,3555925.48,0.7195960698254003
131,Malaysia,2021,Rice and products,704.61,14.36,1.87,Rice,100,India,879781.0,2271422.36,0.3873260277318041
131,Malaysia,2021,Wheat and products,255.23,7.8,1.37,Wheat,10,Australia,968203.27,1596661.14,0.6063924559471648
131,Malaysia,2022,Maize and products,90.99,2.04,0.88,Maize,9,Argentina,2611754.04,3484903.98,0.749447920226485
131,Malaysia,2022,Rice and products,708.27,14.43,1.87,Rice,237,Viet Nam,849191.97,2440867.39,0.3479058196602806
131,Malaysia,2022,Wheat and products,330.8,10.04,2.02,Wheat,10,Australia,1091774.36,1660579.8,0.6574657598508666
131,Malaysia,2023,Maize and products,51.74,1.23,0.54,Maize,9,Argentina,2384170.1,3594845.02,0.6632191615314754
131,Malaysia,2023,Rice and products,700.52,14.27,1.85,Rice,237,Viet Nam,790830.53,2804152.18,0.2820212596307808
131,Malaysia,2023,Wheat and products,300.41,9.25,1.66,Wheat,10,Australia,1017470.84,1690541.17,0.6018610241831615
132,Maldives,2010,Maize and products,11.74,0.29,0.09,Maize,225,United Arab Emirates,7.0,19.0,0.3684210526315789
132,Maldives,2010,Rice and products,499.38,10.16,1.29,Rice,100,India,35608.0,44998.9,0.7913082319790039
132,Maldives,2010,Wheat and products,501.63,15.42,3.31,Wheat,110,Japan,5606.0,17864.0,0.3138154948499776
132,Maldives,2011,Maize and products,11.48,0.29,0.09,Maize,225,United Arab Emirates,8.0,16.0,0.5
132,Maldives,2011,Rice and products,507.13,10.32,1.31,Rice,100,India,38418.0,47410.0,0.8103353722843282
132,Maldives,2011,Wheat and products,538.66,16.53,3.59,Wheat,100,India,6222.0,19081.0,0.3260835385986059
132,Maldives,2012,Maize and products,10.97,0.27,0.09,Maize,225,United Arab Emirates,7.0,17.0,0.4117647058823529
132,Maldives,2012,Rice and products,510.24,10.38,1.32,Rice,100,India,35974.0,43839.0,0.8205935354364835
132,Maldives,2012,Wheat and products,539.0,16.61,3.44,Wheat,100,India,13128.0,17234.0,0.7617500290124173
132,Maldives,2013,Maize and products,12.11,0.3,0.1,Maize,216,Thailand,18.0,40.0,0.45
132,Maldives,2013,Rice and products,515.59,10.49,1.33,Rice,100,India,40460.0,49202.0,0.822324295760335
132,Maldives,2013,Wheat and products,540.36,16.61,3.56,Wheat,100,India,17502.0,20946.0,0.8355771985104554
132,Maldives,2014,Maize and products,12.23,0.3,0.1,Maize,216,Thailand,16.71,58.74,0.2844739530132789
132,Maldives,2014,Rice and products,530.72,10.8,1.38,Rice,100,India,39548.95,48807.96,0.8102971318612783
132,Maldives,2014,Wheat and products,542.69,16.24,4.57,Wheat,100,India,10396.6,18803.52,0.5529071152635251
132,Maldives,2015,Maize and products,14.62,0.36,0.11,Maize,225,United Arab Emirates,15.16,49.48,0.3063864187550525
132,Maldives,2015,Rice and products,527.27,10.73,1.36,Rice,100,India,43415.62,52597.14,0.8254368963787766
132,Maldives,2015,Wheat and products,548.4,16.62,4.15,Wheat,38,Sri Lanka,11188.15,20815.12,0.5375011049660054
132,Maldives,2016,Maize and products,18.61,0.47,0.14,Maize,100,India,25.27,63.76,0.3963299874529485
132,Maldives,2016,Rice and products,545.33,11.1,1.42,Rice,100,India,52036.93,64723.55,0.803987574847177
132,Maldives,2016,Wheat and products,556.16,16.47,5.08,Wheat,223,Türkiye,9113.62,20305.22,0.4488313842450365
132,Maldives,2017,Maize and products,13.36,0.33,0.11,Maize,100,India,53.49,111.7,0.4788719785138765
132,Maldives,2017,Rice and products,544.56,11.1,1.42,Rice,100,India,50001.01,57921.02,0.8632619038822175
132,Maldives,2017,Wheat and products,511.61,15.49,3.93,Wheat,223,Türkiye,14397.78,21156.89,0.6805244059972898
132,Maldives,2018,Maize and products,15.41,0.38,0.13,Maize,200,Singapore,87.62,186.95,0.468681465632522
132,Maldives,2018,Rice and products,546.07,11.1,1.41,Rice,100,India,54639.91,63955.96000000001,0.8543364840430822
132,Maldives,2018,Wheat and products,467.51,14.17,3.54,Wheat,223,Türkiye,17649.22,22029.94,0.8011469845128948
132,Maldives,2019,Maize and products,13.8,0.34,0.11,Maize,225,United Arab Emirates,28.79,86.7,0.3320645905420992
132,Maldives,2019,Rice and products,522.47,10.63,1.36,Rice,100,India,55370.79,63751.69,0.8685383869823687
132,Maldives,2019,Wheat and products,459.99,13.89,3.6,Wheat,38,Sri Lanka,17879.72,21905.45,0.8162224469253085
132,Maldives,2020,Maize and products,16.72,0.43,0.13,Maize,100,India,25.13,80.57,0.311902693310165
132,Maldives,2020,Rice and products,588.87,12.01,1.57,Rice,100,India,55849.2,65327.07,0.8549166524688769
132,Maldives,2020,Wheat and products,467.69,13.86,4.22,Wheat,38,Sri Lanka,14943.38,22875.67,0.6532433804124643
132,Maldives,2021,Maize and products,21.07,0.53,0.16,Maize,255,Belgium,94.39,217.32,0.434336462359654
132,Maldives,2021,Rice and products,517.07,10.52,1.34,Rice,100,India,50744.06,57594.76,0.881053415275973
132,Maldives,2021,Wheat and products,490.06,14.51,4.44,Wheat,38,Sri Lanka,18333.96,22812.38,0.8036846659576949
132,Maldives,2022,Maize and products,26.72,0.66,0.21,Maize,255,Belgium,84.41,253.16,0.3334255016590298
132,Maldives,2022,Rice and products,484.58,9.85,1.25,Rice,100,India,52972.59,59375.13,0.8921679834637836
132,Maldives,2022,Wheat and products,523.31,15.55,4.62,Wheat,100,India,14511.3,25824.49,0.5619200998741892
132,Maldives,2023,Maize and products,27.63,0.69,0.21,Maize,225,United Arab Emirates,190.78,304.45,0.6266382000328461
132,Maldives,2023,Rice and products,472.44,9.61,1.22,Rice,100,India,52229.08,58209.68,0.8972576382484838
132,Maldives,2023,Wheat and products,483.96,14.55,3.9,Wheat,100,India,14241.48,24936.72,0.5711047804201995
134,Malta,2010,Maize and products,65.22,1.55,0.52,Maize,97,Hungary,19359.0,47813.0,0.4048898835044862
134,Malta,2010,Rice and products,42.62,0.87,0.12,Rice,229,United Kingdom of Great Britain and Northern Ireland,1229.9,3959.5,0.3106200277812855
134,Malta,2010,Wheat and products,908.79,24.56,13.99,Wheat,79,Germany,5220.0,13101.0,0.3984428669567209
134,Malta,2011,Maize and products,56.75,1.33,0.44,Maize,98,Croatia,13476.0,41210.0,0.3270080077651056
134,Malta,2011,Rice and products,42.54,0.87,0.12,Rice,229,United Kingdom of Great Britain and Northern Ireland,1116.1,3701.8,0.3015019720136149
134,Malta,2011,Wheat and products,893.12,26.03,9.59,Wheat,68,France,11945.0,35349.0,0.3379162069648363
134,Malta,2012,Maize and products,59.86,1.4,0.47,Maize,272,Serbia,18637.0,43829.0,0.4252207442560861
134,Malta,2012,Rice and products,42.82,0.87,0.12,Rice,106,Italy,1057.15,3816.55,0.2769909997248824
134,Malta,2012,Wheat and products,888.57,24.52,12.36,Wheat,138,Mexico,31800.0,68559.0,0.4638340699251739
134,Malta,2013,Maize and products,65.57,1.5,0.51,Maize,27,Bulgaria,32803.0,52745.0,0.6219167693620249
134,Malta,2013,Rice and products,43.12,0.88,0.12,Rice,106,Italy,1411.4,4346.400000000001,0.3247285109515921
134,Malta,2013,Wheat and products,960.0,27.95,9.84,Wheat,33,Canada,26056.0,60201.0,0.4328167306190927
134,Malta,2014,Maize and products,46.58,1.11,0.35,Maize,68,France,11654.0,37599.0,0.3099550519960637
134,Malta,2014,Rice and products,45.11,0.92,0.12,Rice,106,Italy,1354.5500000000002,4307.4400000000005,0.3144675259550916
134,Malta,2014,Wheat and products,830.39,24.28,8.3,Wheat,119,Latvia,9281.4,30940.43,0.299976438595068
134,Malta,2015,Maize and products,58.2,1.38,0.44,Maize,97,Hungary,19346.8,51773.97,0.3736781243547675
134,Malta,2015,Rice and products,49.4,1.01,0.13,Rice,229,United Kingdom of Great Britain and Northern Ireland,1455.23,4796.820000000001,0.3033739018766599
134,Malta,2015,Wheat and products,905.6,25.88,10.16,Wheat,230,Ukraine,35391.3,61435.2,0.5760752793186968
134,Malta,2016,Maize and products,60.9,1.45,0.46,Maize,183,Romania,23420.24,52475.64,0.4463068959235181
134,Malta,2016,Rice and products,52.44,1.07,0.14,Rice,106,Italy,1801.62,5321.16,0.3385765509776063
134,Malta,2016,Wheat and products,935.57,27.4,9.43,Wheat,9,Argentina,7715.19,30012.09,0.2570694010313843
134,Malta,2017,Maize and products,54.53,1.31,0.41,Maize,183,Romania,22034.91,44240.07,0.498075839391755
134,Malta,2017,Rice and products,58.38,1.19,0.16,Rice,106,Italy,2108.27,6072.18,0.3472014992967929
134,Malta,2017,Wheat and products,937.77,27.21,9.96,Wheat,9,Argentina,18505.9,49214.7,0.3760238302783518
134,Malta,2018,Maize and products,47.52,1.12,0.36,Maize,98,Croatia,18971.48,47465.73,0.3996879432803414
134,Malta,2018,Rice and products,53.57,1.09,0.14,Rice,106,Italy,1945.76,5814.62,0.3346323577465079
134,Malta,2018,Wheat and products,978.27,27.69,11.94,Wheat,119,Latvia,10387.69,37415.64,0.2776296222649138
134,Malta,2019,Maize and products,138.98,3.01,1.14,Maize,98,Croatia,18028.85,45570.36,0.3956266748825333
134,Malta,2019,Rice and products,65.13,1.33,0.17,Rice,106,Italy,2130.61,7445.02,0.2861792177858488
134,Malta,2019,Wheat and products,867.85,24.82,10.02,Wheat,68,France,10974.33,34125.5,0.3215873760091427
134,Malta,2020,Maize and products,156.72,3.39,1.29,Maize,98,Croatia,34739.27,49005.3,0.7088880182347623
134,Malta,2020,Rice and products,71.56,1.46,0.19,Rice,106,Italy,1846.11,7468.66,0.2471808865311849
134,Malta,2020,Wheat and products,874.12,25.67,8.7,Wheat,185,Russian Federation,8974.92,33371.41,0.2689403893931961
134,Malta,2021,Maize and products,154.55,3.34,1.27,Maize,98,Croatia,44723.22,48259.83,0.9267173133432092
134,Malta,2021,Rice and products,58.18,1.19,0.16,Rice,106,Italy,1534.62,6043.16,0.2539433011867963
134,Malta,2021,Wheat and products,848.87,24.6,9.11,Wheat,198,Slovenia,12322.45,29628.32,0.4159010703273085
134,Malta,2022,Maize and products,147.22,3.2,1.21,Maize,98,Croatia,31859.93,46953.77,0.6785382728586011
134,Malta,2022,Rice and products,70.55,1.44,0.19,Rice,106,Italy,1837.16,7771.61,0.2363937459548279
134,Malta,2022,Wheat and products,915.4,26.19,10.54,Wheat,100,India,20675.48,48600.61,0.4254160595926676
134,Malta,2023,Maize and products,139.48,3.02,1.14,Maize,98,Croatia,32494.26,46213.3,0.7031365429432652
134,Malta,2023,Rice and products,92.13,1.88,0.24,Rice,106,Italy,2472.2200000000003,10138.79,0.2438377755136461
134,Malta,2023,Wheat and products,900.16,25.57,10.87,Wheat,108,Kazakhstan,11751.51,39197.61,0.2998016970932666
136,Mauritania,2010,Maize and products,47.82,0.99,0.41,Maize,143,Morocco,375.0,1049.0,0.3574833174451859
136,Mauritania,2010,Rice and products,484.61,9.81,1.25,Rice,216,Thailand,61041.6,98369.2,0.6205356961325293
136,Mauritania,2010,Wheat and products,706.59,21.9,4.18,Wheat,68,France,313917.0,336674.0,0.9324064228303938
136,Mauritania,2011,Maize and products,32.04,0.66,0.27,Maize,143,Morocco,100.0,128.0,0.78125
136,Mauritania,2011,Rice and products,511.44,10.35,1.32,Rice,216,Thailand,86047.0,123670.25,0.6957776829916653
136,Mauritania,2011,Wheat and products,898.77,27.96,5.11,Wheat,68,France,182065.0,299458.0,0.6079817537016877
136,Mauritania,2012,Maize and products,70.95,1.47,0.6,Maize,68,France,1500.0,1565.0,0.9584664536741214
136,Mauritania,2012,Rice and products,505.92,10.25,1.31,Rice,216,Thailand,92470.0,178132.15,0.519108987344508
136,Mauritania,2012,Wheat and products,618.42,19.0,3.95,Wheat,68,France,141575.0,520493.0,0.2720017368149043
136,Mauritania,2013,Maize and products,21.84,0.45,0.19,Maize,225,United Arab Emirates,14.0,14.0,1.0
136,Mauritania,2013,Rice and products,553.92,11.26,1.53,Rice,165,Pakistan,62243.0,177214.8,0.3512291298469428
136,Mauritania,2013,Wheat and products,721.03,22.33,4.26,Wheat,68,France,203877.0,388642.0,0.5245881814111701
136,Mauritania,2014,Maize and products,23.0,0.48,0.2,Maize,203,Spain,22.0,40.0,0.55
136,Mauritania,2014,Rice and products,505.0,10.23,1.31,Rice,165,Pakistan,71118.49,168795.91,0.4213282774446371
136,Mauritania,2014,Wheat and products,855.16,26.6,4.87,Wheat,68,France,198631.06000000003,453909.75,0.4376003379526437
136,Mauritania,2016,Maize and products,28.19,0.58,0.24,Maize,195,Senegal,225.0,285.01,0.7894459843514263
136,Mauritania,2016,Rice and products,454.38,9.22,1.17,Rice,216,Thailand,28664.42,56951.46,0.5033131723049769
136,Mauritania,2016,Wheat and products,879.49,27.51,4.68,Wheat,68,France,184639.29,445872.35,0.4141079616172655
136,Mauritania,2017,Maize and products,28.59,0.59,0.24,Maize,169,Paraguay,539.38,809.12,0.6666254696460352
136,Mauritania,2017,Rice and products,457.54,9.29,1.18,Rice,216,Thailand,26117.1,53437.75,0.4887387661344274
136,Mauritania,2017,Wheat and products,871.81,27.29,4.6,Wheat,230,Ukraine,233443.0,571234.61,0.408663963830903
136,Mauritania,2018,Maize and products,31.14,0.64,0.26,Maize,9,Argentina,9833.2,19856.2,0.4952206363755401
136,Mauritania,2018,Rice and products,453.5,9.2,1.17,Rice,216,Thailand,42774.11,77311.18,0.5532719847245897
136,Mauritania,2018,Wheat and products,917.44,28.62,5.05,Wheat,230,Ukraine,304923.0,763513.14,0.3993683723635718
136,Mauritania,2019,Maize and products,58.99,1.22,0.5,Maize,133,Mali,10539.0,19100.46,0.5517668160871518
136,Mauritania,2019,Rice and products,493.08,10.08,1.43,Rice,216,Thailand,28253.08,79982.95,0.3532387840158434
136,Mauritania,2019,Wheat and products,880.42,27.61,4.52,Wheat,68,France,345001.1,675396.79,0.5108124662540963
136,Mauritania,2020,Maize and products,48.28,1.0,0.41,Maize,133,Mali,9478.0,12785.1,0.7413317064395273
136,Mauritania,2020,Rice and products,462.45,9.39,1.19,Rice,216,Thailand,29292.25,58473.54,0.5009488052202757
136,Mauritania,2020,Wheat and products,900.42,28.01,5.13,Wheat,68,France,279050.0,686095.78,0.4067216387776062
136,Mauritania,2021,Maize and products,56.91,1.33,0.54,Maize,9,Argentina,9975.32,22971.76,0.4342427397813663
136,Mauritania,2021,Rice and products,503.07,10.22,1.3,Rice,216,Thailand,19737.64,53546.4,0.3686081603992051
136,Mauritania,2021,Wheat and products,869.48,26.89,5.32,Wheat,230,Ukraine,154176.0,652291.1,0.236360729128452
136,Mauritania,2022,Maize and products,79.22,1.86,0.76,Maize,9,Argentina,29076.1,33429.439999999995,0.8697752639589537
136,Mauritania,2022,Rice and products,461.41,9.37,1.19,Rice,216,Thailand,28861.36,48459.68,0.5955747128334319
136,Mauritania,2022,Wheat and products,857.77,26.55,5.12,Wheat,9,Argentina,429603.9,750796.68,0.5721973890454604
136,Mauritania,2023,Maize and products,53.83,1.26,0.51,Maize,173,Poland,8822.28,20193.99,0.4368765162308192
136,Mauritania,2023,Rice and products,456.01,9.27,1.18,Rice,100,India,21288.0,43447.2,0.4899740374523559
136,Mauritania,2023,Wheat and products,852.79,26.36,5.11,Wheat,68,France,200058.71,676313.6699999999,0.2958075799355054
137,Mauritius,2010,Maize and products,26.28,0.57,0.22,Maize,9,Argentina,71171.0,80777.0,0.8810800103989997
137,Mauritius,2010,Rice and products,579.05,11.79,1.53,Rice,165,Pakistan,70795.4,162023.59999999998,0.4369449882609694
137,Mauritius,2010,Wheat and products,760.89,23.46,4.65,Wheat,68,France,104851.0,163625.0,0.6408006111535524
137,Mauritius,2011,Maize and products,26.49,0.58,0.22,Maize,9,Argentina,92727.0,92777.0,0.9994610733263632
137,Mauritius,2011,Rice and products,501.83,10.21,1.31,Rice,100,India,50530.15,110565.7,0.4570146980483097
137,Mauritius,2011,Wheat and products,782.59,24.03,5.02,Wheat,68,France,72503.0,131000.0,0.5534580152671755
137,Mauritius,2012,Maize and products,27.72,0.6,0.23,Maize,9,Argentina,64897.0,74421.0,0.8720253691834294
137,Mauritius,2012,Rice and products,408.64,8.31,1.08,Rice,100,India,62976.9,86555.40000000001,0.7275906529228678
137,Mauritius,2012,Wheat and products,788.76,24.17,5.16,Wheat,68,France,77414.0,140429.0,0.5512679005048815
137,Mauritius,2013,Maize and products,52.17,1.1,0.44,Maize,9,Argentina,69624.0,99742.0,0.6980409456397506
137,Mauritius,2013,Rice and products,392.72,7.98,1.03,Rice,100,India,66059.35,93964.35,0.7030256687775737
137,Mauritius,2013,Wheat and products,809.4,24.74,5.47,Wheat,10,Australia,89817.0,167975.0,0.5347045691323113
137,Mauritius,2014,Maize and products,27.12,0.59,0.22,Maize,9,Argentina,80201.71,90224.54,0.888912373507252
137,Mauritius,2014,Rice and products,430.96,8.76,1.13,Rice,100,India,77605.97,96677.97,0.802726515668461
137,Mauritius,2014,Wheat and products,802.41,24.51,5.45,Wheat,68,France,79951.26,146082.66,0.5473015072425433
137,Mauritius,2015,Maize and products,29.59,0.63,0.25,Maize,9,Argentina,74525.13,109757.73,0.6789966410566254
137,Mauritius,2015,Rice and products,444.26,9.02,1.16,Rice,100,India,82061.06,96801.78,0.8477226348523756
137,Mauritius,2015,Wheat and products,821.23,25.08,5.61,Wheat,68,France,101843.5,168559.6,0.6041987522514292
137,Mauritius,2016,Maize and products,21.8,0.47,0.18,Maize,9,Argentina,95101.0,95152.68,0.9994568728910213
137,Mauritius,2016,Rice and products,454.16,9.22,1.18,Rice,100,India,64177.82,90419.37,0.7097795527661828
137,Mauritius,2016,Wheat and products,766.73,23.22,5.66,Wheat,68,France,103938.17,131362.74,0.7912302225121066
137,Mauritius,2017,Maize and products,29.48,0.63,0.24,Maize,9,Argentina,97340.0,109485.15,0.8890703442430321
137,Mauritius,2017,Rice and products,390.07,7.92,1.01,Rice,100,India,69872.26999999999,88903.88999999998,0.7859304019205459
137,Mauritius,2017,Wheat and products,834.17,25.26,6.12,Wheat,68,France,111513.3,198007.3,0.5631777212254296
137,Mauritius,2018,Maize and products,29.99,0.64,0.25,Maize,9,Argentina,112972.0,113028.89,0.9994966773539048
137,Mauritius,2018,Rice and products,382.36,7.76,0.99,Rice,100,India,71166.54,96743.22999999998,0.7356229474661948
137,Mauritius,2018,Wheat and products,855.02,25.88,6.36,Wheat,68,France,128116.14,129010.88,0.9930646159455698
137,Mauritius,2019,Maize and products,29.62,0.64,0.24,Maize,9,Argentina,104194.0,118960.66,0.8758693840467933
137,Mauritius,2019,Rice and products,359.96,7.31,0.93,Rice,100,India,72753.64,91830.95,0.7922562055603258
137,Mauritius,2019,Wheat and products,818.55,24.67,6.29,Wheat,68,France,102720.85,151562.59,0.6777454119779822
137,Mauritius,2020,Maize and products,38.38,0.84,0.31,Maize,9,Argentina,124745.0,124787.45,0.9996598215605816
137,Mauritius,2020,Rice and products,408.58,8.3,1.06,Rice,100,India,86861.1,103774.7,0.8370161513355374
137,Mauritius,2020,Wheat and products,773.92,23.17,6.36,Wheat,68,France,51667.5,86290.06,0.5987653734393046
137,Mauritius,2021,Maize and products,28.23,0.61,0.23,Maize,9,Argentina,96708.0,96804.89,0.9989991208088764
137,Mauritius,2021,Rice and products,370.18,7.52,0.97,Rice,100,India,61312.22,84004.06,0.7298721038006973
137,Mauritius,2021,Wheat and products,856.83,25.88,6.61,Wheat,68,France,131865.33,163575.81999999998,0.8061419468965524
137,Mauritius,2022,Maize and products,31.73,0.68,0.26,Maize,9,Argentina,118730.0,118811.62,0.999313030156478
137,Mauritius,2022,Rice and products,351.64,7.14,0.92,Rice,100,India,57653.4,97268.49,0.5927243241876171
137,Mauritius,2022,Wheat and products,854.88,25.62,7.0,Wheat,10,Australia,77648.0,146043.56,0.5316769873317249
138,Mexico,2010,Maize and products,963.24,19.85,8.16,Maize,231,United States of America,7844736.0,7848997.0,0.9994571280891048
138,Mexico,2010,Rice and products,56.57,1.15,0.15,Rice,231,United States of America,635778.05,639602.05,0.9940212824521122
138,Mexico,2010,Wheat and products,238.09,7.34,1.45,Wheat,231,United States of America,2681719.0,3571753.0,0.7508131161365301
138,Mexico,2011,Maize and products,947.53,19.53,8.03,Maize,231,United States of America,8478351.0,9476169.0,0.8947023844762583
138,Mexico,2011,Rice and products,56.94,1.16,0.15,Rice,231,United States of America,747471.85,811230.75,0.9214047297886576
138,Mexico,2011,Wheat and products,240.87,7.47,1.36,Wheat,231,United States of America,3234681.0,4140909.0,0.7811523991471437
138,Mexico,2012,Maize and products,935.31,19.28,7.92,Maize,231,United States of America,8364784.0,9515075.0,0.8791085724495078
138,Mexico,2012,Rice and products,57.35,1.17,0.15,Rice,231,United States of America,658770.8,749059.75,0.8794636208927259
138,Mexico,2012,Wheat and products,237.1,7.33,1.39,Wheat,231,United States of America,3788863.0,4738236.0,0.7996357716247143
138,Mexico,2013,Maize and products,927.18,19.11,7.85,Maize,231,United States of America,6601937.0,7153033.0,0.9229563179702932
138,Mexico,2013,Rice and products,57.37,1.17,0.15,Rice,231,United States of America,691512.1,860129.2,0.8039630557827824
138,Mexico,2013,Wheat and products,237.74,7.29,1.54,Wheat,231,United States of America,3034204.0,4256801.0,0.7127897216712739
138,Mexico,2014,Maize and products,995.11,20.51,8.43,Maize,231,United States of America,10401943.3,10407011.06,0.9995130436615488
138,Mexico,2014,Rice and products,57.66,1.17,0.15,Rice,231,United States of America,598694.39,916328.46,0.6533622124974706
138,Mexico,2014,Wheat and products,238.3,7.46,1.19,Wheat,231,United States of America,3047992.94,4611346.88,0.6609767209705117
138,Mexico,2015,Maize and products,992.56,20.46,8.41,Maize,231,United States of America,11869090.81,12145300.55,0.9772578917365696
138,Mexico,2015,Rice and products,58.11,1.18,0.15,Rice,231,United States of America,675595.66,847112.1400000001,0.7975280108723267
138,Mexico,2015,Wheat and products,218.57,6.84,1.1,Wheat,231,United States of America,2799153.37,4334699.98,0.6457548118474395
138,Mexico,2016,Maize and products,989.93,20.4,8.39,Maize,231,United States of America,13893522.37,14105991.39,0.9849376754794688
138,Mexico,2016,Rice and products,58.58,1.19,0.15,Rice,231,United States of America,642699.63,850856.87,0.7553557509619685
138,Mexico,2016,Wheat and products,213.02,6.66,1.07,Wheat,231,United States of America,2893332.56,4886983.7,0.5920487436862129
138,Mexico,2017,Maize and products,990.99,20.43,8.39,Maize,231,United States of America,14682606.49,15338715.44,0.957225300086798
138,Mexico,2017,Rice and products,58.72,1.19,0.15,Rice,231,United States of America,772612.37,1142443.53,0.676280577299081
138,Mexico,2017,Wheat and products,212.75,6.66,1.06,Wheat,231,United States of America,3615875.65,5106256.199999999,0.7081265624705632
138,Mexico,2018,Maize and products,989.23,20.39,8.38,Maize,231,United States of America,16947848.87,17095165.130000003,0.9913825775369972
138,Mexico,2018,Rice and products,56.63,1.15,0.15,Rice,231,United States of America,602267.38,949835.86,0.6340752180066144
138,Mexico,2018,Wheat and products,214.67,6.73,1.07,Wheat,231,United States of America,2997675.86,5113911.16,0.5861806680270918
138,Mexico,2019,Maize and products,1019.66,20.93,8.6,Maize,231,United States of America,14685321.25,16519144.38,0.8889880076222204
138,Mexico,2019,Rice and products,58.17,1.18,0.15,Rice,231,United States of America,1425309.78,1451181.46,0.982171988332872
138,Mexico,2019,Wheat and products,227.45,7.12,1.17,Wheat,231,United States of America,3873902.6,5006792.32,0.77372943641489
138,Mexico,2020,Maize and products,1022.66,20.99,8.63,Maize,231,United States of America,14699927.06,15880119.86,0.9256811151046312
138,Mexico,2020,Rice and products,65.91,1.34,0.17,Rice,231,United States of America,596520.02,1013071.91,0.5888229790124178
138,Mexico,2020,Wheat and products,225.66,7.05,1.16,Wheat,231,United States of America,3185335.59,3904347.95,0.8158431653100999
138,Mexico,2021,Maize and products,1010.91,20.78,8.54,Maize,231,United States of America,17113135.3,17566569.11,0.9741876853037924
138,Mexico,2021,Rice and products,55.96,1.14,0.14,Rice,231,United States of America,690856.89,837537.5,0.824866814918735
138,Mexico,2021,Wheat and products,235.32,7.38,1.18,Wheat,231,United States of America,4101691.97,4610258.51,0.889688064368434
138,Mexico,2022,Maize and products,1001.07,20.56,8.45,Maize,231,United States of America,15710913.92,16255847.27,0.9664777023953915
138,Mexico,2022,Rice and products,57.27,1.17,0.15,Rice,231,United States of America,451411.86,926874.54,0.4870258492589514
138,Mexico,2022,Wheat and products,246.95,7.74,1.24,Wheat,231,United States of America,3769851.13,4047301.61,0.9314480345832196
138,Mexico,2023,Maize and products,1028.93,21.13,8.68,Maize,231,United States of America,17520354.38,18500400.63,0.9470256742218452
138,Mexico,2023,Rice and products,55.0,1.12,0.14,Rice,231,United States of America,443917.18,773123.06,0.5741869606114193
138,Mexico,2023,Wheat and products,224.0,6.99,1.15,Wheat,231,United States of America,3097120.58,4085160.2,0.7581393209500082
141,Mongolia,2015,Maize and products,5.97,0.15,0.07,Maize,185,Russian Federation,1760.82,1826.07,0.9642675253413068
141,Mongolia,2015,Rice and products,91.15,1.89,0.31,Rice,41,"China, mainland",22271.2,40456.61,0.5504959510942712
141,Mongolia,2015,Wheat and products,796.56,23.7,7.61,Wheat,185,Russian Federation,38893.51,41894.33,0.9283716913482088
141,Mongolia,2016,Maize and products,18.46,0.47,0.22,Maize,185,Russian Federation,5848.61,5877.15,0.9951439047837812
141,Mongolia,2016,Rice and products,79.83,1.65,0.26,Rice,185,Russian Federation,21393.4,49151.84,0.4352512540730927
141,Mongolia,2016,Wheat and products,831.6,24.81,7.68,Wheat,185,Russian Federation,182729.2,189118.88,0.9662134208916636
141,Mongolia,2017,Maize and products,12.58,0.32,0.15,Maize,185,Russian Federation,3500.96,4073.85,0.8593738110141511
141,Mongolia,2017,Rice and products,81.56,1.69,0.27,Rice,185,Russian Federation,37477.74,64278.01,0.5830569428020562
141,Mongolia,2017,Wheat and products,740.39,21.89,7.44,Wheat,185,Russian Federation,14245.31,14332.31,0.993929799174034
141,Mongolia,2018,Maize and products,28.83,0.73,0.35,Maize,185,Russian Federation,9491.19,9548.48,0.9940000921612654
141,Mongolia,2018,Rice and products,86.66,1.8,0.3,Rice,41,"China, mainland",29164.53,82026.91,0.3555483194478495
141,Mongolia,2018,Wheat and products,829.45,24.51,8.29,Wheat,185,Russian Federation,232888.31,232922.41,0.9998535993166138
141,Mongolia,2019,Maize and products,15.27,0.39,0.18,Maize,185,Russian Federation,5082.78,5148.83,0.987171842923538
141,Mongolia,2019,Rice and products,82.93,1.7,0.24,Rice,237,Viet Nam,39999.34,85170.37,0.4696391479806885
141,Mongolia,2019,Wheat and products,730.4,21.17,8.26,Wheat,185,Russian Federation,17183.37,18112.75,0.9486891830340506
141,Mongolia,2020,Maize and products,20.6,0.52,0.25,Maize,185,Russian Federation,8196.43,8234.3,0.99540094482834
141,Mongolia,2020,Rice and products,101.05,2.07,0.3,Rice,41,"China, mainland",47689.83,108525.56,0.43943408354677
141,Mongolia,2020,Wheat and products,784.54,22.68,9.11,Wheat,185,Russian Federation,130803.73,131634.50999999998,0.9936887370948546
141,Mongolia,2021,Maize and products,22.39,0.57,0.27,Maize,185,Russian Federation,8121.74,8176.88,0.9932565966481104
141,Mongolia,2021,Rice and products,132.02,2.69,0.36,Rice,237,Viet Nam,35226.92,96896.18,0.3635532381152693
141,Mongolia,2021,Wheat and products,761.8,21.13,10.6,Wheat,185,Russian Federation,227378.03,228442.51,0.99534027182594
141,Mongolia,2022,Maize and products,0.54,0.01,0.01,Maize,108,Kazakhstan,81.65,164.8,0.4954490291262136
141,Mongolia,2022,Rice and products,136.61,2.78,0.36,Rice,41,"China, mainland",64950.0,107411.79,0.6046822234318969
141,Mongolia,2022,Wheat and products,703.47,19.81,9.49,Wheat,185,Russian Federation,3405.83,3458.94,0.9846455850636324
141,Mongolia,2023,Maize and products,0.91,0.02,0.01,Maize,185,Russian Federation,544.79,672.1399999999999,0.8105305442318566
141,Mongolia,2023,Rice and products,147.56,3.0,0.38,Rice,41,"China, mainland",99044.5,115272.12,0.8592233750884428
141,Mongolia,2023,Wheat and products,734.74,20.74,10.08,Wheat,185,Russian Federation,59442.5,59463.18,0.9996522217614328
143,Morocco,2010,Maize and products,296.4,6.13,2.52,Maize,21,Brazil,827713.0,1897367.0,0.4362429619572808
143,Morocco,2010,Rice and products,11.11,0.23,0.04,Rice,59,Egypt,19949.5,22304.5,0.8944159250375485
143,Morocco,2010,Wheat and products,1203.36,38.0,5.65,Wheat,68,France,2021614.0,3245893.0,0.6228221324609283
143,Morocco,2012,Maize and products,279.7,5.79,2.38,Maize,21,Brazil,928734.0,2025929.0,0.4584237650973948
143,Morocco,2012,Rice and products,17.9,0.37,0.06,Rice,231,United States of America,21116.3,38942.2,0.5422472279429513
143,Morocco,2012,Wheat and products,1324.02,41.82,6.17,Wheat,68,France,1175270.0,4096953.0,0.2868644087447427
143,Morocco,2013,Maize and products,310.27,6.42,2.64,Maize,21,Brazil,984260.0,1776622.0,0.5540064234260298
143,Morocco,2013,Rice and products,10.19,0.21,0.03,Rice,59,Egypt,22535.1,26578.05,0.8478838740991156
143,Morocco,2013,Wheat and products,1361.34,42.98,6.4,Wheat,68,France,997619.0,2728733.0,0.3655978800417629
143,Morocco,2014,Maize and products,281.37,5.82,2.39,Maize,9,Argentina,981698.86,2094217.64,0.4687663981285154
143,Morocco,2014,Rice and products,5.59,0.12,0.02,Rice,100,India,819.3,1835.39,0.4463901405150949
143,Morocco,2014,Wheat and products,1369.93,43.27,6.42,Wheat,68,France,2166188.7,5161036.100000001,0.419719734182832
143,Morocco,2015,Maize and products,279.93,5.79,2.38,Maize,9,Argentina,986726.35,2081345.65,0.4740809629577864
143,Morocco,2015,Rice and products,10.86,0.23,0.04,Rice,100,India,1482.09,4248.22,0.3488731751180494
143,Morocco,2015,Wheat and products,1373.84,43.39,6.44,Wheat,68,France,1147213.15,3214861.63,0.3568468201849172
143,Morocco,2016,Maize and products,284.8,5.89,2.42,Maize,9,Argentina,912975.15,2029178.68,0.4499234882558494
143,Morocco,2016,Rice and products,9.42,0.2,0.03,Rice,100,India,3159.8900000000003,7269.98,0.4346490636838065
143,Morocco,2016,Wheat and products,1429.97,45.15,6.73,Wheat,68,France,2462215.32,6288449.01,0.3915457239272422
143,Morocco,2017,Maize and products,308.31,6.38,2.62,Maize,9,Argentina,1211548.2,2380040.75,0.5090451497521629
143,Morocco,2017,Rice and products,12.62,0.26,0.04,Rice,216,Thailand,12274.03,23729.93,0.5172383567924558
143,Morocco,2017,Wheat and products,1377.86,43.49,6.5,Wheat,33,Canada,681042.4,3630348.42,0.1875969800165902
143,Morocco,2018,Maize and products,269.31,5.57,2.29,Maize,231,United States of America,925616.75,2418621.99,0.3827041818965683
143,Morocco,2018,Rice and products,13.39,0.28,0.05,Rice,216,Thailand,34141.95,82670.4,0.4129888085699355
143,Morocco,2018,Wheat and products,1374.1,43.33,6.57,Wheat,230,Ukraine,1389622.28,3851536.74,0.3607968387184591
143,Morocco,2019,Maize and products,334.95,6.93,2.85,Maize,9,Argentina,1488910.0,2731200.25,0.5451486027068136
143,Morocco,2019,Rice and products,17.68,0.37,0.06,Rice,216,Thailand,31911.72,74584.46,0.4278601735535793
143,Morocco,2019,Wheat and products,1349.73,42.53,6.48,Wheat,68,France,1591920.51,3845241.47,0.4139975401856882
143,Morocco,2020,Maize and products,344.27,7.12,2.93,Maize,9,Argentina,1577465.38,2866673.17,0.5502773725684257
143,Morocco,2020,Rice and products,22.57,0.45,0.07,Rice,216,Thailand,51765.65,129535.76,0.399624397154886
143,Morocco,2020,Wheat and products,1367.97,43.08,6.65,Wheat,68,France,1820207.08,5521968.67,0.3296300991146333
143,Morocco,2021,Maize and products,317.31,6.56,2.7,Maize,9,Argentina,1172121.84,2171867.75,0.5396837998077922
143,Morocco,2021,Rice and products,15.55,0.31,0.05,Rice,100,India,49150.12,99621.77,0.4933672629988405
143,Morocco,2021,Wheat and products,1371.05,43.15,6.71,Wheat,68,France,1094764.6700000002,4669086.0600000005,0.2344708698729789
143,Morocco,2022,Maize and products,302.43,6.26,2.57,Maize,9,Argentina,915331.0,2097014.89,0.43649237035222
143,Morocco,2022,Rice and products,25.66,0.51,0.08,Rice,100,India,51351.9,111419.98,0.4608859201015832
143,Morocco,2022,Wheat and products,1356.75,42.69,6.64,Wheat,68,France,3161148.68,6008137.07,0.5261445674707285
143,Morocco,2023,Maize and products,310.94,6.43,2.64,Maize,21,Brazil,1300250.7,2491864.05,0.5217984103105464
143,Morocco,2023,Rice and products,24.79,0.49,0.07,Rice,100,India,122686.62,168926.16,0.7262736570818871
143,Morocco,2023,Wheat and products,1361.15,42.81,6.69,Wheat,68,France,2291221.98,5872345.08,0.3901715496596804
144,Mozambique,2012,Maize and products,641.29,13.26,5.45,Maize,251,Zambia,8230.0,18825.0,0.4371845949535192
144,Mozambique,2012,Rice and products,210.07,4.29,0.59,Rice,216,Thailand,135338.0,295640.35,0.4577791901545239
144,Mozambique,2012,Wheat and products,161.62,5.07,0.85,Wheat,10,Australia,280539.0,555692.0,0.5048462097708802
144,Mozambique,2014,Maize and products,414.51,8.57,3.52,Maize,202,South Africa,137687.56,151502.46000000002,0.90881402189773
144,Mozambique,2014,Rice and products,243.3,4.96,0.65,Rice,216,Thailand,331345.7,777675.36,0.4260720051616397
144,Mozambique,2014,Wheat and products,183.71,5.72,1.03,Wheat,185,Russian Federation,57466.3,254017.78,0.2262294395297841
144,Mozambique,2015,Maize and products,420.55,8.7,3.57,Maize,202,South Africa,111870.41,119121.65,0.939127438211274
144,Mozambique,2015,Rice and products,239.36,4.88,0.64,Rice,100,India,657736.17,1474479.0100000002,0.4460803887605019
144,Mozambique,2015,Wheat and products,174.7,5.45,0.98,Wheat,225,United Arab Emirates,164186.99000000002,395424.73,0.4152167973915036
144,Mozambique,2016,Maize and products,349.97,7.24,2.97,Maize,202,South Africa,81838.91,104207.21,0.7853478660449694
144,Mozambique,2016,Rice and products,237.4,4.84,0.64,Rice,216,Thailand,497279.38,971123.51,0.5120660501772838
144,Mozambique,2016,Wheat and products,168.99,5.28,0.93,Wheat,225,United Arab Emirates,76919.66,249120.47,0.3087649120122485
144,Mozambique,2019,Maize and products,413.96,8.56,3.52,Maize,202,South Africa,163621.93,171438.09,0.9544082648144296
144,Mozambique,2019,Rice and products,246.28,5.02,0.66,Rice,216,Thailand,790913.22,1889827.96,0.4185106987198982
144,Mozambique,2019,Wheat and products,155.26,4.82,0.92,Wheat,185,Russian Federation,217316.5,678791.01,0.3201522954760405
144,Mozambique,2020,Maize and products,479.49,9.92,4.07,Maize,202,South Africa,251795.67,282922.79,0.8899801603115819
144,Mozambique,2020,Rice and products,259.41,5.29,0.69,Rice,165,Pakistan,630096.75,2110818.69,0.2985082295249148
144,Mozambique,2020,Wheat and products,167.41,5.1,1.19,Wheat,185,Russian Federation,184450.0,788681.43,0.2338713617233259
144,Mozambique,2021,Maize and products,493.91,10.21,4.2,Maize,202,South Africa,185365.41,188352.53,0.9841408023560926
144,Mozambique,2021,Rice and products,299.69,6.13,0.83,Rice,100,India,965880.56,3075723.37,0.314033625202126
144,Mozambique,2021,Wheat and products,191.57,5.8,1.44,Wheat,10,Australia,242799.3,747770.21,0.3246977437092606
144,Mozambique,2022,Maize and products,577.93,11.95,4.91,Maize,202,South Africa,150244.78,156050.97,0.9627929900083286
144,Mozambique,2022,Rice and products,262.63,5.36,0.71,Rice,100,India,957977.57,2584952.22,0.3705977861362559
144,Mozambique,2022,Wheat and products,149.12,4.44,1.26,Wheat,10,Australia,171244.48,610659.55,0.2804254514647318
144,Mozambique,2023,Maize and products,524.92,10.86,4.46,Maize,202,South Africa,167450.63,172239.63,0.9721957136113216
144,Mozambique,2023,Rice and products,252.99,5.16,0.68,Rice,100,India,736881.69,1409574.1,0.5227690335683665
144,Mozambique,2023,Wheat and products,164.74,4.98,1.25,Wheat,185,Russian Federation,278060.04,761907.35,0.3649525628017632
146,Republic of Moldova,2010,Maize and products,103.19,2.02,0.83,Maize,230,Ukraine,391.0,686.0,0.5699708454810496
146,Republic of Moldova,2010,Rice and products,37.96,0.78,0.11,Rice,185,Russian Federation,4689.0,23038.05,0.2035328510876571
146,Republic of Moldova,2010,Wheat and products,638.21,20.33,6.2,Wheat,230,Ukraine,37261.0,44754.0,0.832573624703937
146,Republic of Moldova,2011,Maize and products,99.13,1.95,0.8,Maize,9,Argentina,255.0,830.0,0.3072289156626506
146,Republic of Moldova,2011,Rice and products,30.53,0.62,0.08,Rice,185,Russian Federation,7557.0,18575.25,0.4068316711753543
146,Republic of Moldova,2011,Wheat and products,643.84,20.63,6.08,Wheat,230,Ukraine,48332.0,63936.0,0.7559434434434434
146,Republic of Moldova,2012,Maize and products,86.88,1.69,0.7,Maize,97,Hungary,600.0,1476.0,0.4065040650406504
146,Republic of Moldova,2012,Rice and products,34.05,0.69,0.09,Rice,230,Ukraine,11441.0,19900.85,0.5749000670825618
146,Republic of Moldova,2012,Wheat and products,641.59,20.68,5.84,Wheat,230,Ukraine,52282.0,67158.0,0.7784925101998272
146,Republic of Moldova,2013,Maize and products,94.36,1.83,0.75,Maize,183,Romania,529.0,1410.0,0.375177304964539
146,Republic of Moldova,2013,Rice and products,33.02,0.67,0.09,Rice,230,Ukraine,7219.0,19321.3,0.3736291036317432
146,Republic of Moldova,2013,Wheat and products,632.77,20.38,6.06,Wheat,230,Ukraine,41157.0,45495.0,0.904648862512364
146,Republic of Moldova,2014,Maize and products,85.47,1.66,0.68,Maize,183,Romania,985.72,1719.61,0.5732229982379726
146,Republic of Moldova,2014,Rice and products,33.25,0.68,0.09,Rice,100,India,7446.719999999999,18789.77,0.3963177835598839
146,Republic of Moldova,2014,Wheat and products,604.38,19.52,5.86,Wheat,230,Ukraine,32162.18,36611.310000000005,0.8784766237536978
146,Republic of Moldova,2015,Maize and products,102.57,1.99,0.82,Maize,183,Romania,801.93,2030.9,0.3948643458565168
146,Republic of Moldova,2015,Rice and products,32.82,0.67,0.09,Rice,100,India,9637.05,18033.7,0.5343911676472383
146,Republic of Moldova,2015,Wheat and products,623.85,20.14,6.08,Wheat,230,Ukraine,31421.82,36575.39,0.8590973329334287
146,Republic of Moldova,2016,Maize and products,121.28,2.37,0.97,Maize,183,Romania,1187.32,3081.3,0.3853308668419173
146,Republic of Moldova,2016,Rice and products,30.02,0.61,0.08,Rice,185,Russian Federation,6036.950000000001,16194.740000000002,0.3727722705026447
146,Republic of Moldova,2016,Wheat and products,620.24,19.97,6.13,Wheat,230,Ukraine,28912.22,33868.05,0.8536724139712799
146,Republic of Moldova,2017,Maize and products,135.92,2.65,1.09,Maize,183,Romania,1017.92,2479.89,0.4104698192258527
146,Republic of Moldova,2017,Rice and products,31.95,0.65,0.08,Rice,185,Russian Federation,5393.69,16974.09,0.3177601862603532
146,Republic of Moldova,2017,Wheat and products,636.95,20.42,6.44,Wheat,230,Ukraine,36517.94,41094.530000000006,0.8886326233686088
146,Republic of Moldova,2018,Maize and products,113.73,2.22,0.91,Maize,272,Serbia,3047.16,6033.26,0.5050602825006713
146,Republic of Moldova,2018,Rice and products,32.26,0.66,0.08,Rice,185,Russian Federation,4561.63,17083.11,0.2670257347754595
146,Republic of Moldova,2018,Wheat and products,656.54,20.94,6.73,Wheat,230,Ukraine,34153.98,43041.75000000001,0.793508163585356
146,Republic of Moldova,2019,Maize and products,111.07,2.16,0.89,Maize,183,Romania,1704.28,3728.89,0.457047539616347
146,Republic of Moldova,2019,Rice and products,35.39,0.72,0.09,Rice,41,"China, mainland",8314.16,18469.49,0.4501564472002205
146,Republic of Moldova,2019,Wheat and products,676.12,21.48,7.1,Wheat,230,Ukraine,28980.97,34261.91,0.845865569082401
146,Republic of Moldova,2020,Maize and products,118.32,2.31,0.95,Maize,183,Romania,15025.72,33767.48,0.4449760538837959
146,Republic of Moldova,2020,Rice and products,35.94,0.73,0.09,Rice,41,"China, mainland",7898.34,18226.44,0.4333451842488166
146,Republic of Moldova,2020,Wheat and products,691.69,22.01,6.92,Wheat,230,Ukraine,31594.74,38976.52,0.8106095669905882
146,Republic of Moldova,2021,Maize and products,119.4,2.33,0.96,Maize,272,Serbia,2059.59,7181.32,0.2867982487899161
146,Republic of Moldova,2021,Rice and products,34.39,0.7,0.09,Rice,41,"China, mainland",5176.46,17423.42,0.2970978143211838
146,Republic of Moldova,2021,Wheat and products,741.89,23.36,7.88,Wheat,230,Ukraine,14063.48,24665.14,0.5701763703753556
146,Republic of Moldova,2022,Maize and products,59.86,1.15,0.47,Maize,230,Ukraine,73643.99,78684.0,0.9359461898225816
146,Republic of Moldova,2022,Rice and products,37.93,0.77,0.1,Rice,27,Bulgaria,5144.38,19708.45,0.2610240785043978
146,Republic of Moldova,2022,Wheat and products,790.83,24.83,7.87,Wheat,230,Ukraine,47624.71,55106.89,0.8642242376588481
146,Republic of Moldova,2023,Maize and products,112.25,2.2,0.9,Maize,230,Ukraine,28728.59,32036.89,0.896734670562592
146,Republic of Moldova,2023,Rice and products,30.5,0.62,0.08,Rice,100,India,6559.76,16340.79,0.4014346919579775
146,Republic of Moldova,2023,Wheat and products,800.0,25.03,8.22,Wheat,230,Ukraine,29947.72,34395.700000000004,0.8706820910753378
147,Namibia,2012,Maize and products,388.68,8.13,3.27,Maize,202,South Africa,37649.0,70097.0,0.5370985919511534
147,Namibia,2012,Rice and products,56.6,1.14,0.15,Rice,100,India,12012.0,23250.6,0.5166318288560295
147,Namibia,2012,Wheat and products,352.88,10.8,2.88,Wheat,229,United Kingdom of Great Britain and Northern Ireland,26528.0,64072.0,0.4140342115120489
147,Namibia,2013,Maize and products,378.34,7.92,3.19,Maize,202,South Africa,164779.0,166936.0,0.987078880529065
147,Namibia,2013,Rice and products,63.31,1.28,0.18,Rice,100,India,13982.9,26843.7,0.5209006210023208
147,Namibia,2013,Wheat and products,381.88,11.88,2.92,Wheat,202,South Africa,29369.0,80639.0,0.3642034251416808
147,Namibia,2014,Maize and products,367.06,7.67,3.1,Maize,202,South Africa,103672.93,104307.78,0.9939136850578164
147,Namibia,2014,Rice and products,52.31,1.05,0.14,Rice,100,India,16033.68,26288.7,0.6099076789647263
147,Namibia,2014,Wheat and products,396.17,12.37,3.01,Wheat,79,Germany,49230.43,95005.57,0.5181846706461526
147,Namibia,2015,Maize and products,397.94,8.31,3.36,Maize,202,South Africa,130097.77,140653.12,0.924954739717114
147,Namibia,2015,Rice and products,55.5,1.11,0.15,Rice,100,India,19109.08,31295.610000000004,0.6105993779958275
147,Namibia,2015,Wheat and products,412.68,12.79,3.36,Wheat,231,United States of America,30429.46,102817.98,0.2959546569578589
147,Namibia,2016,Maize and products,419.37,8.77,3.54,Maize,202,South Africa,90556.01,159752.03,0.5668535792628112
147,Namibia,2016,Rice and products,54.36,1.09,0.15,Rice,100,India,18803.0,31109.97,0.6044043115438555
147,Namibia,2016,Wheat and products,419.65,12.94,3.48,Wheat,79,Germany,47818.68,106827.37,0.4476257348655124
147,Namibia,2017,Maize and products,418.15,8.74,3.53,Maize,202,South Africa,76826.66,85932.13,0.8940388187747703
147,Namibia,2017,Rice and products,52.7,1.06,0.14,Rice,100,India,19726.75,38076.3,0.5180847403765596
147,Namibia,2017,Wheat and products,390.28,12.0,3.33,Wheat,79,Germany,25215.25,104287.24,0.2417865311230789
147,Namibia,2018,Maize and products,424.45,8.95,3.56,Maize,202,South Africa,91376.32,92696.87,0.9857541036714618
147,Namibia,2018,Rice and products,61.15,1.22,0.17,Rice,100,India,12280.259999999998,24908.74,0.4930100840106725
147,Namibia,2018,Wheat and products,408.57,12.68,3.18,Wheat,185,Russian Federation,48484.42,116008.75,0.417937612464577
147,Namibia,2019,Maize and products,432.54,9.12,3.62,Maize,202,South Africa,181896.92,183781.97000000003,0.9897430090666672
147,Namibia,2019,Rice and products,57.59,1.14,0.17,Rice,100,India,12095.75,26866.7,0.4502134612736212
147,Namibia,2019,Wheat and products,435.8,13.52,3.4,Wheat,185,Russian Federation,60262.93,125496.09,0.4801976699035006
147,Namibia,2020,Maize and products,378.83,7.96,3.18,Maize,202,South Africa,130246.3,131753.97,0.9885569292523028
147,Namibia,2020,Rice and products,50.7,1.02,0.14,Rice,100,India,17395.199999999997,27648.49,0.6291555162687004
147,Namibia,2020,Wheat and products,443.06,13.63,3.62,Wheat,185,Russian Federation,81934.39,125265.43,0.6540862071842167
147,Namibia,2021,Maize and products,358.04,7.54,3.0,Maize,202,South Africa,136647.55,143336.57,0.9533334723999604
147,Namibia,2021,Rice and products,53.72,1.07,0.15,Rice,100,India,16115.32,26339.76,0.611824860970639
147,Namibia,2021,Wheat and products,484.83,14.97,3.78,Wheat,185,Russian Federation,91652.17,129656.37,0.7068852074140284
147,Namibia,2022,Maize and products,473.72,9.89,4.0,Maize,202,South Africa,121371.98,128189.55,0.9468164916719032
147,Namibia,2022,Rice and products,63.61,1.26,0.18,Rice,202,South Africa,15591.69,32066.800000000003,0.4862253171504484
147,Namibia,2022,Wheat and products,423.46,12.96,3.42,Wheat,202,South Africa,54656.15,115058.98,0.4750272425498644
147,Namibia,2023,Maize and products,537.12,11.21,4.53,Maize,202,South Africa,167948.86,168154.50999999998,0.998777017636934
147,Namibia,2023,Rice and products,75.74,1.51,0.21,Rice,100,India,26839.37,43642.64,0.6149804411465484
147,Namibia,2023,Wheat and products,455.42,14.05,3.63,Wheat,173,Poland,61150.75,137553.5,0.4445597531142428
149,Nepal,2010,Maize and products,293.57,5.97,2.45,Maize,100,India,141817.0,141992.0,0.9987675361992224
149,Nepal,2010,Rice and products,811.51,16.51,2.09,Rice,100,India,166339.05,177249.55,0.938445541892772
149,Nepal,2010,Wheat and products,353.87,11.19,1.95,Wheat,100,India,996.0,1491.0,0.6680080482897385
149,Nepal,2011,Maize and products,294.02,5.98,2.46,Maize,100,India,189227.0,194746.0,0.9716605219105912
149,Nepal,2011,Rice and products,815.11,16.58,2.1,Rice,100,India,252391.05,268964.3,0.938381227545812
149,Nepal,2011,Wheat and products,367.74,11.63,2.05,Wheat,100,India,11837.0,11983.0,0.9878160727697572
149,Nepal,2012,Maize and products,292.08,5.94,2.44,Maize,100,India,218846.0,221047.0,0.9900428415676304
149,Nepal,2012,Rice and products,811.25,16.51,2.1,Rice,100,India,552085.65,567549.9,0.9727526161135788
149,Nepal,2012,Wheat and products,370.12,11.69,2.06,Wheat,100,India,8442.0,8563.0,0.9858694382809764
149,Nepal,2013,Maize and products,297.01,6.03,2.48,Maize,100,India,167974.0,171096.0,0.9817529340253424
149,Nepal,2013,Rice and products,811.2,16.5,2.09,Rice,100,India,521613.35,521811.1,0.9996210314422213
149,Nepal,2013,Wheat and products,372.13,11.76,2.08,Wheat,100,India,85148.0,85197.0,0.9994248623777832
149,Nepal,2014,Maize and products,300.04,6.08,2.5,Maize,100,India,302488.4,306652.88,0.9864195633838496
149,Nepal,2014,Rice and products,822.45,16.73,2.12,Rice,100,India,866528.54,867273.52,0.9991410091709017
149,Nepal,2014,Wheat and products,390.83,12.36,2.19,Wheat,100,India,154307.5,154343.18,0.9997688268441792
149,Nepal,2015,Maize and products,298.55,6.05,2.49,Maize,100,India,276989.08,281120.57,0.9853034945112698
149,Nepal,2015,Rice and products,826.3,16.81,2.14,Rice,100,India,862228.0800000001,865131.7300000001,0.9966436903198544
149,Nepal,2015,Wheat and products,389.32,12.3,2.22,Wheat,100,India,104343.95,104361.26,0.999834133853884
149,Nepal,2016,Maize and products,300.91,6.1,2.51,Maize,100,India,407070.53,411677.03,0.9888104031453976
149,Nepal,2016,Rice and products,833.22,16.96,2.16,Rice,100,India,956304.67,976305.0,0.9795142604001824
149,Nepal,2016,Wheat and products,391.34,12.35,2.23,Wheat,100,India,213849.06,220820.88,0.968427713900968
149,Nepal,2017,Maize and products,303.96,6.16,2.53,Maize,100,India,478226.9,483639.81000000006,0.9888079726108568
149,Nepal,2017,Rice and products,845.31,17.2,2.18,Rice,100,India,990979.85,992129.15,0.9988415822677924
149,Nepal,2017,Wheat and products,397.72,12.57,2.24,Wheat,100,India,197823.13,199808.21,0.990065072901659
149,Nepal,2018,Maize and products,306.79,6.21,2.55,Maize,100,India,468962.38,473583.63,0.9902419557871964
149,Nepal,2018,Rice and products,861.65,17.53,2.22,Rice,100,India,1266325.86,1287761.8,0.9833541109854322
149,Nepal,2018,Wheat and products,401.06,12.71,2.18,Wheat,100,India,128054.44,128081.08,0.999792006750724
149,Nepal,2019,Maize and products,307.15,6.22,2.56,Maize,100,India,314361.4,401318.76000000007,0.7833209690969841
149,Nepal,2019,Rice and products,857.76,17.45,2.21,Rice,100,India,1010861.89,1023101.45,0.9880368071025606
149,Nepal,2019,Wheat and products,405.93,12.85,2.25,Wheat,100,India,199031.67,201075.78,0.9898341311917328
149,Nepal,2020,Maize and products,299.97,6.2,2.55,Maize,100,India,518460.9,568258.08,0.9123687251398168
149,Nepal,2020,Rice and products,841.75,17.12,2.17,Rice,100,India,1407671.62,1410245.6,0.998174800190832
149,Nepal,2020,Wheat and products,426.59,13.5,2.36,Wheat,100,India,373396.36,373928.85,0.9985759590360572
149,Nepal,2021,Maize and products,309.86,6.41,2.63,Maize,100,India,565143.1,584503.63,0.9668769721755192
149,Nepal,2021,Rice and products,859.66,17.49,2.22,Rice,100,India,1630689.78,1637108.01,0.9960795317347448
149,Nepal,2021,Wheat and products,421.22,13.33,2.32,Wheat,100,India,265628.26,265654.43,0.9999014885616628
149,Nepal,2022,Maize and products,322.06,6.66,2.74,Maize,100,India,415751.05,419879.98,0.9901664042186532
149,Nepal,2022,Rice and products,863.58,17.57,2.23,Rice,100,India,1097947.05,1104145.9500000002,0.9943857965516242
149,Nepal,2022,Wheat and products,415.25,13.17,2.25,Wheat,100,India,91777.42,91804.77,0.9997020851966624
150,Netherlands (Kingdom of the),2010,Maize and products,14.99,0.31,0.13,Maize,68,France,1616067.0,2911583.0,0.5550475463004146
150,Netherlands (Kingdom of the),2010,Rice and products,24.67,0.5,0.07,Rice,106,Italy,46828.4,232846.9,0.2011124047603812
150,Netherlands (Kingdom of the),2010,Wheat and products,559.36,17.69,2.8,Wheat,68,France,2649704.0,5741881.0,0.4614696821477143
150,Netherlands (Kingdom of the),2011,Maize and products,14.92,0.31,0.13,Maize,68,France,1126832.0,3482565.0,0.3235638100078534
150,Netherlands (Kingdom of the),2011,Rice and products,28.78,0.57,0.08,Rice,216,Thailand,52968.75,241956.05,0.2189188904348537
150,Netherlands (Kingdom of the),2011,Wheat and products,551.56,17.46,2.8,Wheat,68,France,1388639.0,4424323.0,0.3138647426962272
150,Netherlands (Kingdom of the),2012,Maize and products,15.15,0.31,0.13,Maize,68,France,1250186.0,4027713.0,0.3103959989204792
150,Netherlands (Kingdom of the),2012,Rice and products,26.75,0.53,0.07,Rice,100,India,55146.0,311176.5,0.1772177526259213
150,Netherlands (Kingdom of the),2012,Wheat and products,546.56,17.19,2.93,Wheat,68,France,1565670.0,4224686.0,0.3706003239057293
150,Netherlands (Kingdom of the),2013,Maize and products,15.11,0.31,0.13,Maize,68,France,1361393.0,4263149.0,0.3193397650422258
150,Netherlands (Kingdom of the),2013,Rice and products,27.1,0.54,0.07,Rice,115,Cambodia,64436.0,312026.1,0.2065083658065784
150,Netherlands (Kingdom of the),2013,Wheat and products,540.79,16.94,2.98,Wheat,68,France,1687134.0,3982624.0,0.4236237214459613
150,Netherlands (Kingdom of the),2014,Maize and products,18.39,0.38,0.16,Maize,230,Ukraine,1529954.6,5263336.97,0.2906814837659919
150,Netherlands (Kingdom of the),2014,Rice and products,26.15,0.52,0.07,Rice,115,Cambodia,71241.7,332581.19,0.2142084463646305
150,Netherlands (Kingdom of the),2014,Wheat and products,547.41,16.71,4.01,Wheat,68,France,2008333.0,4588788.63,0.4376608211740622
150,Netherlands (Kingdom of the),2015,Maize and products,16.57,0.34,0.14,Maize,230,Ukraine,1625630.86,4674228.44,0.3477859246434263
150,Netherlands (Kingdom of the),2015,Rice and products,30.9,0.61,0.09,Rice,115,Cambodia,71386.1,341319.68,0.2091473307369795
150,Netherlands (Kingdom of the),2015,Wheat and products,529.07,16.52,3.08,Wheat,68,France,2552711.6,6140834.17,0.4156945993544066
150,Netherlands (Kingdom of the),2016,Maize and products,15.51,0.32,0.13,Maize,230,Ukraine,1083652.16,4209749.21,0.2574148971691356
150,Netherlands (Kingdom of the),2016,Rice and products,31.89,0.62,0.09,Rice,100,India,72195.94,399642.9,0.180651126292998
150,Netherlands (Kingdom of the),2016,Wheat and products,516.7,16.27,2.73,Wheat,68,France,1920599.69,5269522.05,0.3644732239046234
150,Netherlands (Kingdom of the),2017,Maize and products,17.94,0.37,0.15,Maize,230,Ukraine,2582166.34,5200616.3,0.4965116038266464
150,Netherlands (Kingdom of the),2017,Rice and products,33.89,0.66,0.1,Rice,100,India,100133.83,457237.86,0.2189972413920404
150,Netherlands (Kingdom of the),2017,Wheat and products,558.25,17.4,2.99,Wheat,79,Germany,1798618.0,5863553.96,0.3067453650584295
150,Netherlands (Kingdom of the),2018,Maize and products,20.08,0.42,0.17,Maize,230,Ukraine,3072548.34,6033770.22,0.5092252817012313
150,Netherlands (Kingdom of the),2018,Rice and products,35.63,0.69,0.11,Rice,115,Cambodia,56940.17,446780.69,0.1274454587551668
150,Netherlands (Kingdom of the),2018,Wheat and products,583.53,18.16,3.22,Wheat,68,France,2820045.78,6270636.27,0.4497224298420358
150,Netherlands (Kingdom of the),2019,Maize and products,20.6,0.43,0.18,Maize,230,Ukraine,4118707.72,6383336.44,0.6452280494242602
150,Netherlands (Kingdom of the),2019,Rice and products,30.4,0.6,0.09,Rice,165,Pakistan,75802.28,516414.33,0.1467857795503079
150,Netherlands (Kingdom of the),2019,Wheat and products,615.8,19.18,3.37,Wheat,68,France,2749997.42,5991552.41,0.4589791145630653
150,Netherlands (Kingdom of the),2020,Maize and products,20.13,0.42,0.17,Maize,230,Ukraine,3027455.02,5945755.99,0.5091791565432203
150,Netherlands (Kingdom of the),2020,Rice and products,31.98,0.62,0.09,Rice,100,India,111257.92,570593.9500000001,0.1949861543397016
150,Netherlands (Kingdom of the),2020,Wheat and products,576.51,17.92,3.19,Wheat,68,France,1918086.33,5052265.31,0.3796487738289421
150,Netherlands (Kingdom of the),2021,Maize and products,18.86,0.39,0.16,Maize,230,Ukraine,2282852.02,5152924.04,0.443020700922267
150,Netherlands (Kingdom of the),2021,Rice and products,34.83,0.69,0.1,Rice,165,Pakistan,93030.39,572566.93,0.162479502614655
150,Netherlands (Kingdom of the),2021,Wheat and products,557.74,17.42,2.93,Wheat,68,France,2296907.96,5673862.21,0.4048226543027029
150,Netherlands (Kingdom of the),2022,Maize and products,19.01,0.39,0.16,Maize,230,Ukraine,1619396.15,5268696.37,0.3073618284820614
150,Netherlands (Kingdom of the),2022,Rice and products,21.27,0.43,0.06,Rice,100,India,113589.82,750150.1900000001,0.1514227704188143
150,Netherlands (Kingdom of the),2022,Wheat and products,542.36,16.7,3.32,Wheat,68,France,2095110.45,4702154.26,0.4455639551901898
150,Netherlands (Kingdom of the),2023,Maize and products,20.07,0.41,0.17,Maize,230,Ukraine,1583700.95,5426574.53,0.2918417394333659
150,Netherlands (Kingdom of the),2023,Rice and products,15.92,0.32,0.04,Rice,100,India,154839.07,660213.36,0.2345288347391213
150,Netherlands (Kingdom of the),2023,Wheat and products,511.54,15.87,2.72,Wheat,79,Germany,1910822.19,4758127.19,0.4015912382535532
153,New Caledonia,2010,Maize and products,9.85,0.22,0.08,Maize,156,New Zealand,1443.0,1813.0,0.7959183673469388
153,New Caledonia,2010,Rice and products,201.46,4.38,1.12,Rice,216,Thailand,8572.4,11960.8,0.7167079125142131
153,New Caledonia,2010,Wheat and products,561.04,15.27,8.11,Wheat,10,Australia,31200.0,32574.0,0.957819119543194
153,New Caledonia,2011,Maize and products,9.15,0.21,0.07,Maize,156,New Zealand,3150.0,3510.0,0.8974358974358975
153,New Caledonia,2011,Rice and products,194.19,4.24,1.11,Rice,216,Thailand,7779.7,11657.3,0.667367229118235
153,New Caledonia,2011,Wheat and products,571.09,15.63,8.12,Wheat,10,Australia,32594.0,34085.0,0.9562564177790815
153,New Caledonia,2012,Maize and products,9.66,0.22,0.07,Maize,156,New Zealand,3255.0,3409.0,0.9548254620123204
153,New Caledonia,2012,Rice and products,183.01,4.01,1.08,Rice,216,Thailand,7803.2,11462.3,0.6807708749552882
153,New Caledonia,2012,Wheat and products,570.01,15.94,8.08,Wheat,10,Australia,29964.0,31518.0,0.9506948410432134
153,New Caledonia,2013,Maize and products,8.96,0.21,0.07,Maize,156,New Zealand,2236.0,2798.0,0.7991422444603288
153,New Caledonia,2013,Rice and products,192.82,4.21,1.1,Rice,216,Thailand,6423.3,12494.25,0.5141004862236629
153,New Caledonia,2013,Wheat and products,632.83,17.77,8.28,Wheat,10,Australia,31575.0,33063.0,0.954995009527266
153,New Caledonia,2014,Maize and products,10.54,0.25,0.08,Maize,156,New Zealand,3773.84,4483.53,0.8417117762120473
153,New Caledonia,2014,Rice and products,184.73,4.03,1.09,Rice,216,Thailand,6132.58,10805.5,0.5675424552311323
153,New Caledonia,2014,Wheat and products,668.96,18.83,8.43,Wheat,10,Australia,28562.73,30265.07,0.9437523190926042
153,New Caledonia,2015,Maize and products,11.0,0.26,0.08,Maize,156,New Zealand,3286.84,3311.04,0.9926911181985116
153,New Caledonia,2015,Rice and products,181.32,3.96,1.06,Rice,216,Thailand,6398.46,6905.58,0.9265637354139696
153,New Caledonia,2015,Wheat and products,690.53,19.47,8.51,Wheat,10,Australia,26268.75,27794.45,0.9451077463306524
154,North Macedonia,2010,Maize and products,197.72,4.09,1.68,Maize,272,Serbia,45469.0,47961.0,0.9480411167406853
154,North Macedonia,2010,Rice and products,23.89,0.49,0.07,Rice,203,Spain,24.0,101.0,0.2376237623762376
154,North Macedonia,2010,Wheat and products,725.4,22.65,4.05,Wheat,272,Serbia,72936.0,99080.0,0.7361324182478804
154,North Macedonia,2011,Maize and products,200.73,4.15,1.71,Maize,272,Serbia,58844.0,62989.0,0.9341948594198988
154,North Macedonia,2011,Rice and products,27.42,0.56,0.09,Rice,98,Croatia,86.0,196.2,0.4383282364933741
154,North Macedonia,2011,Wheat and products,737.25,22.99,4.18,Wheat,272,Serbia,78424.0,105587.0,0.7427429513102939
154,North Macedonia,2012,Maize and products,203.55,4.21,1.73,Maize,272,Serbia,57079.0,63229.0,0.9027345047367504
154,North Macedonia,2012,Rice and products,23.22,0.48,0.08,Rice,106,Italy,38.05,120.65,0.3153750518027352
154,North Macedonia,2012,Wheat and products,741.59,23.17,4.12,Wheat,272,Serbia,92363.0,163160.0,0.5660885020838441
154,North Macedonia,2013,Maize and products,206.93,4.28,1.76,Maize,272,Serbia,42721.0,49359.0,0.865515914017707
154,North Macedonia,2013,Rice and products,28.64,0.59,0.11,Rice,27,Bulgaria,79.2,240.75,0.3289719626168224
154,North Macedonia,2013,Wheat and products,749.16,23.4,4.11,Wheat,272,Serbia,90625.0,106499.0,0.8509469572484248
154,North Macedonia,2014,Maize and products,210.98,4.36,1.79,Maize,272,Serbia,46279.73,47851.72,0.9671487252704816
154,North Macedonia,2014,Rice and products,33.76,0.69,0.13,Rice,84,Greece,406.98,1046.53,0.3888851729047424
154,North Macedonia,2014,Wheat and products,749.58,23.47,4.11,Wheat,272,Serbia,101859.19,129205.42,0.7883507518492645
154,North Macedonia,2015,Maize and products,226.45,4.68,1.92,Maize,272,Serbia,55993.81,56880.36,0.9844137765654084
154,North Macedonia,2015,Rice and products,33.28,0.68,0.12,Rice,272,Serbia,117.98,416.5,0.283265306122449
154,North Macedonia,2015,Wheat and products,739.03,23.17,3.99,Wheat,272,Serbia,119189.51,145695.52000000002,0.8180725804060411
154,North Macedonia,2016,Maize and products,227.63,4.71,1.93,Maize,272,Serbia,51947.35,52729.12,0.9851738470128082
154,North Macedonia,2016,Rice and products,27.04,0.55,0.09,Rice,106,Italy,138.07,329.78,0.4186730547637819
154,North Macedonia,2016,Wheat and products,743.64,23.32,3.99,Wheat,272,Serbia,113017.06,130568.46,0.865577031390276
154,North Macedonia,2017,Maize and products,226.19,4.68,1.92,Maize,272,Serbia,40310.87,59954.92,0.6723529945499053
154,North Macedonia,2017,Rice and products,23.81,0.48,0.07,Rice,3,Albania,187.82,414.86,0.4527310417972328
154,North Macedonia,2017,Wheat and products,750.47,23.5,4.11,Wheat,272,Serbia,113871.92,141343.97,0.8056369153915798
154,North Macedonia,2018,Maize and products,225.33,4.66,1.91,Maize,272,Serbia,44876.16,51641.52,0.8689937863951332
154,North Macedonia,2018,Rice and products,24.86,0.5,0.07,Rice,216,Thailand,99.4,373.57,0.2660813234467436
154,North Macedonia,2018,Wheat and products,733.01,22.98,3.96,Wheat,272,Serbia,123856.86,136630.33,0.9065107286207976
154,North Macedonia,2019,Maize and products,62.1,1.28,0.53,Maize,272,Serbia,39455.97,41171.23,0.958338383380822
154,North Macedonia,2019,Rice and products,25.24,0.51,0.07,Rice,84,Greece,604.83,897.96,0.6735600694908459
154,North Macedonia,2019,Wheat and products,772.33,23.97,4.65,Wheat,272,Serbia,132817.13,156232.31,0.8501258798516134
154,North Macedonia,2020,Maize and products,80.24,1.66,0.68,Maize,272,Serbia,59350.0,60801.9,0.9761208120140982
154,North Macedonia,2020,Rice and products,24.0,0.49,0.07,Rice,84,Greece,292.82,409.2,0.7155913978494624
154,North Macedonia,2020,Wheat and products,760.83,23.63,4.6,Wheat,272,Serbia,118334.03,138264.21,0.8558543819835951
154,North Macedonia,2021,Maize and products,106.82,2.21,0.91,Maize,272,Serbia,54201.04,55254.05,0.9809423924581092
154,North Macedonia,2021,Rice and products,17.39,0.35,0.05,Rice,106,Italy,221.55,514.03,0.4310059724140614
154,North Macedonia,2021,Wheat and products,761.8,23.52,4.87,Wheat,272,Serbia,100208.17,116172.38,0.8625817083199983
154,North Macedonia,2022,Maize and products,104.41,2.16,0.89,Maize,272,Serbia,39070.69,40095.420000000006,0.9744427168988378
154,North Macedonia,2022,Rice and products,7.3,0.15,0.02,Rice,106,Italy,177.03,367.72,0.4814260850647231
154,North Macedonia,2022,Wheat and products,787.13,24.0,5.44,Wheat,272,Serbia,130104.42,139290.49,0.9340509894106912
154,North Macedonia,2023,Maize and products,100.71,2.08,0.86,Maize,272,Serbia,39853.73,40751.27,0.9779751649457796
154,North Macedonia,2023,Rice and products,23.61,0.49,0.1,Rice,106,Italy,192.42,527.35,0.3648810088176732
154,North Macedonia,2023,Wheat and products,774.45,23.74,5.11,Wheat,272,Serbia,125950.03,132808.14,0.9483607706575816
155,Vanuatu,2010,Maize and products,5.68,0.14,0.04,Maize,41,"China, mainland",102.0,108.0,0.9444444444444444
155,Vanuatu,2010,Rice and products,466.03,9.54,1.26,Rice,41,"China, mainland",10065.35,20729.0,0.4855685271841382
155,Vanuatu,2010,Wheat and products,290.67,7.84,4.35,Wheat,66,Fiji,3010.0,5545.0,0.5428313796212805
155,Vanuatu,2011,Maize and products,7.56,0.2,0.05,Maize,10,Australia,4.0,8.0,0.5
155,Vanuatu,2011,Rice and products,444.06,9.12,1.24,Rice,10,Australia,10263.85,20319.95,0.5051119712400867
155,Vanuatu,2011,Wheat and products,303.76,7.85,5.32,Wheat,66,Fiji,2744.0,4925.0,0.5571573604060913
156,New Zealand,2010,Maize and products,34.73,0.75,0.29,Maize,231,United States of America,354.0,581.0,0.6092943201376936
156,New Zealand,2010,Rice and products,90.14,1.84,0.24,Rice,216,Thailand,34289.7,84753.55,0.4045812830259027
156,New Zealand,2010,Wheat and products,605.21,18.71,3.58,Wheat,10,Australia,298904.0,304664.0,0.9810939264238636
156,New Zealand,2011,Maize and products,38.42,0.82,0.32,Maize,10,Australia,5564.0,5883.0,0.9457759646438892
156,New Zealand,2011,Rice and products,64.75,1.32,0.18,Rice,216,Thailand,22012.6,60276.7,0.3651925204929931
156,New Zealand,2011,Wheat and products,529.41,16.16,3.54,Wheat,10,Australia,315013.0,317359.0,0.9926077407604637
156,New Zealand,2012,Maize and products,38.78,0.82,0.32,Maize,9,Argentina,180.0,488.0,0.3688524590163934
156,New Zealand,2012,Rice and products,84.43,1.72,0.23,Rice,10,Australia,27658.0,78587.7,0.3519380259251766
156,New Zealand,2012,Wheat and products,633.68,19.3,4.4,Wheat,10,Australia,464293.0,467454.0,0.9932378373059167
156,New Zealand,2013,Maize and products,37.29,0.79,0.31,Maize,10,Australia,478.0,870.0,0.5494252873563218
156,New Zealand,2013,Rice and products,87.27,1.78,0.24,Rice,10,Australia,31293.6,81808.4,0.3825230660910126
156,New Zealand,2013,Wheat and products,626.27,19.08,4.32,Wheat,10,Australia,426808.0,430111.0,0.99232058701126
156,New Zealand,2014,Maize and products,44.05,0.94,0.37,Maize,231,United States of America,85625.99,114768.79,0.746073823728559
156,New Zealand,2014,Rice and products,95.44,1.95,0.26,Rice,10,Australia,33040.850000000006,90271.98,0.3660144598578651
156,New Zealand,2014,Wheat and products,665.24,20.12,4.91,Wheat,10,Australia,518803.34,522534.95,0.9928586403646302
156,New Zealand,2015,Maize and products,46.25,0.99,0.38,Maize,231,United States of America,109229.06,200621.84,0.5444524883233052
156,New Zealand,2015,Rice and products,92.61,1.89,0.26,Rice,10,Australia,31561.53,89785.56999999999,0.3515211854198843
156,New Zealand,2015,Wheat and products,681.88,20.73,4.9,Wheat,10,Australia,504488.59,510261.15,0.9886870477989556
156,New Zealand,2016,Maize and products,42.77,0.91,0.36,Maize,231,United States of America,32071.85,60353.09,0.5314036116460648
156,New Zealand,2016,Rice and products,92.79,1.89,0.26,Rice,10,Australia,34681.5,91876.16,0.3774809482677552
156,New Zealand,2016,Wheat and products,680.86,20.7,4.85,Wheat,10,Australia,420229.13,427306.09,0.9834381953227016
156,New Zealand,2017,Maize and products,40.49,0.85,0.34,Maize,183,Romania,33781.3,39876.29,0.84715253099022
156,New Zealand,2017,Rice and products,94.83,1.94,0.26,Rice,10,Australia,32260.34,94323.39,0.3420184537472625
156,New Zealand,2017,Wheat and products,691.85,20.85,5.32,Wheat,10,Australia,579313.02,617292.93,0.938473440802246
156,New Zealand,2018,Maize and products,44.04,0.93,0.37,Maize,183,Romania,68585.6,115850.72000000002,0.5920170370973956
156,New Zealand,2018,Rice and products,97.87,2.0,0.26,Rice,10,Australia,35556.22,101647.89,0.3497979151362611
156,New Zealand,2018,Wheat and products,674.28,20.49,4.8,Wheat,10,Australia,535192.52,605071.69,0.8845109246476233
156,New Zealand,2019,Maize and products,60.34,1.29,0.5,Maize,231,United States of America,125621.4,245670.12,0.5113417944355626
156,New Zealand,2019,Rice and products,99.45,2.03,0.28,Rice,10,Australia,32459.660000000003,102680.19,0.3161238793967951
156,New Zealand,2019,Wheat and products,668.55,20.1,5.24,Wheat,10,Australia,410996.1,450152.12,0.9130160266711618
156,New Zealand,2020,Maize and products,53.1,1.13,0.44,Maize,183,Romania,74712.4,110962.47,0.6733123370451288
156,New Zealand,2020,Rice and products,109.63,2.24,0.3,Rice,216,Thailand,29749.55,116287.27,0.2558280884915433
156,New Zealand,2020,Wheat and products,673.69,20.3,5.13,Wheat,10,Australia,336541.83,425015.38,0.791834474319494
156,New Zealand,2021,Maize and products,45.56,0.98,0.38,Maize,183,Romania,73994.8,109896.74,0.6733120563903897
156,New Zealand,2021,Rice and products,95.49,1.95,0.26,Rice,216,Thailand,28211.25,101968.92,0.2766651838619061
156,New Zealand,2021,Wheat and products,667.75,20.75,5.42,Wheat,10,Australia,542342.24,547142.4,0.9912268542887556
156,New Zealand,2022,Maize and products,37.52,0.8,0.31,Maize,183,Romania,49450.1,53236.62,0.928873771475349
156,New Zealand,2022,Rice and products,97.49,1.99,0.27,Rice,216,Thailand,35355.270000000004,104076.48,0.3397047056164851
156,New Zealand,2022,Wheat and products,719.77,22.49,5.6,Wheat,10,Australia,624687.41,634912.87,0.9838947035362506
156,New Zealand,2023,Maize and products,29.84,0.64,0.25,Maize,68,France,294.1,388.23,0.7575406331298458
156,New Zealand,2023,Rice and products,104.47,2.13,0.28,Rice,216,Thailand,27977.61,112654.53,0.2483487348444843
156,New Zealand,2023,Wheat and products,755.49,23.65,5.79,Wheat,10,Australia,692878.92,697418.01,0.9934915790316342
157,Nicaragua,2010,Maize and products,665.25,13.81,5.64,Maize,231,United States of America,119353.0,122086.0,0.9776141408515308
157,Nicaragua,2010,Rice and products,375.2,7.64,1.01,Rice,231,United States of America,91644.25,97202.9,0.9428139489665432
157,Nicaragua,2010,Wheat and products,206.59,6.14,1.71,Wheat,231,United States of America,112013.0,134551.0,0.8324947417707783
157,Nicaragua,2011,Maize and products,628.8,13.05,5.33,Maize,231,United States of America,120805.0,123503.0,0.9781543768167577
157,Nicaragua,2011,Rice and products,374.28,7.6,0.97,Rice,231,United States of America,69316.85,109025.30000000002,0.6357868311300221
157,Nicaragua,2011,Wheat and products,200.05,5.97,1.63,Wheat,231,United States of America,101536.0,152249.0,0.6669075002134661
157,Nicaragua,2012,Maize and products,622.3,12.92,5.27,Maize,231,United States of America,100668.0,139141.0,0.7234963094989975
157,Nicaragua,2012,Rice and products,390.9,7.97,1.05,Rice,231,United States of America,51018.8,92124.45,0.553803034916355
157,Nicaragua,2012,Wheat and products,186.58,5.7,1.25,Wheat,185,Russian Federation,73819.0,145011.0,0.5090579335360765
157,Nicaragua,2013,Maize and products,626.32,13.01,5.31,Maize,231,United States of America,42735.0,108870.0,0.3925323780655828
157,Nicaragua,2013,Rice and products,391.55,7.97,1.03,Rice,21,Brazil,71889.7,86093.79999999999,0.8350159941830888
157,Nicaragua,2013,Wheat and products,214.58,6.7,1.11,Wheat,185,Russian Federation,100000.0,213149.0,0.4691553795701598
157,Nicaragua,2014,Maize and products,611.71,12.71,5.18,Maize,231,United States of America,118038.0,154493.45,0.7640323910172243
157,Nicaragua,2014,Rice and products,393.41,8.0,1.02,Rice,21,Brazil,43622.28999999999,95825.13,0.4552280805671748
157,Nicaragua,2014,Wheat and products,206.6,6.1,1.85,Wheat,185,Russian Federation,42369.4,106408.18,0.398178034808978
157,Nicaragua,2015,Maize and products,603.35,12.53,5.11,Maize,231,United States of America,128367.98,177888.79,0.7216192768526898
157,Nicaragua,2015,Rice and products,400.05,8.14,1.04,Rice,21,Brazil,52198.22,98683.19,0.528947432688384
157,Nicaragua,2015,Wheat and products,226.24,6.55,2.31,Wheat,185,Russian Federation,91095.0,161308.65,0.5647248303175311
157,Nicaragua,2016,Maize and products,648.65,13.47,5.49,Maize,231,United States of America,229225.94,238561.05,0.9608690940956204
157,Nicaragua,2016,Rice and products,417.03,8.51,1.13,Rice,21,Brazil,65792.3,109601.9,0.6002843016407562
157,Nicaragua,2016,Wheat and products,213.73,6.04,2.48,Wheat,185,Russian Federation,65188.0,142461.97,0.4575817672604134
157,Nicaragua,2017,Maize and products,627.67,13.04,5.32,Maize,231,United States of America,173191.64,229430.88,0.7548750194394059
157,Nicaragua,2017,Rice and products,412.25,8.39,1.06,Rice,21,Brazil,48116.02,102155.88,0.4710058784672992
157,Nicaragua,2017,Wheat and products,222.97,6.07,3.11,Wheat,185,Russian Federation,100958.0,135840.96,0.7432073507136582
157,Nicaragua,2018,Maize and products,605.68,12.58,5.13,Maize,231,United States of America,218966.42,220825.97,0.9915791154455248
157,Nicaragua,2018,Rice and products,401.54,8.17,1.04,Rice,21,Brazil,76541.03,89029.69,0.8597247727134621
157,Nicaragua,2018,Wheat and products,246.3,6.78,3.26,Wheat,185,Russian Federation,129610.0,159957.94,0.8102755011723707
157,Nicaragua,2019,Maize and products,605.94,12.58,5.13,Maize,231,United States of America,178928.43,279084.61,0.6411261086736384
157,Nicaragua,2019,Rice and products,445.09,9.05,1.15,Rice,231,United States of America,81448.99,94562.71,0.8613225022844628
157,Nicaragua,2019,Wheat and products,206.98,5.67,2.78,Wheat,185,Russian Federation,105235.09,137190.13,0.7670747888350277
157,Nicaragua,2020,Maize and products,567.39,11.79,4.8,Maize,231,United States of America,373896.06,407504.72,0.9175257160211544
157,Nicaragua,2020,Rice and products,521.75,10.59,1.36,Rice,231,United States of America,60386.38,103646.69,0.5826175442746893
157,Nicaragua,2020,Wheat and products,211.75,5.81,2.83,Wheat,185,Russian Federation,102402.3,136550.03,0.7499251373287872
157,Nicaragua,2021,Maize and products,584.08,12.14,4.95,Maize,231,United States of America,458606.57,507353.43,0.9039193250354096
157,Nicaragua,2021,Rice and products,508.07,10.32,1.32,Rice,231,United States of America,66868.48999999999,102216.65,0.6541839318741124
157,Nicaragua,2021,Wheat and products,218.6,5.97,2.97,Wheat,185,Russian Federation,65984.4,139130.08,0.4742640843734151
157,Nicaragua,2022,Maize and products,585.58,12.17,4.96,Maize,231,United States of America,382567.01,518644.4,0.7376287298195063
157,Nicaragua,2022,Rice and products,518.89,10.53,1.35,Rice,231,United States of America,63754.76,84560.97,0.7539501971181267
157,Nicaragua,2022,Wheat and products,257.89,7.11,3.37,Wheat,231,United States of America,98667.76,189046.69,0.5219227059727943
157,Nicaragua,2023,Maize and products,584.72,12.15,4.95,Maize,231,United States of America,275055.37,463362.73,0.593607021436532
157,Nicaragua,2023,Rice and products,531.84,10.8,1.38,Rice,231,United States of America,89890.12000000001,114197.36000000002,0.7871470934179213
157,Nicaragua,2023,Wheat and products,245.62,6.77,3.19,Wheat,33,Canada,90000.0,157668.38,0.5708183213400175
158,Niger,2010,Maize and products,28.72,0.59,0.24,Maize,53,Benin,26585.0,50624.0,0.5251461757269279
158,Niger,2010,Rice and products,136.83,2.78,0.35,Rice,216,Thailand,74386.9,257164.95,0.2892575368455148
158,Niger,2010,Wheat and products,39.46,1.21,0.26,Wheat,68,France,24160.0,40642.0,0.5944589341075734
158,Niger,2011,Maize and products,22.26,0.46,0.19,Maize,159,Nigeria,10816.0,16178.0,0.6685622450241068
158,Niger,2011,Rice and products,138.06,2.82,0.37,Rice,165,Pakistan,152804.7,297947.95,0.5128570275445762
158,Niger,2011,Wheat and products,29.99,0.92,0.21,Wheat,68,France,14909.0,30757.0,0.4847351822349384
158,Niger,2012,Maize and products,43.15,0.89,0.37,Maize,159,Nigeria,26579.0,76286.0,0.3484125527619747
158,Niger,2012,Rice and products,150.32,3.07,0.41,Rice,165,Pakistan,204823.0,617217.5,0.3318489835430784
158,Niger,2012,Wheat and products,39.57,1.2,0.29,Wheat,4,Algeria,15847.0,34743.0,0.4561206573986127
158,Niger,2013,Maize and products,37.63,0.78,0.32,Maize,53,Benin,25787.0,60768.0,0.4243516324381253
158,Niger,2013,Rice and products,154.27,3.15,0.43,Rice,165,Pakistan,239621.0,726941.65,0.3296289323909285
158,Niger,2013,Wheat and products,32.72,0.99,0.26,Wheat,4,Algeria,23070.0,32862.0,0.7020266569289757
158,Niger,2014,Maize and products,43.46,0.9,0.37,Maize,233,Burkina Faso,32386.19,68164.42,0.4751186909534329
158,Niger,2014,Rice and products,156.13,3.18,0.42,Rice,216,Thailand,404550.59,696210.0,0.5810755231898422
158,Niger,2014,Wheat and products,29.79,0.89,0.26,Wheat,4,Algeria,20141.15,35925.83,0.5606314453973645
158,Niger,2015,Maize and products,32.52,0.67,0.28,Maize,53,Benin,31989.0,52944.14,0.6042028447340915
158,Niger,2015,Rice and products,157.86,3.22,0.43,Rice,216,Thailand,382571.48,767258.19,0.4986215657078877
158,Niger,2015,Wheat and products,27.58,0.85,0.2,Wheat,68,France,13119.81,35953.81,0.3649073630861374
158,Niger,2016,Maize and products,22.79,0.47,0.19,Maize,53,Benin,16757.4,20799.57,0.8056608862587064
158,Niger,2016,Rice and products,153.36,3.12,0.4,Rice,216,Thailand,555860.09,769828.46,0.7220570800928819
158,Niger,2016,Wheat and products,22.58,0.69,0.19,Wheat,68,France,11101.96,33231.649999999994,0.3340779046481291
158,Niger,2017,Maize and products,18.04,0.37,0.15,Maize,53,Benin,4197.0,6320.22,0.664059162497508
158,Niger,2017,Rice and products,181.93,3.7,0.47,Rice,216,Thailand,760592.0,861117.36,0.8832617194014066
158,Niger,2017,Wheat and products,31.56,0.97,0.24,Wheat,4,Algeria,21043.92,48911.42,0.4302455336606461
158,Niger,2018,Maize and products,25.7,0.53,0.22,Maize,159,Nigeria,32954.28,48343.25,0.6816728291953892
158,Niger,2018,Rice and products,186.75,3.8,0.48,Rice,216,Thailand,729875.29,964441.9,0.7567851313801277
158,Niger,2018,Wheat and products,26.3,0.82,0.17,Wheat,4,Algeria,40629.42,70821.09999999999,0.57369089155633
158,Niger,2019,Maize and products,29.96,0.62,0.25,Maize,159,Nigeria,24444.81,32817.020000000004,0.744882076434728
158,Niger,2019,Rice and products,232.38,4.74,0.63,Rice,216,Thailand,656010.38,989142.23,0.6632113765883799
158,Niger,2019,Wheat and products,40.33,1.26,0.27,Wheat,4,Algeria,26677.5,55760.86,0.4784269826541412
158,Niger,2020,Maize and products,24.23,0.5,0.21,Maize,81,Ghana,13760.38,24417.72,0.5635407400854788
158,Niger,2020,Rice and products,229.17,4.7,0.67,Rice,216,Thailand,410179.81,1168813.75,0.3509368451560396
158,Niger,2020,Wheat and products,45.93,1.42,0.32,Wheat,4,Algeria,30522.87,77280.84,0.3949603808654254
158,Niger,2021,Maize and products,21.2,0.44,0.18,Maize,233,Burkina Faso,44934.0,55035.62,0.8164530534951727
158,Niger,2021,Rice and products,401.57,8.48,1.69,Rice,100,India,345595.77,932114.91,0.3707651988959172
158,Niger,2021,Wheat and products,35.65,1.1,0.25,Wheat,4,Algeria,25103.4,56788.41,0.4420514678963542
158,Niger,2022,Maize and products,13.59,0.28,0.12,Maize,233,Burkina Faso,15433.0,24220.88,0.6371775096528285
158,Niger,2022,Rice and products,277.74,5.68,0.78,Rice,100,India,997798.7,1893596.35,0.5269331555270478
158,Niger,2022,Wheat and products,38.7,1.21,0.25,Wheat,4,Algeria,42595.74,67209.15999999999,0.6337787884865694
158,Niger,2023,Maize and products,13.47,0.28,0.11,Maize,233,Burkina Faso,14316.7,20812.120000000003,0.6879020493827634
158,Niger,2023,Rice and products,250.61,5.19,0.84,Rice,100,India,793630.25,1051472.27,0.754780009557456
158,Niger,2023,Wheat and products,33.06,1.03,0.19,Wheat,4,Algeria,43719.56,66690.36,0.6555604138289252
162,Norway,2010,Maize and products,1.87,0.05,0.01,Maize,68,France,50646.0,55785.0,0.9078784619521376
162,Norway,2010,Rice and products,42.49,0.87,0.11,Rice,216,Thailand,23536.5,47140.65,0.4992824664063817
162,Norway,2010,Wheat and products,734.4,21.67,7.26,Wheat,79,Germany,212855.0,386734.0,0.5503912249763403
162,Norway,2011,Maize and products,1.78,0.05,0.01,Maize,68,France,51032.0,52926.0,0.9642141858443865
162,Norway,2011,Rice and products,42.52,0.87,0.11,Rice,216,Thailand,24204.9,47380.8,0.510858828892716
162,Norway,2011,Wheat and products,746.28,22.02,7.42,Wheat,79,Germany,226236.0,411579.0,0.5496781905782365
162,Norway,2012,Maize and products,2.31,0.06,0.02,Maize,68,France,63752.0,72869.0,0.8748850677242723
162,Norway,2012,Rice and products,42.54,0.87,0.11,Rice,216,Thailand,20444.6,45293.95,0.4513759563915269
162,Norway,2012,Wheat and products,808.95,22.6,9.94,Wheat,79,Germany,195177.0,451612.0,0.4321785072141573
162,Norway,2013,Maize and products,3.26,0.09,0.02,Maize,68,France,70337.0,98056.0,0.7173145957412091
162,Norway,2013,Rice and products,42.79,0.87,0.11,Rice,216,Thailand,17633.9,44753.55,0.394022373644102
162,Norway,2013,Wheat and products,825.78,23.18,9.94,Wheat,79,Germany,243179.0,497035.0,0.4892593076946291
162,Norway,2014,Maize and products,2.35,0.06,0.02,Maize,68,France,69903.16,80933.88,0.8637070161470078
162,Norway,2014,Rice and products,43.28,0.88,0.11,Rice,216,Thailand,17599.06,47227.8,0.3726419608789738
162,Norway,2014,Wheat and products,823.16,23.13,9.85,Wheat,79,Germany,242511.58,491796.4,0.4931137763513519
162,Norway,2015,Maize and products,2.21,0.06,0.02,Maize,68,France,55744.29,72300.01000000001,0.7710135863051747
162,Norway,2015,Rice and products,44.67,0.91,0.12,Rice,216,Thailand,19899.14,50072.39,0.397407433517753
162,Norway,2015,Wheat and products,790.11,22.07,9.72,Wheat,79,Germany,124889.9,361265.81,0.3457008566628544
162,Norway,2016,Maize and products,1.78,0.05,0.01,Maize,68,France,22636.62,52017.64,0.4351719916551385
162,Norway,2016,Rice and products,44.05,0.9,0.12,Rice,216,Thailand,19359.19,49174.6,0.3936827142467859
162,Norway,2016,Wheat and products,803.43,22.45,9.86,Wheat,79,Germany,119316.32,324658.01,0.3675138648203997
162,Norway,2017,Maize and products,1.7,0.04,0.01,Maize,173,Poland,30919.77,47527.16,0.6505705369308834
162,Norway,2017,Rice and products,44.75,0.91,0.12,Rice,216,Thailand,19899.85,49600.24,0.4012047119126842
162,Norway,2017,Wheat and products,794.51,22.13,9.9,Wheat,210,Sweden,106966.02,306152.99000000005,0.3493874745433647
162,Norway,2018,Maize and products,3.28,0.09,0.02,Maize,230,Ukraine,35678.33,100836.01,0.3538252852329243
162,Norway,2018,Rice and products,45.15,0.92,0.12,Rice,216,Thailand,20906.28,49796.31,0.4198359276018644
162,Norway,2018,Wheat and products,855.27,23.38,11.69,Wheat,79,Germany,110352.06,438736.6,0.2515223484888199
162,Norway,2019,Maize and products,1.87,0.05,0.01,Maize,230,Ukraine,29225.29,61520.23,0.4750517025050134
162,Norway,2019,Rice and products,45.95,0.94,0.12,Rice,216,Thailand,20359.25,51469.87,0.3955566625678285
162,Norway,2019,Wheat and products,891.63,24.3,12.31,Wheat,79,Germany,131238.18,411195.04,0.3191628478787098
162,Norway,2020,Maize and products,3.27,0.09,0.02,Maize,173,Poland,53746.1,69580.5,0.7724304941758108
162,Norway,2020,Rice and products,50.05,1.02,0.14,Rice,216,Thailand,23727.870000000003,61901.39000000001,0.383317240533694
162,Norway,2020,Wheat and products,875.53,23.65,12.54,Wheat,79,Germany,92521.54,283799.23,0.3260105392111176
162,Norway,2021,Maize and products,4.81,0.13,0.03,Maize,173,Poland,48698.54,89477.82,0.5442526427219617
162,Norway,2021,Rice and products,43.02,0.88,0.12,Rice,216,Thailand,17049.309999999998,48058.7,0.3547601162744726
162,Norway,2021,Wheat and products,934.26,25.31,12.98,Wheat,79,Germany,71944.48,330154.96,0.2179112499173115
162,Norway,2022,Maize and products,5.46,0.14,0.04,Maize,173,Poland,100066.0,109592.31,0.9130750141136728
162,Norway,2022,Rice and products,46.54,0.95,0.13,Rice,216,Thailand,18974.47,56839.19,0.333827241380463
162,Norway,2022,Wheat and products,922.12,25.11,12.51,Wheat,210,Sweden,69009.14,298192.62,0.2314247079622561
162,Norway,2023,Maize and products,4.43,0.12,0.03,Maize,173,Poland,74956.97,81768.00000000001,0.91670298894433
162,Norway,2023,Rice and products,46.43,0.95,0.13,Rice,216,Thailand,18810.29,58209.810000000005,0.3231463906169767
162,Norway,2023,Wheat and products,932.07,25.52,12.29,Wheat,79,Germany,96462.37,286365.57,0.3368504460923846
165,Pakistan,2010,Maize and products,50.39,1.04,0.43,Maize,231,United States of America,5992.0,9701.0,0.6176682816204515
165,Pakistan,2010,Rice and products,88.52,1.8,0.24,Rice,41,"China, mainland",1881.1,1939.35,0.9699641632505736
165,Pakistan,2010,Wheat and products,996.09,32.48,5.26,Wheat,106,Italy,133222.0,167900.0,0.7934603930911257
165,Pakistan,2011,Maize and products,63.56,1.31,0.54,Maize,231,United States of America,4559.0,12174.0,0.3744866108099228
165,Pakistan,2011,Rice and products,235.99,4.8,0.62,Rice,106,Italy,31076.0,36686.4,0.8470713943041562
165,Pakistan,2011,Wheat and products,848.06,27.73,4.49,Wheat,106,Italy,25054.0,46435.0,0.5395499084742112
165,Pakistan,2012,Maize and products,57.89,1.2,0.49,Maize,231,United States of America,7903.0,17685.0,0.4468758835171049
165,Pakistan,2012,Rice and products,127.62,2.6,0.34,Rice,41,"China, mainland",6351.3,13134.05,0.4835751348593922
165,Pakistan,2012,Wheat and products,925.66,30.24,4.88,Wheat,231,United States of America,50451.0,80574.0,0.6261449102688212
165,Pakistan,2013,Maize and products,57.9,1.2,0.49,Maize,231,United States of America,13966.0,24369.0,0.5731051746070828
165,Pakistan,2013,Rice and products,223.21,4.54,0.58,Rice,106,Italy,80556.0,88701.2,0.9081726064585371
165,Pakistan,2013,Wheat and products,919.92,30.05,4.84,Wheat,230,Ukraine,197367.0,412781.0,0.4781397399589613
165,Pakistan,2014,Maize and products,54.09,1.12,0.46,Maize,231,United States of America,10655.0,23259.0,0.4581022399931209
165,Pakistan,2014,Rice and products,178.76,3.64,0.46,Rice,41,"China, mainland",21517.6,22451.23,0.9584151959603104
165,Pakistan,2014,Wheat and products,860.07,28.09,4.52,Wheat,230,Ukraine,456632.99,689774.0,0.6620037722500413
165,Pakistan,2015,Maize and products,53.9,1.11,0.46,Maize,231,United States of America,14014.0,23849.0,0.5876137364250074
165,Pakistan,2015,Rice and products,257.19,5.24,0.67,Rice,41,"China, mainland",4904.16,6943.06,0.706339855913675
165,Pakistan,2015,Wheat and products,862.47,28.18,4.55,Wheat,230,Ukraine,5557.0,12602.0,0.4409617521028408
165,Pakistan,2016,Maize and products,42.16,0.87,0.36,Maize,231,United States of America,44133.0,61814.0,0.7139644740673634
165,Pakistan,2016,Rice and products,139.54,2.84,0.36,Rice,41,"China, mainland",12674.4,13707.22,0.9246513881005776
165,Pakistan,2016,Wheat and products,871.26,28.45,4.59,Wheat,216,Thailand,47.0,122.46,0.3837987914421035
165,Pakistan,2017,Maize and products,41.78,0.86,0.36,Maize,231,United States of America,30623.44,70964.56,0.4315314573922532
165,Pakistan,2017,Rice and products,169.09,3.44,0.44,Rice,41,"China, mainland",8302.57,9606.91,0.8642289768510374
165,Pakistan,2017,Wheat and products,888.31,29.0,4.68,Wheat,150,Netherlands (Kingdom of the),39.05,122.01,0.3200557331366281
165,Pakistan,2018,Maize and products,44.51,0.92,0.38,Maize,231,United States of America,14932.0,28201.0,0.5294847700436155
165,Pakistan,2018,Rice and products,121.41,2.47,0.32,Rice,41,"China, mainland",7696.6,8574.710000000001,0.8975930381319018
165,Pakistan,2018,Wheat and products,877.51,28.65,4.62,Wheat,225,United Arab Emirates,691.0,965.0,0.7160621761658031
165,Pakistan,2019,Maize and products,41.59,0.86,0.35,Maize,231,United States of America,7001.0,20190.0,0.346755819712729
165,Pakistan,2019,Rice and products,50.68,1.03,0.13,Rice,41,"China, mainland",6764.55,6919.75,0.9775714440550598
165,Pakistan,2019,Wheat and products,933.95,30.49,4.91,Wheat,225,United Arab Emirates,159.0,208.0,0.7644230769230769
165,Pakistan,2020,Maize and products,49.06,1.01,0.42,Maize,231,United States of America,10305.0,25214.72,0.4086898446621655
165,Pakistan,2020,Rice and products,82.56,1.68,0.21,Rice,41,"China, mainland",6087.5,6155.5,0.9889529688896108
165,Pakistan,2020,Wheat and products,946.42,30.88,4.96,Wheat,230,Ukraine,1191778.0,2490669.1,0.4784971235239558
165,Pakistan,2021,Maize and products,62.59,1.29,0.53,Maize,231,United States of America,16179.0,28868.06,0.5604463895391655
165,Pakistan,2021,Rice and products,105.69,2.15,0.28,Rice,41,"China, mainland",7693.99,7816.639999999999,0.9843091149138248
165,Pakistan,2021,Wheat and products,968.37,31.6,5.08,Wheat,230,Ukraine,1346044.0,2486238.0,0.5413978870888467
165,Pakistan,2022,Maize and products,48.26,1.0,0.41,Maize,231,United States of America,15305.0,34592.0,0.4424433395004625
165,Pakistan,2022,Rice and products,95.49,1.95,0.25,Rice,41,"China, mainland",7521.5,7947.4,0.9464101467146488
165,Pakistan,2022,Wheat and products,948.36,30.95,4.97,Wheat,185,Russian Federation,788251.0,2336822.0,0.3373175192633414
165,Pakistan,2023,Maize and products,55.33,1.14,0.47,Maize,231,United States of America,14596.0,27766.1,0.5256769946085335
165,Pakistan,2023,Rice and products,67.58,1.39,0.21,Rice,41,"China, mainland",6546.31,6882.26,0.9511860929404004
165,Pakistan,2023,Wheat and products,948.17,30.95,4.97,Wheat,185,Russian Federation,2031905.0,2605291.0,0.7799147964661145
166,Panama,2011,Maize and products,175.21,3.68,1.47,Maize,231,United States of America,278632.0,358536.0,0.7771381395452619
166,Panama,2011,Rice and products,614.97,12.52,1.6,Rice,231,United States of America,38415.45,42475.7,0.9044100509232338
166,Panama,2011,Wheat and products,287.67,8.17,3.23,Wheat,231,United States of America,136902.0,141603.0,0.9668015508146014
166,Panama,2012,Maize and products,179.7,3.77,1.51,Maize,9,Argentina,192362.0,342094.0,0.5623074359678919
166,Panama,2012,Rice and products,630.96,12.86,1.67,Rice,231,United States of America,75915.65,121950.15,0.6225137894459334
166,Panama,2012,Wheat and products,297.2,8.35,3.49,Wheat,231,United States of America,137599.0,144545.0,0.951945760835726
166,Panama,2013,Maize and products,185.91,3.9,1.56,Maize,231,United States of America,196702.0,346788.0,0.5672110915025895
166,Panama,2013,Rice and products,623.07,12.68,1.63,Rice,21,Brazil,51892.0,126493.75,0.4102337071989723
166,Panama,2013,Wheat and products,286.22,7.94,3.61,Wheat,231,United States of America,108999.0,114648.0,0.950727444002512
166,Panama,2017,Maize and products,230.41,4.82,1.94,Maize,231,United States of America,463050.91,464052.18,0.9978423331617576
166,Panama,2017,Rice and products,675.45,13.75,1.76,Rice,91,Guyana,60463.61,113284.37,0.5337330295432635
166,Panama,2017,Wheat and products,250.74,6.65,3.81,Wheat,231,United States of America,125643.73,136789.04,0.9185219078955448
166,Panama,2018,Maize and products,214.74,4.5,1.81,Maize,231,United States of America,522382.82,523315.28,0.9982181678318278
166,Panama,2018,Rice and products,839.12,17.07,2.17,Rice,91,Guyana,97179.96,239835.74,0.4051938214045996
166,Panama,2018,Wheat and products,240.74,6.46,3.47,Wheat,231,United States of America,143770.08,152919.56999999998,0.9401679588819144
166,Panama,2019,Maize and products,223.11,4.73,1.86,Maize,231,United States of America,500168.44,510710.49,0.9793580703619384
166,Panama,2019,Rice and products,730.58,14.86,1.89,Rice,231,United States of America,70469.59,140855.54,0.5002968999302405
166,Panama,2019,Wheat and products,241.45,6.26,3.91,Wheat,231,United States of America,117866.8,122992.14,0.9583279061572552
166,Panama,2020,Maize and products,252.41,5.03,1.98,Maize,231,United States of America,498291.46,521599.43,0.95531442586124
166,Panama,2020,Rice and products,644.05,13.08,1.67,Rice,234,Uruguay,69385.47,114390.78,0.6065652319181668
166,Panama,2020,Wheat and products,354.97,10.13,4.66,Wheat,231,United States of America,164610.03999999998,169464.17999999996,0.971355952626685
166,Panama,2021,Maize and products,221.59,4.38,1.7,Maize,231,United States of America,678835.11,713178.54,0.9518445549413194
166,Panama,2021,Rice and products,536.01,10.89,1.39,Rice,231,United States of America,31055.77,37403.25,0.8302960304251636
166,Panama,2021,Wheat and products,348.78,9.69,5.14,Wheat,231,United States of America,165802.49000000002,172465.36000000002,0.9613669086940124
166,Panama,2022,Maize and products,237.06,4.68,1.83,Maize,231,United States of America,373621.09,592205.0700000001,0.6308981616790278
166,Panama,2022,Rice and products,579.47,11.77,1.51,Rice,231,United States of America,44352.12,45495.19,0.9748749263383668
166,Panama,2022,Wheat and products,351.31,9.93,4.8,Wheat,231,United States of America,143492.19,156071.56,0.9193999854938336
166,Panama,2023,Maize and products,229.63,4.47,1.76,Maize,231,United States of America,347051.2,536553.39,0.6468157809980476
166,Panama,2023,Rice and products,632.64,12.85,1.65,Rice,234,Uruguay,80900.94,125918.28,0.6424876515149349
166,Panama,2023,Wheat and products,333.32,9.34,4.66,Wheat,231,United States of America,100952.98,140305.16999999998,0.71952430548354
167,Czechia,2010,Maize and products,0.0,0.0,0.0,Maize,199,Slovakia,5984.0,16273.0,0.3677256805751859
167,Czechia,2010,Rice and products,40.6,0.83,0.12,Rice,106,Italy,79017.25,120045.05,0.658229972831033
167,Czechia,2010,Wheat and products,707.83,21.8,4.46,Wheat,199,Slovakia,45183.0,80308.0,0.5626214075808139
167,Czechia,2011,Maize and products,0.0,0.0,0.0,Maize,199,Slovakia,7943.0,20555.0,0.3864266601800049
167,Czechia,2011,Rice and products,43.35,0.89,0.13,Rice,106,Italy,76395.8,117978.25,0.6475413900443514
167,Czechia,2011,Wheat and products,738.79,22.05,6.11,Wheat,199,Slovakia,30856.0,62197.0,0.4961010981237037
167,Czechia,2012,Maize and products,0.0,0.0,0.0,Maize,173,Poland,70624.0,138791.0,0.5088514384938505
167,Czechia,2012,Rice and products,43.96,0.9,0.13,Rice,106,Italy,75957.65,123857.2,0.6132679408221726
167,Czechia,2012,Wheat and products,686.91,20.85,4.82,Wheat,199,Slovakia,61388.0,105616.0,0.5812376912589001
167,Czechia,2013,Maize and products,0.0,0.0,0.0,Maize,173,Poland,49555.0,99138.0,0.4998587827069338
167,Czechia,2013,Rice and products,46.45,0.96,0.14,Rice,106,Italy,66227.05,131475.85,0.5037202649764196
167,Czechia,2013,Wheat and products,683.56,20.69,4.71,Wheat,199,Slovakia,67720.0,110646.0,0.6120420078448385
167,Czechia,2014,Maize and products,0.0,0.0,0.0,Maize,199,Slovakia,63923.7,137967.4,0.4633246694508993
167,Czechia,2014,Rice and products,45.54,0.94,0.14,Rice,106,Italy,50263.630000000005,139360.0,0.3606747273249139
167,Czechia,2014,Wheat and products,740.26,22.58,4.87,Wheat,199,Slovakia,53823.9,94103.63,0.5719641208314705
167,Czechia,2015,Maize and products,0.0,0.0,0.0,Maize,199,Slovakia,45889.6,145087.3,0.3162895718646635
167,Czechia,2015,Rice and products,45.96,0.95,0.14,Rice,106,Italy,43945.66,141492.57,0.3105863438624374
167,Czechia,2015,Wheat and products,707.88,22.09,3.58,Wheat,199,Slovakia,58410.2,96482.1,0.6053993435051682
167,Czechia,2016,Maize and products,0.0,0.0,0.0,Maize,199,Slovakia,41057.04,104549.93,0.3927027019530286
167,Czechia,2016,Rice and products,44.06,0.9,0.13,Rice,106,Italy,51433.37,157351.28,0.3268697274022811
167,Czechia,2016,Wheat and products,670.11,20.82,3.51,Wheat,199,Slovakia,73040.81,113145.45,0.6455479208399454
167,Czechia,2017,Rice and products,44.87,0.92,0.14,Rice,106,Italy,47211.06,155148.36000000002,0.3042962233052286
167,Czechia,2017,Wheat and products,602.28,18.67,3.36,Wheat,199,Slovakia,71043.69,110478.74,0.6430530435086426
167,Czechia,2018,Maize and products,1.91,0.04,0.01,Maize,173,Poland,48197.21,151261.46,0.3186350971357806
167,Czechia,2018,Rice and products,42.06,0.86,0.11,Rice,106,Italy,51907.5,168034.59,0.3089096120031001
167,Czechia,2018,Wheat and products,618.01,18.51,4.75,Wheat,199,Slovakia,71343.86,114375.55,0.62376845400962
167,Czechia,2019,Maize and products,0.03,0.0,0.0,Maize,199,Slovakia,104070.88,247142.84000000003,0.4210960754517509
167,Czechia,2019,Rice and products,43.73,0.9,0.13,Rice,106,Italy,50323.64,167082.92,0.3011896129179451
167,Czechia,2019,Wheat and products,567.65,17.73,2.84,Wheat,199,Slovakia,77272.77,119935.51,0.6442860000345185
167,Czechia,2020,Maize and products,0.54,0.01,0.0,Maize,199,Slovakia,109187.51,173777.13,0.6283192155377407
167,Czechia,2020,Rice and products,49.48,1.01,0.14,Rice,106,Italy,58026.09,188228.49,0.3082747462937199
167,Czechia,2020,Wheat and products,561.2,17.49,2.82,Wheat,199,Slovakia,100896.81,143356.62,0.7038168868657757
167,Czechia,2021,Maize and products,0.27,0.01,0.0,Maize,199,Slovakia,62277.19,173587.91,0.3587645591216577
167,Czechia,2021,Rice and products,44.1,0.9,0.13,Rice,106,Italy,61565.41,168339.11000000002,0.3657225584714093
167,Czechia,2021,Wheat and products,554.56,17.21,2.93,Wheat,199,Slovakia,85349.75,136498.56,0.6252794901279545
167,Czechia,2022,Rice and products,42.49,0.87,0.12,Rice,106,Italy,60501.03,215532.7,0.2807046448172365
167,Czechia,2022,Wheat and products,555.72,17.29,2.82,Wheat,199,Slovakia,88005.98000000001,147263.27000000002,0.5976098452791385
167,Czechia,2023,Maize and products,1.76,0.04,0.01,Maize,173,Poland,159887.68,276387.16,0.5784917070677235
167,Czechia,2023,Rice and products,45.19,0.92,0.13,Rice,106,Italy,40212.82,184685.06,0.2177372658080734
167,Czechia,2023,Wheat and products,564.22,17.61,2.8,Wheat,199,Slovakia,116632.41,217821.86,0.5354486000624546
168,Papua New Guinea,2020,Maize and products,9.6,0.2,0.08,Maize,10,Australia,96.99,107.29,0.9039985087146984
168,Papua New Guinea,2020,Rice and products,229.38,4.67,0.61,Rice,41,"China, mainland",298319.2,752085.8600000001,0.3966557754456385
168,Papua New Guinea,2020,Wheat and products,263.86,8.2,1.48,Wheat,101,Indonesia,21133.19,28385.81,0.7444983955011324
168,Papua New Guinea,2021,Maize and products,10.49,0.22,0.09,Maize,10,Australia,96.23,96.69,0.995242527665736
168,Papua New Guinea,2021,Rice and products,255.69,5.2,0.66,Rice,216,Thailand,177144.1,589195.33,0.3006542838688148
168,Papua New Guinea,2021,Wheat and products,240.89,7.51,1.33,Wheat,101,Indonesia,24116.09,30597.22,0.7881791221555422
168,Papua New Guinea,2022,Maize and products,10.61,0.22,0.09,Maize,10,Australia,494.16,495.2000000000001,0.9978998384491116
168,Papua New Guinea,2022,Rice and products,295.9,6.02,0.78,Rice,216,Thailand,126695.02,542535.0800000001,0.2335241068651265
168,Papua New Guinea,2022,Wheat and products,244.47,7.54,1.49,Wheat,101,Indonesia,36778.31,44976.92999999999,0.8177149929975213
168,Papua New Guinea,2023,Maize and products,9.98,0.21,0.08,Maize,10,Australia,18.28,20.35,0.8982800982800982
168,Papua New Guinea,2023,Rice and products,303.21,6.16,0.79,Rice,41,"China, mainland",350814.0,634354.34,0.5530253012850831
168,Papua New Guinea,2023,Wheat and products,252.0,7.84,1.41,Wheat,101,Indonesia,22817.84,32125.87,0.710263722040835
169,Paraguay,2010,Maize and products,655.4,13.56,5.57,Maize,21,Brazil,9441.0,12163.0,0.7762065279947381
169,Paraguay,2010,Rice and products,58.53,1.2,0.17,Rice,21,Brazil,977.0,1468.5,0.6653047327204631
169,Paraguay,2010,Wheat and products,245.17,7.16,2.43,Wheat,9,Argentina,888.0,1057.0,0.8401135288552507
169,Paraguay,2011,Maize and products,656.99,13.6,5.58,Maize,21,Brazil,12381.0,18142.0,0.6824495645463565
169,Paraguay,2011,Rice and products,64.79,1.33,0.2,Rice,21,Brazil,839.85,2136.45,0.3931053851014534
169,Paraguay,2011,Wheat and products,245.7,7.19,2.41,Wheat,9,Argentina,988.0,1082.0,0.9131238447319778
169,Paraguay,2012,Maize and products,649.93,13.45,5.52,Maize,21,Brazil,8754.0,15424.0,0.5675570539419087
169,Paraguay,2012,Rice and products,71.19,1.45,0.2,Rice,21,Brazil,862.8,1756.55,0.491190116990692
169,Paraguay,2012,Wheat and products,244.28,7.18,2.13,Wheat,9,Argentina,1696.0,2077.0,0.8165623495426095
169,Paraguay,2013,Maize and products,648.91,13.43,5.51,Maize,9,Argentina,8159.0,14469.0,0.5638952242725828
169,Paraguay,2013,Rice and products,57.23,1.18,0.18,Rice,21,Brazil,927.05,1801.3,0.5146560817187587
169,Paraguay,2013,Wheat and products,235.78,6.93,2.07,Wheat,234,Uruguay,46937.0,69175.0,0.6785254788579689
169,Paraguay,2014,Maize and products,652.93,13.52,5.54,Maize,21,Brazil,5229.84,9700.27,0.5391437557923645
169,Paraguay,2014,Rice and products,89.55,1.83,0.25,Rice,21,Brazil,845.2,1587.75,0.5323256180129113
169,Paraguay,2014,Wheat and products,245.12,7.24,2.09,Wheat,234,Uruguay,27589.05,54537.28,0.5058750638095629
169,Paraguay,2015,Maize and products,650.62,13.47,5.52,Maize,21,Brazil,7289.8,11589.13,0.6290204700439118
169,Paraguay,2015,Rice and products,79.66,1.63,0.23,Rice,21,Brazil,858.6400000000001,1542.5,0.5566547811993517
169,Paraguay,2015,Wheat and products,240.67,7.1,2.04,Wheat,9,Argentina,1845.12,2667.24,0.691771269177127
169,Paraguay,2016,Maize and products,653.72,13.53,5.55,Maize,21,Brazil,8755.83,11778.88,0.7433499619658235
169,Paraguay,2016,Rice and products,55.53,1.14,0.16,Rice,21,Brazil,1096.5500000000002,1944.05,0.564054422468558
169,Paraguay,2016,Wheat and products,239.3,7.07,2.01,Wheat,9,Argentina,1718.0,2188.97,0.7848440133944276
169,Paraguay,2017,Maize and products,640.27,13.26,5.44,Maize,21,Brazil,8856.12,11627.910000000002,0.7616261219772082
169,Paraguay,2017,Rice and products,63.57,1.3,0.18,Rice,21,Brazil,1099.61,2232.31,0.4925883949809838
169,Paraguay,2017,Wheat and products,242.77,7.13,2.14,Wheat,9,Argentina,4072.96,4344.99,0.937392260971832
169,Paraguay,2018,Maize and products,726.54,15.04,6.17,Maize,21,Brazil,8573.28,11191.45,0.7660562304259056
169,Paraguay,2018,Rice and products,30.48,0.62,0.09,Rice,21,Brazil,749.1600000000001,1919.74,0.3902403450467251
169,Paraguay,2018,Wheat and products,242.42,7.07,2.23,Wheat,9,Argentina,553.64,681.3199999999999,0.8125990723888922
169,Paraguay,2019,Maize and products,729.2,15.1,6.19,Maize,21,Brazil,13604.34,15418.66,0.8823295928439956
169,Paraguay,2019,Rice and products,36.75,0.76,0.11,Rice,21,Brazil,963.01,1609.0,0.5985146053449347
169,Paraguay,2019,Wheat and products,283.82,8.35,2.5,Wheat,9,Argentina,334.02000000000004,631.6500000000001,0.5288055093801947
169,Paraguay,2020,Maize and products,759.56,15.73,6.45,Maize,21,Brazil,16367.78,17273.84,0.9475472737966776
169,Paraguay,2020,Rice and products,51.29,1.07,0.2,Rice,21,Brazil,1046.49,1539.83,0.6796139833617997
169,Paraguay,2020,Wheat and products,294.31,8.8,2.34,Wheat,9,Argentina,302.7,372.33,0.8129884779630973
169,Paraguay,2021,Maize and products,780.26,16.15,6.63,Maize,9,Argentina,42302.58,71779.54000000001,0.589340360776901
169,Paraguay,2021,Rice and products,40.79,0.83,0.11,Rice,21,Brazil,422.16,747.5600000000001,0.5647172133340468
169,Paraguay,2021,Wheat and products,306.79,9.16,2.42,Wheat,9,Argentina,558.5,631.14,0.8849066768070476
169,Paraguay,2022,Maize and products,785.25,16.26,6.67,Maize,21,Brazil,18480.2,23668.65,0.7807880888855089
169,Paraguay,2022,Rice and products,36.72,0.75,0.1,Rice,9,Argentina,567.48,1640.95,0.3458240653280112
169,Paraguay,2022,Wheat and products,331.17,9.85,2.69,Wheat,9,Argentina,558.3299999999999,597.78,0.9340058215396968
169,Paraguay,2023,Maize and products,771.1,15.97,6.55,Maize,21,Brazil,18929.33,22779.230000000003,0.8309907753686142
169,Paraguay,2023,Rice and products,28.09,0.57,0.07,Rice,21,Brazil,672.91,1368.97,0.4915447380147117
169,Paraguay,2023,Wheat and products,327.0,9.77,2.6,Wheat,21,Brazil,431.44,635.4,0.6790053509600252
170,Peru,2010,Maize and products,123.8,2.86,1.26,Maize,9,Argentina,1071278.0,1917974.0,0.5585466747724421
170,Peru,2010,Rice and products,491.57,9.64,1.24,Rice,234,Uruguay,180492.0,189327.95,0.9533299230251
170,Peru,2010,Wheat and products,339.02,11.02,3.42,Wheat,231,United States of America,751967.0,1697533.0,0.4429763662915537
170,Peru,2011,Maize and products,121.56,2.81,1.24,Maize,9,Argentina,1522152.0,1907853.0,0.7978350533295804
170,Peru,2011,Rice and products,507.73,9.96,1.28,Rice,234,Uruguay,278444.0,410704.65,0.6779665143796155
170,Peru,2011,Wheat and products,330.59,10.8,3.24,Wheat,231,United States of America,943089.0,1698912.0,0.5551135079391988
170,Peru,2012,Maize and products,109.92,2.52,1.11,Maize,9,Argentina,1254976.0,1847209.0,0.679390366764129
170,Peru,2012,Rice and products,515.05,10.1,1.29,Rice,234,Uruguay,378889.0,504387.85,0.7511858186116102
170,Peru,2012,Wheat and products,335.44,10.93,3.34,Wheat,9,Argentina,754829.0,1702561.0,0.4433491663441133
170,Peru,2013,Maize and products,121.78,2.8,1.23,Maize,9,Argentina,1390064.0,2020981.0,0.687816461411562
170,Peru,2013,Rice and products,506.83,9.94,1.27,Rice,234,Uruguay,283560.0,351432.1,0.8068699472814237
170,Peru,2013,Wheat and products,331.55,10.8,3.3,Wheat,33,Canada,719386.0,1806430.0,0.3982363003271646
170,Peru,2014,Maize and products,128.27,2.96,1.31,Maize,231,United States of America,1698556.69,2331865.18,0.7284111897069453
170,Peru,2014,Rice and products,512.18,10.04,1.28,Rice,234,Uruguay,313893.48,416068.97,0.7544265557703089
170,Peru,2014,Wheat and products,342.89,11.18,3.41,Wheat,33,Canada,1270600.9300000002,1881111.22,0.6754523158923054
170,Peru,2015,Maize and products,139.95,3.2,1.41,Maize,231,United States of America,2129679.61,2684177.78,0.7934197301938771
170,Peru,2015,Rice and products,516.44,10.12,1.29,Rice,234,Uruguay,309755.56,478228.37,0.6477147309349297
170,Peru,2015,Wheat and products,338.72,11.01,3.4,Wheat,33,Canada,1357370.38,1878383.88,0.7226267188792102
170,Peru,2016,Maize and products,147.91,3.39,1.49,Maize,231,United States of America,2857079.0,3040358.0,0.9397179542672276
170,Peru,2016,Rice and products,514.19,10.08,1.29,Rice,234,Uruguay,363067.92,582786.86,0.6229857687594398
170,Peru,2016,Wheat and products,341.85,11.13,3.41,Wheat,33,Canada,1235987.96,1775477.14,0.6961441136887857
170,Peru,2017,Maize and products,145.39,3.34,1.47,Maize,231,United States of America,3254949.29,3378306.17,0.9634855830725372
170,Peru,2017,Rice and products,520.9,10.21,1.3,Rice,234,Uruguay,462532.54,803310.36,0.575783113266459
170,Peru,2017,Wheat and products,344.83,11.24,3.45,Wheat,33,Canada,1301597.97,2129066.05,0.6113469189929547
170,Peru,2018,Maize and products,147.79,3.37,1.47,Maize,231,United States of America,3307693.27,3556224.64,0.930113703390796
170,Peru,2018,Rice and products,519.39,10.18,1.3,Rice,234,Uruguay,338393.04,543022.4299999999,0.6231658607545917
170,Peru,2018,Wheat and products,333.18,10.88,3.28,Wheat,33,Canada,1373907.65,2071237.77,0.6633268617924054
170,Peru,2019,Maize and products,142.67,3.25,1.43,Maize,9,Argentina,2759309.44,4009801.04,0.6881412350573882
170,Peru,2019,Rice and products,512.97,10.05,1.28,Rice,234,Uruguay,345377.72,585524.62,0.5898602863189595
170,Peru,2019,Wheat and products,323.42,10.63,3.05,Wheat,33,Canada,1200181.23,2012796.07,0.5962756226963419
170,Peru,2020,Maize and products,148.82,3.38,1.48,Maize,9,Argentina,3052975.47,3792111.36,0.8050859218438142
170,Peru,2020,Rice and products,497.97,9.75,1.24,Rice,234,Uruguay,367966.32,631188.41,0.582973822348861
170,Peru,2020,Wheat and products,370.67,12.12,3.62,Wheat,33,Canada,1776543.7799999998,2274500.53,0.7810698465741839
170,Peru,2021,Maize and products,144.61,3.3,1.45,Maize,9,Argentina,3004301.74,3654044.75,0.8221852619621038
170,Peru,2021,Rice and products,488.42,9.57,1.22,Rice,234,Uruguay,232114.0,474405.92,0.4892729837772682
170,Peru,2021,Wheat and products,336.1,11.06,3.16,Wheat,33,Canada,1525300.91,1984418.22,0.7686388356180281
170,Peru,2022,Maize and products,142.51,3.25,1.43,Maize,9,Argentina,3333759.33,3583018.63,0.930433155464782
170,Peru,2022,Rice and products,488.78,9.57,1.22,Rice,21,Brazil,131931.86,232268.23,0.5680150918616808
170,Peru,2022,Wheat and products,373.29,12.17,3.67,Wheat,33,Canada,1021255.61,2050953.14,0.4979419520038375
170,Peru,2023,Maize and products,139.97,3.2,1.41,Maize,9,Argentina,2934671.5,3538270.17,0.8294085411798839
170,Peru,2023,Rice and products,457.81,8.96,1.14,Rice,234,Uruguay,147787.24,280811.61,0.5262860748528168
170,Peru,2023,Wheat and products,367.4,12.05,3.46,Wheat,33,Canada,1346532.71,1868540.85,0.7206332738189801
171,Philippines,2010,Maize and products,132.44,2.68,1.1,Maize,216,Thailand,60905.0,88469.0,0.6884332365009213
171,Philippines,2010,Rice and products,1054.49,21.45,2.72,Rice,237,Viet Nam,3530989.0,4742786.7,0.7444966900999364
171,Philippines,2010,Wheat and products,159.62,4.91,0.97,Wheat,231,United States of America,900654.0,1977282.0,0.4555010362710023
171,Philippines,2011,Maize and products,174.99,3.55,1.46,Maize,216,Thailand,18744.0,66194.0,0.2831676587001843
171,Philippines,2011,Rice and products,1077.53,21.92,2.78,Rice,237,Viet Nam,1147993.0,1398714.7,0.8207485057531747
171,Philippines,2011,Wheat and products,150.22,4.62,0.92,Wheat,231,United States of America,1653378.0,2901528.0,0.569830103311083
171,Philippines,2012,Maize and products,172.66,3.48,1.43,Maize,216,Thailand,79247.0,136269.0,0.5815482611599117
171,Philippines,2012,Rice and products,1094.11,22.26,2.82,Rice,237,Viet Nam,1616082.0,1997322.5,0.8091242150428887
171,Philippines,2012,Wheat and products,136.77,4.2,0.84,Wheat,231,United States of America,1488433.0,3206958.0,0.4641261282498866
171,Philippines,2013,Maize and products,168.51,3.43,1.41,Maize,216,Thailand,299080.0,341605.0,0.8755141171821256
171,Philippines,2013,Rice and products,1104.49,22.47,2.85,Rice,237,Viet Nam,431570.0,793762.35,0.5437017767345604
171,Philippines,2013,Wheat and products,155.03,4.76,0.96,Wheat,231,United States of America,1502226.0,2661343.0,0.5644616270807633
171,Philippines,2014,Maize and products,207.43,4.23,1.74,Maize,216,Thailand,364616.26,575706.28,0.6333372983181632
171,Philippines,2014,Rice and products,1053.77,21.44,2.72,Rice,237,Viet Nam,1710161.6800000002,2147760.72,0.7962533554482736
171,Philippines,2014,Wheat and products,178.36,5.54,0.96,Wheat,231,United States of America,1750989.58,3089819.21,0.566696450825678
171,Philippines,2015,Maize and products,195.69,3.97,1.63,Maize,101,Indonesia,197843.14,432413.7400000001,0.4575320386442854
171,Philippines,2015,Rice and products,1031.3,20.98,2.66,Rice,237,Viet Nam,1153192.65,2171684.52,0.531012971442095
171,Philippines,2015,Wheat and products,194.55,6.01,1.14,Wheat,231,United States of America,1690118.18,3598330.7,0.469695067215473
171,Philippines,2016,Maize and products,215.52,4.36,1.79,Maize,216,Thailand,510142.79,780374.0399999999,0.6537157361103402
171,Philippines,2016,Rice and products,999.73,20.34,2.58,Rice,237,Viet Nam,518105.97,884646.01,0.5856647338521314
171,Philippines,2016,Wheat and products,192.9,5.99,1.04,Wheat,231,United States of America,2061295.72,4813051.19,0.428272137284291
171,Philippines,2017,Maize and products,144.59,2.91,1.2,Maize,216,Thailand,312805.38,478227.36,0.6540934420816074
171,Philippines,2017,Rice and products,1098.43,22.35,2.83,Rice,237,Viet Nam,996422.47,1736568.78,0.5737880822664565
171,Philippines,2017,Wheat and products,242.41,7.5,1.3,Wheat,231,United States of America,2621989.07,5675489.109999999,0.4619846887522263
171,Philippines,2018,Maize and products,178.54,3.53,1.45,Maize,101,Indonesia,225635.75,915078.54,0.2465752830352682
171,Philippines,2018,Rice and products,1107.27,22.53,2.86,Rice,216,Thailand,1685916.4,3519796.46,0.4789812192719803
171,Philippines,2018,Wheat and products,223.53,6.89,1.23,Wheat,231,United States of America,2459099.22,6810031.1,0.3610995579741186
171,Philippines,2019,Maize and products,183.01,3.62,1.49,Maize,28,Myanmar,177076.23,458442.59,0.3862560631637649
171,Philippines,2019,Rice and products,1194.08,24.29,3.08,Rice,237,Viet Nam,4364753.7,5987300.720000001,0.7290019165765236
171,Philippines,2019,Wheat and products,275.99,8.53,1.46,Wheat,231,United States of America,3070572.47,7212735.17,0.4257154044378979
171,Philippines,2020,Maize and products,214.26,4.25,1.74,Maize,237,Viet Nam,405213.24,740204.76,0.5474339829968129
171,Philippines,2020,Rice and products,1178.4,23.97,3.04,Rice,237,Viet Nam,3211889.7800000003,3766974.38,0.8526444451156581
171,Philippines,2020,Wheat and products,315.99,9.65,1.95,Wheat,231,United States of America,3110565.29,6184284.72,0.5029789912389415
171,Philippines,2021,Maize and products,178.62,3.49,1.43,Maize,28,Myanmar,233220.77,459727.66,0.5073020187647617
171,Philippines,2021,Rice and products,1218.81,24.79,3.14,Rice,237,Viet Nam,4957093.49,5822532.0,0.8513638894556527
171,Philippines,2021,Wheat and products,303.19,9.32,1.7,Wheat,231,United States of America,2994912.96,6064255.13,0.4938632850692744
171,Philippines,2022,Maize and products,187.57,3.74,1.53,Maize,28,Myanmar,318710.99,769502.86,0.414177784862294
171,Philippines,2022,Rice and products,1241.51,25.26,3.2,Rice,237,Viet Nam,5216518.220000001,6236913.680000001,0.8363941666737963
171,Philippines,2022,Wheat and products,319.26,9.8,1.83,Wheat,10,Australia,3005339.69,6308845.850000001,0.4763691745614611
171,Philippines,2023,Maize and products,190.84,3.84,1.58,Maize,9,Argentina,212980.01,648506.37,0.3284162189493991
171,Philippines,2023,Rice and products,1253.02,25.49,3.23,Rice,237,Viet Nam,4824869.359999999,5916079.609999999,0.815551797485024
171,Philippines,2023,Wheat and products,327.04,10.03,1.92,Wheat,10,Australia,2371879.27,5015135.4,0.4729442140285982
173,Poland,2010,Rice and products,8.4,0.17,0.04,Rice,106,Italy,91310.65,170883.5,0.5343444510441324
173,Poland,2010,Wheat and products,848.78,26.55,4.11,Wheat,167,Czechia,351559.0,749905.0,0.4688047152639334
173,Poland,2011,Rice and products,13.3,0.28,0.07,Rice,106,Italy,65907.0,194856.65,0.3382332601940965
173,Poland,2011,Wheat and products,825.29,25.84,3.99,Wheat,167,Czechia,276026.0,880234.0,0.3135825246468552
173,Poland,2012,Rice and products,12.38,0.26,0.07,Rice,106,Italy,60600.8,188167.7,0.32205739879905
173,Poland,2012,Wheat and products,837.8,26.37,4.03,Wheat,167,Czechia,275069.0,813234.0,0.3382408999131861
173,Poland,2013,Rice and products,10.05,0.21,0.05,Rice,79,Germany,81549.6,213054.85,0.3827634057614741
173,Poland,2013,Wheat and products,860.13,27.08,4.15,Wheat,167,Czechia,184352.0,647404.0,0.2847557321239906
173,Poland,2014,Rice and products,10.99,0.23,0.06,Rice,79,Germany,90015.62,205204.09,0.4386638687367293
173,Poland,2014,Wheat and products,857.71,26.99,4.13,Wheat,199,Slovakia,210285.5,616155.7,0.3412863014981441
173,Poland,2015,Rice and products,12.97,0.27,0.07,Rice,79,Germany,126611.91,235107.44,0.5385278747452654
173,Poland,2015,Wheat and products,804.79,25.34,3.87,Wheat,199,Slovakia,179336.8,558948.87,0.320846520362408
173,Poland,2016,Rice and products,15.95,0.33,0.09,Rice,79,Germany,165345.49,256910.51,0.6435917705351953
173,Poland,2016,Wheat and products,774.72,24.4,3.73,Wheat,199,Slovakia,314970.98,904423.17,0.3482562040068035
173,Poland,2017,Rice and products,15.39,0.32,0.09,Rice,79,Germany,146032.16999999998,264136.44999999995,0.5528664067378811
173,Poland,2017,Wheat and products,842.42,26.54,4.06,Wheat,167,Czechia,336830.03,1026435.9,0.3281549583369015
173,Poland,2018,Rice and products,28.11,0.59,0.13,Rice,79,Germany,129420.6,266567.63,0.4855075614394741
173,Poland,2018,Wheat and products,813.95,25.64,3.92,Wheat,199,Slovakia,273174.62,734332.7100000001,0.3720038836347082
173,Poland,2019,Rice and products,22.86,0.49,0.13,Rice,79,Germany,92314.81,272774.14,0.3384294786888522
173,Poland,2019,Wheat and products,815.43,25.73,3.84,Wheat,199,Slovakia,242449.84000000003,670803.51,0.3614319787921205
173,Poland,2020,Rice and products,27.18,0.59,0.16,Rice,79,Germany,46700.130000000005,283373.91,0.1648003868810647
173,Poland,2020,Wheat and products,802.49,25.29,3.83,Wheat,199,Slovakia,427340.7,980713.18,0.4357448321434815
173,Poland,2021,Rice and products,27.35,0.59,0.15,Rice,28,Myanmar,110119.5,316142.51,0.3483223436164911
173,Poland,2021,Wheat and products,798.43,25.14,3.82,Wheat,199,Slovakia,305473.47000000003,688921.2000000001,0.443408433359287
173,Poland,2022,Rice and products,18.94,0.4,0.09,Rice,28,Myanmar,93952.34,277989.84,0.3379704092782671
173,Poland,2022,Wheat and products,799.81,25.21,3.82,Wheat,230,Ukraine,531863.79,1079431.26,0.4927259471807403
173,Poland,2023,Rice and products,23.07,0.48,0.09,Rice,28,Myanmar,125975.62,299724.79,0.4203043064939674
173,Poland,2023,Wheat and products,762.65,24.0,3.72,Wheat,230,Ukraine,363607.19,950102.52,0.3827031108179778
174,Portugal,2010,Maize and products,111.83,2.37,0.93,Maize,68,France,467830.0,1411145.0,0.3315251090426568
174,Portugal,2010,Rice and products,155.39,3.16,0.4,Rice,91,Guyana,55648.8,111153.0,0.5006504547785485
174,Portugal,2010,Wheat and products,645.22,19.71,4.55,Wheat,68,France,550095.0,1558802.0,0.3528960060354041
174,Portugal,2011,Maize and products,126.33,2.66,1.06,Maize,230,Ukraine,486197.0,1601977.0,0.3034981151414783
174,Portugal,2011,Rice and products,155.01,3.15,0.4,Rice,91,Guyana,30011.0,117417.5,0.2555922243277194
174,Portugal,2011,Wheat and products,657.1,20.01,4.77,Wheat,68,France,468887.0,1307085.0,0.3587272442113558
174,Portugal,2012,Maize and products,137.31,2.89,1.15,Maize,230,Ukraine,1060073.0,1682172.0,0.6301810991979417
174,Portugal,2012,Rice and products,157.95,3.2,0.41,Rice,203,Spain,37676.15,108271.15,0.3479795864364606
174,Portugal,2012,Wheat and products,689.24,20.65,5.57,Wheat,68,France,607397.0,1451778.0,0.4183814605263339
174,Portugal,2013,Maize and products,143.26,3.01,1.2,Maize,21,Brazil,675399.0,1645499.0,0.4104523916453307
174,Portugal,2013,Rice and products,156.71,3.18,0.41,Rice,203,Spain,34763.55,116912.65,0.2973463521697609
174,Portugal,2013,Wheat and products,677.22,20.3,5.48,Wheat,68,France,542926.0,1146577.0,0.4735190048291567
174,Portugal,2014,Maize and products,138.17,2.91,1.16,Maize,230,Ukraine,625770.1,1776990.1,0.3521517086673696
174,Portugal,2014,Rice and products,151.78,3.09,0.39,Rice,203,Spain,30683.73,124723.54,0.2460139441199312
174,Portugal,2014,Wheat and products,659.43,20.01,4.83,Wheat,68,France,670752.7,1323152.5,0.5069352927950481
174,Portugal,2015,Maize and products,140.79,2.97,1.18,Maize,230,Ukraine,773620.0,1807428.98,0.4280223502889723
174,Portugal,2015,Rice and products,162.54,3.3,0.42,Rice,91,Guyana,62745.46,177531.59,0.3534326482402371
174,Portugal,2015,Wheat and products,636.91,19.31,4.68,Wheat,68,France,555536.6,1355116.95,0.4099547275237019
174,Portugal,2016,Maize and products,127.32,2.68,1.07,Maize,230,Ukraine,651711.62,1886985.39,0.3453718420151626
174,Portugal,2016,Rice and products,148.41,3.02,0.38,Rice,91,Guyana,81095.1,167593.03,0.4838811017379422
174,Portugal,2016,Wheat and products,628.91,18.96,4.85,Wheat,68,France,500234.45,1531696.9,0.3265884066227463
174,Portugal,2017,Maize and products,133.46,2.79,1.13,Maize,230,Ukraine,726358.14,2132867.45,0.3405547494289905
174,Portugal,2017,Rice and products,140.04,2.85,0.36,Rice,91,Guyana,59311.48,130283.91,0.4552479273918015
174,Portugal,2017,Wheat and products,648.35,19.44,5.27,Wheat,68,France,801166.8,1598100.53,0.50132440666921
174,Portugal,2018,Maize and products,140.15,2.94,1.18,Maize,230,Ukraine,862071.08,2703062.63,0.3189238275252246
174,Portugal,2018,Rice and products,119.25,2.43,0.31,Rice,91,Guyana,56051.670000000006,176894.06000000003,0.3168657556958102
174,Portugal,2018,Wheat and products,655.6,19.67,5.24,Wheat,68,France,756549.0599999999,1397319.15,0.541428964170426
174,Portugal,2019,Maize and products,136.43,2.85,1.15,Maize,230,Ukraine,873658.93,2122805.0,0.411558730076479
174,Portugal,2019,Rice and products,92.58,1.88,0.24,Rice,91,Guyana,64722.87,190505.13,0.3397434494283697
174,Portugal,2019,Wheat and products,631.22,18.82,5.35,Wheat,68,France,630911.0299999999,1453980.04,0.4339200075951523
174,Portugal,2020,Maize and products,130.38,2.72,1.1,Maize,21,Brazil,745002.1,1899505.62,0.3922084210522104
174,Portugal,2020,Rice and products,136.02,2.75,0.36,Rice,91,Guyana,68839.75,219328.99,0.3138652578484951
174,Portugal,2020,Wheat and products,635.01,18.94,5.31,Wheat,68,France,644902.4600000001,1305112.47,0.4941355437359357
174,Portugal,2021,Maize and products,139.19,2.9,1.18,Maize,230,Ukraine,796875.55,2114971.24,0.3767784331667791
174,Portugal,2021,Rice and products,112.5,2.27,0.3,Rice,91,Guyana,56911.61,160203.08,0.3552466656695989
174,Portugal,2021,Wheat and products,642.71,19.14,5.46,Wheat,68,France,537300.12,1223291.79,0.4392248230489636
174,Portugal,2022,Maize and products,133.22,2.77,1.13,Maize,21,Brazil,1182804.85,2281948.61,0.5183310635553708
174,Portugal,2022,Rice and products,124.73,2.53,0.33,Rice,91,Guyana,63729.28,233455.49,0.2729825715385832
174,Portugal,2022,Wheat and products,660.43,19.43,6.13,Wheat,68,France,579584.2,1205604.07,0.4807417413579235
174,Portugal,2023,Maize and products,129.46,2.7,1.09,Maize,230,Ukraine,774139.36,2087988.75,0.3707583960881015
174,Portugal,2023,Rice and products,145.16,2.91,0.39,Rice,91,Guyana,58734.51,244099.46,0.2406171238559888
174,Portugal,2023,Wheat and products,714.6,21.0,6.69,Wheat,68,France,603271.8999999999,1635263.73,0.3689141322788342
176,Timor-Leste,2017,Maize and products,395.93,8.19,3.36,Maize,101,Indonesia,8.01,8.09,0.9901112484548824
176,Timor-Leste,2017,Rice and products,769.99,15.66,1.99,Rice,237,Viet Nam,150615.0,189784.59,0.7936102715188836
176,Timor-Leste,2017,Wheat and products,186.76,5.32,2.11,Wheat,101,Indonesia,17064.61,17067.84,0.9998107551980802
176,Timor-Leste,2019,Maize and products,380.01,7.86,3.23,Maize,101,Indonesia,8.27,9.63,0.8587746625129802
176,Timor-Leste,2019,Rice and products,753.08,15.35,2.0,Rice,237,Viet Nam,171607.15000000002,281699.88,0.609184320561301
176,Timor-Leste,2019,Wheat and products,159.99,4.65,1.48,Wheat,101,Indonesia,16873.78,16879.159999999996,0.9996812637595712
176,Timor-Leste,2020,Maize and products,367.65,7.6,3.12,Maize,101,Indonesia,61.0,62.32,0.978818998716303
176,Timor-Leste,2020,Rice and products,771.7,15.73,2.06,Rice,237,Viet Nam,90096.42,164204.59,0.5486839314296879
176,Timor-Leste,2020,Wheat and products,167.12,4.64,2.03,Wheat,101,Indonesia,17204.940000000002,17216.27,0.9993419015849544
176,Timor-Leste,2021,Maize and products,306.13,6.33,2.6,Maize,101,Indonesia,151.15,152.15,0.9934275386132106
176,Timor-Leste,2021,Rice and products,857.22,17.43,2.21,Rice,100,India,88596.1,257397.02,0.3442001776088938
176,Timor-Leste,2021,Wheat and products,164.37,4.68,1.79,Wheat,101,Indonesia,15764.11,15959.7,0.9877447571069632
176,Timor-Leste,2022,Maize and products,311.82,6.45,2.65,Maize,101,Indonesia,308.06,310.93,0.9907696266040588
176,Timor-Leste,2022,Rice and products,853.02,17.34,2.2,Rice,100,India,104915.29,229212.91,0.4577198116807643
176,Timor-Leste,2022,Wheat and products,172.37,4.72,2.23,Wheat,101,Indonesia,15531.99,15565.58,0.9978420335124036
176,Timor-Leste,2023,Maize and products,356.32,7.37,3.03,Maize,101,Indonesia,333.03,429.97,0.7745424099355768
176,Timor-Leste,2023,Rice and products,774.48,15.71,2.0,Rice,100,India,121012.62,196827.41,0.6148158937822735
176,Timor-Leste,2023,Wheat and products,193.82,5.19,2.82,Wheat,101,Indonesia,17195.63,17220.340000000004,0.9985650689823776
179,Qatar,2019,Maize and products,18.15,0.4,0.15,Maize,183,Romania,23772.48,68078.14,0.3491940290965646
179,Qatar,2019,Rice and products,640.17,13.02,1.66,Rice,100,India,327909.43,402352.73,0.8149800052307338
179,Qatar,2019,Wheat and products,669.28,19.84,6.08,Wheat,33,Canada,47043.9,228785.26,0.2056246980246892
179,Qatar,2020,Maize and products,29.13,0.63,0.24,Maize,183,Romania,70054.79,95215.42,0.7357504698293617
179,Qatar,2020,Rice and products,630.96,12.84,1.63,Rice,100,India,390164.61,450082.21,0.8668740984008233
179,Qatar,2020,Wheat and products,642.41,18.74,6.44,Wheat,100,India,42550.64,160226.04,0.2655663211797532
179,Qatar,2021,Maize and products,27.47,0.59,0.23,Maize,183,Romania,19974.01,72221.31,0.276566708634889
179,Qatar,2021,Rice and products,634.66,12.9,1.65,Rice,100,India,276900.93000000005,321167.9100000001,0.8621687328600169
179,Qatar,2021,Wheat and products,659.5,19.65,5.73,Wheat,100,India,147909.86,228357.59,0.6477116000392191
179,Qatar,2022,Maize and products,25.04,0.55,0.2,Maize,183,Romania,25901.39,73494.61,0.3524257084975347
179,Qatar,2022,Rice and products,598.0,12.17,1.54,Rice,100,India,301800.72,351621.93,0.8583102879845975
179,Qatar,2022,Wheat and products,600.86,17.09,6.82,Wheat,100,India,100375.85,118514.42,0.8469505229827728
179,Qatar,2023,Maize and products,33.95,0.72,0.28,Maize,9,Argentina,21933.12,56292.52,0.389627609494121
179,Qatar,2023,Rice and products,631.2,12.84,1.63,Rice,100,India,276405.5,313049.96,0.8829437320483925
179,Qatar,2023,Wheat and products,664.25,19.93,6.86,Wheat,183,Romania,22528.22,48979.740000000005,0.4599497669852881
181,Zimbabwe,2010,Maize and products,655.34,13.55,5.57,Maize,202,South Africa,110590.0,173825.0,0.6362145836329642
181,Zimbabwe,2010,Rice and products,83.1,1.67,0.22,Rice,202,South Africa,17299.5,106799.2,0.1619815504235986
181,Zimbabwe,2010,Wheat and products,233.06,7.27,1.59,Wheat,225,United Arab Emirates,155219.0,418853.0,0.3705810869207097
181,Zimbabwe,2011,Maize and products,622.88,12.88,5.29,Maize,251,Zambia,338454.0,457792.0,0.7393182930239061
181,Zimbabwe,2011,Rice and products,92.94,1.87,0.24,Rice,144,Mozambique,26227.9,130554.45,0.2008962543980691
181,Zimbabwe,2011,Wheat and products,216.76,6.62,1.56,Wheat,202,South Africa,123661.0,422379.0,0.2927726046986237
181,Zimbabwe,2012,Maize and products,627.76,12.98,5.34,Maize,251,Zambia,428380.0,433057.0,0.9892000360229716
181,Zimbabwe,2012,Rice and products,105.7,2.13,0.27,Rice,165,Pakistan,48352.0,158587.15,0.3048922942369542
181,Zimbabwe,2012,Wheat and products,211.93,6.63,1.46,Wheat,202,South Africa,96485.0,293020.0,0.3292778649921507
181,Zimbabwe,2013,Maize and products,623.79,12.9,5.3,Maize,202,South Africa,176192.0,303451.0,0.5806275148211738
181,Zimbabwe,2013,Rice and products,105.25,2.12,0.27,Rice,165,Pakistan,64547.0,172951.75,0.373208134638707
181,Zimbabwe,2013,Wheat and products,209.23,6.61,1.47,Wheat,202,South Africa,70186.0,238079.0,0.2948013054490316
181,Zimbabwe,2014,Maize and products,566.62,11.72,4.82,Maize,202,South Africa,189407.77,287431.96,0.6589655861512409
181,Zimbabwe,2014,Rice and products,112.59,2.27,0.29,Rice,216,Thailand,68676.68000000001,201569.0,0.3407105259241252
181,Zimbabwe,2014,Wheat and products,217.35,6.84,1.47,Wheat,202,South Africa,109501.83,259795.91,0.4214917394196082
181,Zimbabwe,2015,Maize and products,552.57,11.43,4.7,Maize,251,Zambia,566692.97,571750.2999999999,0.9911546526516908
181,Zimbabwe,2015,Rice and products,126.06,2.54,0.33,Rice,216,Thailand,78239.52,216742.1,0.3609798004171778
181,Zimbabwe,2015,Wheat and products,215.95,6.9,1.25,Wheat,202,South Africa,152825.9,315860.53,0.4838398137304461
181,Zimbabwe,2016,Maize and products,613.65,12.69,5.22,Maize,251,Zambia,290042.94,821672.4199999999,0.3529909644527195
181,Zimbabwe,2016,Rice and products,114.56,2.31,0.3,Rice,202,South Africa,71334.86,204781.6,0.3483460428085336
181,Zimbabwe,2016,Wheat and products,210.71,6.79,1.19,Wheat,202,South Africa,106461.26,309713.15,0.3437414911184752
181,Zimbabwe,2017,Maize and products,713.03,14.75,6.06,Maize,202,South Africa,152617.69,308267.03,0.4950827534167374
181,Zimbabwe,2017,Rice and products,95.18,1.92,0.25,Rice,216,Thailand,78203.24,176372.85,0.4433972689107195
181,Zimbabwe,2017,Wheat and products,167.12,5.41,0.94,Wheat,173,Poland,62014.99,213604.88,0.2903257172776202
181,Zimbabwe,2018,Maize and products,752.42,15.56,6.39,Maize,138,Mexico,45681.3,92846.57,0.4920084823812016
181,Zimbabwe,2018,Rice and products,80.24,1.62,0.21,Rice,216,Thailand,100551.5,195168.86,0.5152025789360045
181,Zimbabwe,2018,Wheat and products,160.58,5.23,0.87,Wheat,126,Lithuania,54155.4,278410.56,0.1945163286909807
181,Zimbabwe,2019,Maize and products,740.05,15.3,6.29,Maize,202,South Africa,25360.29,73601.03,0.3445643355806298
181,Zimbabwe,2019,Rice and products,81.04,1.63,0.21,Rice,216,Thailand,27231.0,88981.54,0.306029767522567
181,Zimbabwe,2019,Wheat and products,150.61,4.9,0.78,Wheat,202,South Africa,44892.2,132910.3,0.337763137996077
181,Zimbabwe,2020,Maize and products,705.87,14.6,6.0,Maize,202,South Africa,648142.32,874452.2599999999,0.7411980615156738
181,Zimbabwe,2020,Rice and products,90.12,1.82,0.23,Rice,165,Pakistan,53362.62,199519.97,0.2674550321955241
181,Zimbabwe,2020,Wheat and products,173.33,5.64,0.89,Wheat,202,South Africa,92987.97,289435.49,0.3212735590925633
181,Zimbabwe,2021,Maize and products,630.83,13.05,5.36,Maize,202,South Africa,257776.13,352282.37,0.7317315652213876
181,Zimbabwe,2021,Rice and products,100.65,2.04,0.29,Rice,165,Pakistan,58230.8,205122.43,0.2838831423750196
181,Zimbabwe,2021,Wheat and products,219.82,7.19,1.15,Wheat,10,Australia,45470.8,214203.67,0.2122783423832094
181,Zimbabwe,2022,Maize and products,569.8,11.78,4.84,Maize,251,Zambia,72832.1,119020.3,0.6119300657114795
181,Zimbabwe,2022,Rice and products,117.54,2.37,0.3,Rice,165,Pakistan,59386.8,245799.38,0.2416067933124973
181,Zimbabwe,2022,Wheat and products,187.38,6.13,0.98,Wheat,202,South Africa,120204.82,200801.53,0.5986250204368463
181,Zimbabwe,2023,Maize and products,536.53,11.1,4.56,Maize,202,South Africa,370251.68,379727.71,0.9750451975179794
181,Zimbabwe,2023,Rice and products,121.37,2.44,0.31,Rice,100,India,91208.62,291083.77,0.3133414824193049
181,Zimbabwe,2023,Wheat and products,247.89,8.1,1.36,Wheat,202,South Africa,128465.3,279410.69,0.4597723157979388
183,Romania,2010,Maize and products,216.09,4.49,1.83,Maize,97,Hungary,280764.0,430413.0,0.6523130109917684
183,Romania,2010,Rice and products,28.1,0.58,0.08,Rice,27,Bulgaria,28244.25,75905.15000000001,0.3720992580872312
183,Romania,2010,Wheat and products,822.27,25.78,4.28,Wheat,97,Hungary,439815.0,804958.0,0.5463825441824294
183,Romania,2011,Maize and products,232.26,4.83,1.97,Maize,97,Hungary,160685.0,373882.0,0.4297746347778176
183,Romania,2011,Rice and products,26.59,0.54,0.07,Rice,27,Bulgaria,37885.05,141704.1,0.2673532381914144
183,Romania,2011,Wheat and products,812.9,25.41,4.4,Wheat,97,Hungary,295776.0,702570.0,0.4209915026260728
183,Romania,2012,Maize and products,199.13,4.13,1.69,Maize,97,Hungary,523940.0,698580.0,0.7500071573763921
183,Romania,2012,Rice and products,30.41,0.63,0.1,Rice,27,Bulgaria,31472.75,70727.7,0.4449847796549301
183,Romania,2012,Wheat and products,859.44,26.8,4.7,Wheat,27,Bulgaria,408294.0,643028.0,0.6349552430065254
183,Romania,2013,Maize and products,246.78,5.12,2.09,Maize,27,Bulgaria,145044.0,284167.0,0.510418169597455
183,Romania,2013,Rice and products,27.69,0.57,0.08,Rice,27,Bulgaria,33312.5,85269.4,0.3906735593307799
183,Romania,2013,Wheat and products,866.48,26.92,4.92,Wheat,27,Bulgaria,486851.0,796948.0,0.6108943117995151
183,Romania,2014,Maize and products,210.49,4.37,1.78,Maize,27,Bulgaria,384354.1,471204.61,0.8156840825474946
183,Romania,2014,Rice and products,30.09,0.62,0.09,Rice,27,Bulgaria,48323.65,95812.6,0.5043558989109992
183,Romania,2014,Wheat and products,920.61,28.63,5.2,Wheat,27,Bulgaria,484033.2,797808.83,0.6067032374159108
183,Romania,2015,Maize and products,210.42,4.37,1.78,Maize,27,Bulgaria,386328.3,701224.08,0.550934160732187
183,Romania,2015,Rice and products,28.23,0.58,0.08,Rice,27,Bulgaria,38405.27,103952.37,0.3694506435976399
183,Romania,2015,Wheat and products,931.14,28.92,5.33,Wheat,97,Hungary,393746.3000000001,802544.5800000001,0.4906223402567868
183,Romania,2016,Maize and products,252.28,5.24,2.14,Maize,27,Bulgaria,284822.04,583451.47,0.4881674906055168
183,Romania,2016,Rice and products,30.18,0.62,0.09,Rice,27,Bulgaria,54536.6,98606.51,0.5530730171872019
183,Romania,2016,Wheat and products,914.48,28.36,5.34,Wheat,97,Hungary,1243693.52,2283526.66,0.5446371797559834
183,Romania,2017,Maize and products,253.87,5.27,2.15,Maize,97,Hungary,397362.04,475188.26,0.8362202382693545
183,Romania,2017,Rice and products,28.01,0.57,0.08,Rice,27,Bulgaria,43524.95,78612.34,0.553665620435672
183,Romania,2017,Wheat and products,909.49,28.14,5.45,Wheat,97,Hungary,894732.18,1449658.85,0.6172018885684725
183,Romania,2018,Maize and products,256.88,5.33,2.18,Maize,27,Bulgaria,315835.08,412965.66,0.7647974410269367
183,Romania,2018,Rice and products,29.08,0.59,0.08,Rice,27,Bulgaria,59015.73,91587.92,0.6443615053164216
183,Romania,2018,Wheat and products,921.55,28.55,5.44,Wheat,27,Bulgaria,453183.88,826388.84,0.5483906099215958
183,Romania,2019,Maize and products,255.68,5.32,2.16,Maize,27,Bulgaria,496624.59,618394.47,0.8030870489511331
183,Romania,2019,Rice and products,32.2,0.68,0.13,Rice,27,Bulgaria,49754.25,96352.46,0.5163775787354054
183,Romania,2019,Wheat and products,944.56,29.15,5.71,Wheat,97,Hungary,526989.65,997465.98,0.5283284448458082
183,Romania,2020,Maize and products,240.71,5.0,2.04,Maize,97,Hungary,697090.38,1348875.95,0.5167935420599649
183,Romania,2020,Rice and products,35.92,0.77,0.17,Rice,27,Bulgaria,66188.76,106494.36,0.6215236187155826
183,Romania,2020,Wheat and products,930.31,28.56,5.74,Wheat,97,Hungary,875048.78,1360124.88,0.6433591450808546
183,Romania,2021,Maize and products,229.86,4.78,1.95,Maize,97,Hungary,532277.58,961439.63,0.5536255874952856
183,Romania,2021,Rice and products,27.15,0.59,0.14,Rice,27,Bulgaria,48844.93,92665.31,0.5271112782118789
183,Romania,2021,Wheat and products,934.7,28.59,6.01,Wheat,27,Bulgaria,588036.28,1110106.41,0.5297116336802342
183,Romania,2022,Maize and products,227.53,4.72,1.93,Maize,230,Ukraine,747002.84,1340089.44,0.5574275997578192
183,Romania,2022,Rice and products,47.91,1.04,0.26,Rice,27,Bulgaria,102088.59,172065.72,0.5933116137252673
183,Romania,2022,Wheat and products,949.54,28.91,6.33,Wheat,230,Ukraine,512282.72,1241171.31,0.4127413483316819
183,Romania,2023,Maize and products,224.87,4.66,1.91,Maize,230,Ukraine,585940.92,879135.3899999999,0.6664967952205861
183,Romania,2023,Rice and products,22.72,0.49,0.11,Rice,27,Bulgaria,70323.75,99103.11,0.7096018480146586
183,Romania,2023,Wheat and products,976.71,29.85,6.32,Wheat,146,Republic of Moldova,366093.43,982678.02,0.3725466760719854
184,Rwanda,2010,Maize and products,239.62,5.76,2.34,Maize,250,Democratic Republic of the Congo,94175.0,118065.0,0.7976538347520433
184,Rwanda,2010,Rice and products,71.29,1.45,0.18,Rice,68,France,76478.0,82858.0,0.923000796543484
184,Rwanda,2010,Wheat and products,43.99,1.41,0.29,Wheat,185,Russian Federation,28473.0,54122.0,0.5260892058682236
184,Rwanda,2011,Maize and products,247.12,5.95,2.42,Maize,226,Uganda,51553.0,66557.0,0.7745691662785282
184,Rwanda,2011,Rice and products,73.69,1.5,0.19,Rice,215,United Republic of Tanzania,48456.0,78054.35,0.6207982002284306
184,Rwanda,2011,Wheat and products,54.26,1.75,0.39,Wheat,231,United States of America,21040.0,84851.0,0.2479640782076817
184,Rwanda,2012,Maize and products,263.72,6.4,2.6,Maize,226,Uganda,77731.0,101154.0,0.7684421772742551
184,Rwanda,2012,Rice and products,86.45,1.76,0.22,Rice,165,Pakistan,68054.0,106752.8,0.637491475633426
184,Rwanda,2012,Wheat and products,40.26,1.32,0.33,Wheat,185,Russian Federation,44137.0,93422.0,0.4724476033482477
184,Rwanda,2013,Maize and products,275.9,6.69,2.72,Maize,226,Uganda,56597.0,62939.0,0.8992357679658082
184,Rwanda,2013,Rice and products,64.72,1.32,0.17,Rice,165,Pakistan,87745.0,112062.2,0.7830026538832898
184,Rwanda,2013,Wheat and products,50.08,1.63,0.36,Wheat,59,Egypt,889.0,1508.0,0.5895225464190982
184,Rwanda,2014,Maize and products,465.75,11.32,4.6,Maize,226,Uganda,78689.33,89602.66,0.8782030578110069
184,Rwanda,2014,Rice and products,62.08,1.26,0.16,Rice,165,Pakistan,65774.58,80868.85,0.8133487739716837
184,Rwanda,2014,Wheat and products,79.2,2.57,0.53,Wheat,185,Russian Federation,94204.68,139444.66999999998,0.6755703176033907
184,Rwanda,2015,Maize and products,292.69,7.12,2.89,Maize,226,Uganda,87022.84,88533.75,0.9829340788117524
184,Rwanda,2015,Rice and products,115.33,2.34,0.3,Rice,165,Pakistan,131371.37,151431.18999999997,0.8675317812664618
184,Rwanda,2015,Wheat and products,59.18,1.95,0.32,Wheat,185,Russian Federation,57407.7,103428.38,0.5550478505029277
184,Rwanda,2016,Maize and products,325.58,7.88,3.2,Maize,226,Uganda,107608.48,122221.23,0.8804401657551638
184,Rwanda,2016,Rice and products,162.79,3.29,0.42,Rice,165,Pakistan,163042.53,213347.68,0.7642104662211465
184,Rwanda,2016,Wheat and products,74.85,2.39,0.56,Wheat,185,Russian Federation,68080.0,125059.6,0.544380439406491
184,Rwanda,2017,Maize and products,326.67,7.89,3.2,Maize,226,Uganda,99472.27,139362.05000000002,0.7137687053254455
184,Rwanda,2017,Rice and products,149.77,3.04,0.39,Rice,165,Pakistan,179688.7,272308.05,0.6598728902799605
184,Rwanda,2017,Wheat and products,106.0,3.47,0.67,Wheat,185,Russian Federation,132898.5,210270.18,0.6320368394605455
184,Rwanda,2018,Maize and products,337.96,8.21,3.34,Maize,226,Uganda,129643.09,137796.71,0.94082863081419
184,Rwanda,2018,Rice and products,121.15,2.46,0.31,Rice,165,Pakistan,170886.62,257989.37,0.6623785313325119
184,Rwanda,2018,Wheat and products,88.14,2.93,0.53,Wheat,185,Russian Federation,171230.13,213445.64,0.8022189162542743
184,Rwanda,2019,Maize and products,274.69,6.75,2.74,Maize,215,United Republic of Tanzania,55340.18,77137.0,0.717427175026252
184,Rwanda,2019,Rice and products,102.04,2.08,0.26,Rice,165,Pakistan,157943.12,217793.16,0.7251977977637131
184,Rwanda,2019,Wheat and products,79.21,2.63,0.47,Wheat,185,Russian Federation,86524.4,188367.0,0.4593394809069528
184,Rwanda,2020,Maize and products,314.09,7.7,3.13,Maize,215,United Republic of Tanzania,63968.4,76236.65000000001,0.8390767432724286
184,Rwanda,2020,Rice and products,131.84,2.68,0.34,Rice,165,Pakistan,208364.0,367534.44,0.5669237418947731
184,Rwanda,2020,Wheat and products,40.29,1.32,0.27,Wheat,185,Russian Federation,141714.96,218152.46,0.6496143110190002
184,Rwanda,2021,Maize and products,280.7,6.94,2.81,Maize,215,United Republic of Tanzania,63720.92,67742.36,0.9406362577270706
184,Rwanda,2021,Rice and products,126.83,2.58,0.33,Rice,215,United Republic of Tanzania,180938.35,309650.14,0.5843315620654975
184,Rwanda,2021,Wheat and products,70.2,2.34,0.42,Wheat,185,Russian Federation,95328.6,192768.82,0.4945229212898642
184,Rwanda,2022,Maize and products,313.76,7.72,3.13,Maize,215,United Republic of Tanzania,71300.75,143681.15,0.4962428961627882
184,Rwanda,2022,Rice and products,168.98,3.44,0.44,Rice,165,Pakistan,190777.06,489238.88,0.389946645287063
184,Rwanda,2022,Wheat and products,81.07,2.63,0.62,Wheat,185,Russian Federation,58800.0,198524.52,0.2961850757780449
185,Russian Federation,2010,Maize and products,4.35,0.09,0.04,Maize,230,Ukraine,17059.0,36446.0,0.4680623388026121
185,Russian Federation,2010,Rice and products,46.38,0.94,0.12,Rice,237,Viet Nam,149084.0,438748.65,0.339793638111479
185,Russian Federation,2010,Wheat and products,976.23,30.8,4.62,Wheat,108,Kazakhstan,74378.0,81830.0,0.9089331540999632
185,Russian Federation,2011,Maize and products,4.65,0.1,0.04,Maize,230,Ukraine,87257.0,114224.0,0.763911262081524
185,Russian Federation,2011,Rice and products,45.22,0.92,0.12,Rice,237,Viet Nam,99992.0,355291.45,0.2814365501899919
185,Russian Federation,2011,Wheat and products,956.95,30.2,4.51,Wheat,106,Italy,3835.0,9319.0,0.4115248417212147
185,Russian Federation,2012,Maize and products,4.44,0.09,0.04,Maize,230,Ukraine,10571.0,40895.0,0.2584912581000122
185,Russian Federation,2012,Rice and products,34.44,0.7,0.09,Rice,100,India,110414.0,394747.9,0.2797076311235601
185,Russian Federation,2012,Wheat and products,981.21,30.94,4.68,Wheat,108,Kazakhstan,376639.0,397068.0,0.9485503742432028
185,Russian Federation,2013,Maize and products,2.91,0.06,0.02,Maize,230,Ukraine,17146.0,55270.0,0.3102225438755202
185,Russian Federation,2013,Rice and products,43.31,0.88,0.11,Rice,237,Viet Nam,179224.0,474455.0500000001,0.3777470594948878
185,Russian Federation,2013,Wheat and products,955.79,30.14,4.57,Wheat,108,Kazakhstan,936021.0,982968.0,0.9522395439119076
185,Russian Federation,2014,Maize and products,3.96,0.08,0.03,Maize,97,Hungary,14073.25,52727.58,0.2669049101058687
185,Russian Federation,2014,Rice and products,49.19,1.0,0.13,Rice,100,India,196467.92,581155.51,0.3380642816240355
185,Russian Federation,2014,Wheat and products,985.02,31.05,4.73,Wheat,108,Kazakhstan,406890.22,433566.13,0.938473261276198
185,Russian Federation,2015,Maize and products,4.6,0.1,0.04,Maize,97,Hungary,11757.13,43645.77,0.2693761617677956
185,Russian Federation,2015,Rice and products,49.39,1.0,0.13,Rice,100,India,131843.54,434914.2,0.3031483911079473
185,Russian Federation,2015,Wheat and products,1039.98,32.8,4.95,Wheat,108,Kazakhstan,351871.03,416911.66,0.8439942169043677
185,Russian Federation,2016,Maize and products,4.04,0.08,0.03,Maize,97,Hungary,11922.62,41123.81,0.289920121700786
185,Russian Federation,2016,Rice and products,50.75,1.01,0.14,Rice,100,India,164976.22999999998,394987.89,0.4176741469213145
185,Russian Federation,2016,Wheat and products,1042.09,32.87,4.95,Wheat,108,Kazakhstan,445833.58,622441.47,0.7162658683393959
185,Russian Federation,2017,Maize and products,3.93,0.08,0.03,Maize,97,Hungary,14925.69,52286.68,0.28545874398604
185,Russian Federation,2017,Rice and products,50.14,1.01,0.13,Rice,100,India,116749.18,409104.24,0.2853775849402098
185,Russian Federation,2017,Wheat and products,1046.91,33.01,5.0,Wheat,108,Kazakhstan,143084.26,311118.2,0.4599032136339179
185,Russian Federation,2018,Maize and products,3.53,0.07,0.03,Maize,97,Hungary,14413.05,44181.82,0.3262212828715521
185,Russian Federation,2018,Rice and products,46.93,0.95,0.12,Rice,100,India,137318.26,411422.53,0.3337645607303032
185,Russian Federation,2018,Wheat and products,981.59,30.82,4.96,Wheat,108,Kazakhstan,260592.35,395506.71,0.6588822475350671
185,Russian Federation,2019,Maize and products,4.87,0.1,0.04,Maize,97,Hungary,10040.7,33180.78,0.3026059061902704
185,Russian Federation,2019,Rice and products,45.65,0.93,0.12,Rice,100,India,176094.45,449613.43000000005,0.3916574511575421
185,Russian Federation,2019,Wheat and products,978.34,30.8,4.79,Wheat,108,Kazakhstan,250633.49,265792.47,0.9429668568112558
185,Russian Federation,2020,Maize and products,7.43,0.15,0.06,Maize,230,Ukraine,15737.11,51319.18,0.3066516261561467
185,Russian Federation,2020,Rice and products,49.17,1.0,0.13,Rice,100,India,261320.19,408646.06,0.6394780607942238
185,Russian Federation,2020,Wheat and products,1007.82,31.74,4.87,Wheat,108,Kazakhstan,210456.69,236664.43,0.8892620238706763
185,Russian Federation,2021,Maize and products,5.32,0.11,0.05,Maize,97,Hungary,9693.18,35045.41,0.2765891453402885
185,Russian Federation,2021,Rice and products,46.17,0.93,0.12,Rice,100,India,260679.66,347945.99,0.7491957588015312
185,Russian Federation,2021,Wheat and products,1015.56,32.02,4.81,Wheat,108,Kazakhstan,152845.19,185467.63,0.8241070962086484
188,Saint Kitts and Nevis,2015,Maize and products,5.33,0.11,0.05,Maize,231,United States of America,32.01,35.73,0.8958858102434929
188,Saint Kitts and Nevis,2015,Rice and products,262.26,5.45,0.91,Rice,231,United States of America,1282.98,2102.62,0.6101815829774282
188,Saint Kitts and Nevis,2015,Wheat and products,449.73,13.28,4.05,Wheat,191,Saint Vincent and the Grenadines,1237.52,2398.53,0.5159493523116242
188,Saint Kitts and Nevis,2016,Maize and products,9.48,0.2,0.08,Maize,231,United States of America,37.82,38.8,0.9747422680412372
188,Saint Kitts and Nevis,2016,Rice and products,255.76,5.36,1.0,Rice,231,United States of America,1505.6,2831.88,0.531660946085286
188,Saint Kitts and Nevis,2016,Wheat and products,408.67,12.32,3.44,Wheat,86,Grenada,836.89,1722.61,0.4858267396566837
188,Saint Kitts and Nevis,2017,Maize and products,9.84,0.2,0.08,Maize,231,United States of America,25.94,27.09,0.9575489110372832
188,Saint Kitts and Nevis,2017,Rice and products,222.41,4.63,0.8,Rice,231,United States of America,1647.76,2415.7200000000003,0.6820989187488615
188,Saint Kitts and Nevis,2017,Wheat and products,433.4,12.75,4.04,Wheat,86,Grenada,832.12,1622.88,0.5127427782707286
189,Saint Lucia,2014,Maize and products,23.38,0.53,0.18,Maize,231,United States of America,49.79,69.37,0.7177454230935563
189,Saint Lucia,2014,Rice and products,138.02,3.07,0.79,Rice,191,Saint Vincent and the Grenadines,1445.82,3058.08,0.4727868466488777
189,Saint Lucia,2014,Wheat and products,662.57,19.49,6.2,Wheat,191,Saint Vincent and the Grenadines,5462.42,12064.64,0.4527627844676675
189,Saint Lucia,2016,Maize and products,53.92,1.23,0.42,Maize,231,United States of America,52.78,54.01,0.977226439548232
189,Saint Lucia,2016,Rice and products,129.65,2.85,0.74,Rice,91,Guyana,2305.37,4149.08,0.5556340200719195
189,Saint Lucia,2016,Wheat and products,661.88,19.44,6.26,Wheat,191,Saint Vincent and the Grenadines,4905.66,10515.16,0.4665321307521711
189,Saint Lucia,2017,Maize and products,38.43,0.84,0.31,Maize,231,United States of America,1927.37,1927.95,0.9996991623226744
189,Saint Lucia,2017,Rice and products,92.6,2.0,0.48,Rice,91,Guyana,2368.56,3975.21,0.5958326729908608
189,Saint Lucia,2017,Wheat and products,662.54,19.38,6.29,Wheat,191,Saint Vincent and the Grenadines,4018.17,12632.42,0.3180839459106014
189,Saint Lucia,2018,Maize and products,63.66,1.37,0.52,Maize,231,United States of America,61.59,61.900000000000006,0.9949919224555734
189,Saint Lucia,2018,Rice and products,79.38,1.73,0.44,Rice,91,Guyana,3421.87,3759.29,0.9102436896328828
189,Saint Lucia,2018,Wheat and products,655.02,19.17,6.18,Wheat,191,Saint Vincent and the Grenadines,2759.44,5933.22,0.4650830409120174
189,Saint Lucia,2019,Maize and products,45.46,0.97,0.38,Maize,231,United States of America,52.24,52.47,0.995616542786354
189,Saint Lucia,2019,Rice and products,111.4,2.38,0.52,Rice,91,Guyana,3785.27,4029.15,0.9394711043272154
189,Saint Lucia,2019,Wheat and products,695.87,20.56,6.07,Wheat,191,Saint Vincent and the Grenadines,2529.91,5364.06,0.4716408839573009
189,Saint Lucia,2020,Maize and products,52.39,1.11,0.44,Maize,231,United States of America,44.13,56.19,0.7853710624666311
189,Saint Lucia,2020,Rice and products,123.12,2.65,0.62,Rice,91,Guyana,3980.83,4264.73,0.9334307212883348
189,Saint Lucia,2020,Wheat and products,734.8,22.26,6.29,Wheat,191,Saint Vincent and the Grenadines,3039.78,4866.280000000001,0.624661959443353
191,Saint Vincent and the Grenadines,2010,Maize and products,73.71,1.53,0.62,Maize,231,United States of America,3634.0,3659.0,0.9931675321125992
191,Saint Vincent and the Grenadines,2010,Rice and products,245.17,4.99,0.64,Rice,231,United States of America,4697.9,6381.599999999999,0.7361633446157704
191,Saint Vincent and the Grenadines,2010,Wheat and products,483.78,14.56,3.53,Wheat,231,United States of America,21394.0,21395.0,0.9999532601075016
191,Saint Vincent and the Grenadines,2014,Maize and products,132.68,2.77,1.12,Maize,231,United States of America,6107.63,6125.76,0.9970403672360654
191,Saint Vincent and the Grenadines,2014,Rice and products,290.36,5.98,0.9,Rice,91,Guyana,3467.95,5936.88,0.5841367856517228
191,Saint Vincent and the Grenadines,2014,Wheat and products,534.43,15.54,5.24,Wheat,231,United States of America,28252.92,28268.24,0.99945804903312
191,Saint Vincent and the Grenadines,2015,Maize and products,104.53,2.18,0.88,Maize,231,United States of America,6637.73,6661.429999999999,0.9964422053523042
191,Saint Vincent and the Grenadines,2015,Rice and products,260.78,5.34,0.75,Rice,91,Guyana,2130.18,3780.1,0.5635247744768656
191,Saint Vincent and the Grenadines,2015,Wheat and products,602.34,17.38,6.17,Wheat,231,United States of America,32271.35,32311.49,0.9987577174559268
191,Saint Vincent and the Grenadines,2016,Maize and products,99.89,2.09,0.84,Maize,231,United States of America,5456.97,5470.9400000000005,0.9974465082782848
191,Saint Vincent and the Grenadines,2016,Rice and products,119.62,2.62,0.72,Rice,91,Guyana,3279.67,4227.27,0.7758364145181168
191,Saint Vincent and the Grenadines,2016,Wheat and products,632.55,17.93,7.2,Wheat,231,United States of America,28643.53,28645.8,0.9999207562714256
191,Saint Vincent and the Grenadines,2017,Maize and products,102.67,2.16,0.86,Maize,231,United States of America,7351.69,7366.269999999999,0.9980207079023712
191,Saint Vincent and the Grenadines,2017,Rice and products,132.84,2.89,0.76,Rice,91,Guyana,5489.0,5775.63,0.9503725134747204
191,Saint Vincent and the Grenadines,2017,Wheat and products,570.55,16.42,5.94,Wheat,231,United States of America,26382.02,26424.82,0.9983803106322012
191,Saint Vincent and the Grenadines,2018,Maize and products,86.63,1.83,0.72,Maize,231,United States of America,5350.75,5367.43,0.9968923674831344
191,Saint Vincent and the Grenadines,2018,Rice and products,91.88,1.98,0.49,Rice,91,Guyana,4019.63,4305.12,0.9336859367450848
191,Saint Vincent and the Grenadines,2018,Wheat and products,582.26,16.4,6.7,Wheat,231,United States of America,22220.9,22403.43,0.9918525868583516
191,Saint Vincent and the Grenadines,2019,Maize and products,71.39,1.53,0.59,Maize,231,United States of America,10963.58,10983.39,0.998196367423901
191,Saint Vincent and the Grenadines,2019,Rice and products,62.87,1.33,0.29,Rice,91,Guyana,2290.23,2549.51,0.8983020266639471
191,Saint Vincent and the Grenadines,2019,Wheat and products,571.59,15.91,6.87,Wheat,231,United States of America,24818.98,24946.91,0.9948719099880506
191,Saint Vincent and the Grenadines,2020,Maize and products,73.33,1.57,0.61,Maize,231,United States of America,8798.63,8827.98,0.996675343623343
191,Saint Vincent and the Grenadines,2020,Rice and products,71.13,1.52,0.34,Rice,91,Guyana,2310.52,2489.05,0.928273839416645
191,Saint Vincent and the Grenadines,2020,Wheat and products,600.82,16.66,7.76,Wheat,231,United States of America,25885.04,26111.85,0.9913139053724648
191,Saint Vincent and the Grenadines,2021,Maize and products,81.07,1.77,0.66,Maize,231,United States of America,13823.05,13977.7,0.9889359479742732
191,Saint Vincent and the Grenadines,2021,Rice and products,70.33,1.52,0.37,Rice,91,Guyana,1947.65,2025.2200000000005,0.9616979883666958
191,Saint Vincent and the Grenadines,2021,Wheat and products,543.54,15.3,6.09,Wheat,231,United States of America,23239.82,23493.35,0.9892084355785786
191,Saint Vincent and the Grenadines,2022,Maize and products,81.78,1.76,0.67,Maize,231,United States of America,8947.0,8968.46,0.997607170015811
191,Saint Vincent and the Grenadines,2022,Rice and products,140.47,3.08,0.84,Rice,91,Guyana,1965.74,2518.1,0.780644136452087
191,Saint Vincent and the Grenadines,2022,Wheat and products,529.57,14.96,6.04,Wheat,231,United States of America,21145.03,21177.17,0.9984823279031144
191,Saint Vincent and the Grenadines,2023,Maize and products,85.78,1.86,0.7,Maize,231,United States of America,10723.0,10749.11,0.9975709616889212
191,Saint Vincent and the Grenadines,2023,Rice and products,128.79,2.82,0.77,Rice,91,Guyana,2135.97,2236.93,0.9548667146490948
191,Saint Vincent and the Grenadines,2023,Wheat and products,561.68,15.81,6.46,Wheat,231,United States of America,29589.68,29630.48,0.998623039518766
193,Sao Tome and Principe,2012,Maize and products,65.35,1.35,0.56,Maize,174,Portugal,28.0,28.0,1.0
193,Sao Tome and Principe,2012,Rice and products,396.51,8.16,1.21,Rice,101,Indonesia,2502.0,8642.25,0.2895079406404582
193,Sao Tome and Principe,2012,Wheat and products,388.89,11.94,2.62,Wheat,174,Portugal,5438.0,6559.0,0.8290898002744321
193,Sao Tome and Principe,2013,Maize and products,63.67,1.32,0.54,Maize,174,Portugal,48.0,48.0,1.0
193,Sao Tome and Principe,2013,Rice and products,346.88,7.14,1.07,Rice,174,Portugal,5389.5,12652.3,0.42596998174245
193,Sao Tome and Principe,2013,Wheat and products,396.53,12.2,2.66,Wheat,174,Portugal,6113.0,6863.0,0.8907183447471951
193,Sao Tome and Principe,2014,Maize and products,67.23,1.39,0.57,Maize,174,Portugal,55.0,55.01,0.9998182148700236
193,Sao Tome and Principe,2014,Rice and products,328.19,6.76,1.03,Rice,174,Portugal,10372.8,15791.4,0.6568638626087617
193,Sao Tome and Principe,2014,Wheat and products,437.62,13.37,2.74,Wheat,174,Portugal,7006.09,7030.26,0.9965620048191676
193,Sao Tome and Principe,2015,Maize and products,66.63,1.38,0.57,Maize,174,Portugal,22.15,22.24,0.995953237410072
193,Sao Tome and Principe,2015,Rice and products,326.16,6.72,1.02,Rice,174,Portugal,5351.370000000001,17124.23,0.3125028103453411
193,Sao Tome and Principe,2015,Wheat and products,458.34,13.9,3.19,Wheat,174,Portugal,7163.35,7163.84,0.9999316009291108
193,Sao Tome and Principe,2016,Maize and products,62.86,1.3,0.53,Maize,174,Portugal,48.56,48.66,0.9979449239621866
193,Sao Tome and Principe,2016,Rice and products,326.87,6.74,1.02,Rice,174,Portugal,9003.36,16476.47,0.5464374347175093
193,Sao Tome and Principe,2016,Wheat and products,427.66,13.14,2.91,Wheat,174,Portugal,7361.23,7886.67,0.9333761904580766
193,Sao Tome and Principe,2017,Maize and products,58.73,1.21,0.5,Maize,174,Portugal,31.22,31.4,0.9942675159235668
193,Sao Tome and Principe,2017,Rice and products,344.39,7.09,1.07,Rice,174,Portugal,6266.87,16534.170000000002,0.3790253759335968
193,Sao Tome and Principe,2017,Wheat and products,408.27,12.44,3.04,Wheat,174,Portugal,6965.61,7465.2,0.9330774795049028
193,Sao Tome and Principe,2018,Maize and products,74.47,1.54,0.63,Maize,174,Portugal,85.52,85.66,0.9983656315666588
193,Sao Tome and Principe,2018,Rice and products,321.53,6.56,0.86,Rice,174,Portugal,5874.35,12790.94,0.4592586627722435
193,Sao Tome and Principe,2018,Wheat and products,444.22,13.57,3.18,Wheat,174,Portugal,7834.72,8352.73,0.9379831504190846
193,Sao Tome and Principe,2019,Maize and products,79.28,1.64,0.67,Maize,174,Portugal,41.28,41.57,0.9930238152513832
193,Sao Tome and Principe,2019,Rice and products,387.48,7.89,1.0,Rice,110,Japan,6360.72,19266.06,0.3301515722467386
193,Sao Tome and Principe,2019,Wheat and products,480.03,14.46,3.94,Wheat,174,Portugal,7277.84,8076.14,0.9011532737173948
193,Sao Tome and Principe,2020,Maize and products,63.6,1.32,0.54,Maize,174,Portugal,43.66,44.0,0.9922727272727272
193,Sao Tome and Principe,2020,Rice and products,434.59,8.85,1.14,Rice,21,Brazil,5376.6,18672.59,0.2879407730796852
193,Sao Tome and Principe,2020,Wheat and products,489.09,15.09,3.36,Wheat,174,Portugal,7289.81,8376.49,0.8702702444580009
193,Sao Tome and Principe,2021,Maize and products,57.86,1.2,0.49,Maize,174,Portugal,38.78,45.4,0.8541850220264318
193,Sao Tome and Principe,2021,Rice and products,450.53,9.17,1.16,Rice,110,Japan,11208.62,22915.65,0.4891251175506695
193,Sao Tome and Principe,2021,Wheat and products,486.98,14.7,3.75,Wheat,174,Portugal,6635.89,7948.150000000001,0.8348974289614565
193,Sao Tome and Principe,2022,Maize and products,63.62,1.32,0.54,Maize,174,Portugal,32.4,32.42,0.999383096853794
193,Sao Tome and Principe,2022,Rice and products,426.69,8.69,1.11,Rice,100,India,4492.04,20133.42,0.2231136091136031
193,Sao Tome and Principe,2022,Wheat and products,459.59,14.03,3.31,Wheat,174,Portugal,5261.54,7859.62,0.6694394894409653
193,Sao Tome and Principe,2023,Maize and products,52.46,1.08,0.45,Maize,174,Portugal,81.88,103.79,0.7889006648039311
193,Sao Tome and Principe,2023,Rice and products,411.22,8.37,1.06,Rice,100,India,5060.0,17834.28,0.2837232565598387
193,Sao Tome and Principe,2023,Wheat and products,355.51,10.93,2.49,Wheat,223,Türkiye,3225.7,6539.299999999999,0.4932790971510712
194,Saudi Arabia,2010,Maize and products,234.71,4.81,1.97,Maize,231,United States of America,751926.0,1925540.0,0.3905013658506185
194,Saudi Arabia,2010,Rice and products,400.54,8.15,1.04,Rice,100,India,1613316.45,2519167.05,0.6404166210414669
194,Saudi Arabia,2010,Wheat and products,832.72,26.17,4.05,Wheat,79,Germany,493164.0,1724283.0,0.2860110550298297
194,Saudi Arabia,2011,Maize and products,208.72,4.3,1.75,Maize,9,Argentina,690908.0,1647421.0,0.4193876367971514
194,Saudi Arabia,2011,Rice and products,387.2,7.88,1.01,Rice,100,India,1401485.8,2187274.25,0.6407453477770335
194,Saudi Arabia,2011,Wheat and products,785.91,24.7,3.82,Wheat,33,Canada,508816.0,2182223.0,0.2331640716828665
194,Saudi Arabia,2012,Maize and products,195.67,4.05,1.65,Maize,21,Brazil,748776.0,1910943.0,0.3918358632361091
194,Saudi Arabia,2012,Rice and products,383.7,7.81,1.0,Rice,100,India,1677965.3,2409004.45,0.696538895974227
194,Saudi Arabia,2012,Wheat and products,799.29,25.0,3.91,Wheat,33,Canada,575076.0,2364537.0,0.2432087127416488
194,Saudi Arabia,2013,Maize and products,189.34,3.9,1.59,Maize,9,Argentina,904998.0,2106594.0,0.4296024767942945
194,Saudi Arabia,2013,Rice and products,372.22,7.58,0.97,Rice,100,India,1701760.95,2508716.9,0.6783391741013105
194,Saudi Arabia,2013,Wheat and products,787.62,24.64,3.87,Wheat,79,Germany,606364.0,2278178.0,0.2661618187867673
194,Saudi Arabia,2014,Maize and products,243.87,5.01,2.04,Maize,231,United States of America,987156.0,2570287.92,0.3840643658318248
194,Saudi Arabia,2014,Rice and products,372.21,7.58,0.98,Rice,100,India,2073005.15,2814708.9,0.7364900682980041
194,Saudi Arabia,2014,Wheat and products,938.09,29.25,4.91,Wheat,173,Poland,943888.0,3414593.44,0.2764276381905074
194,Saudi Arabia,2015,Maize and products,231.27,4.75,1.93,Maize,231,United States of America,1009482.0,2318324.64,0.4354359965738016
194,Saudi Arabia,2015,Rice and products,420.29,8.56,1.12,Rice,100,India,2386099.7,3139818.1400000006,0.7599483771375369
194,Saudi Arabia,2015,Wheat and products,896.8,27.84,4.92,Wheat,79,Germany,615624.0,1600696.0,0.3845977000004998
194,Saudi Arabia,2016,Maize and products,253.09,5.16,2.1,Maize,231,United States of America,1657212.0,3241279.0,0.5112833545029601
194,Saudi Arabia,2016,Rice and products,384.12,7.83,1.04,Rice,100,India,1795240.3,2452782.95,0.7319197566992219
194,Saudi Arabia,2016,Wheat and products,896.78,27.72,5.22,Wheat,173,Poland,842654.0,2753555.0,0.3060240307529721
194,Saudi Arabia,2017,Maize and products,276.38,5.66,2.31,Maize,231,United States of America,1792915.53,3713433.54,0.4828188011680424
194,Saudi Arabia,2017,Rice and products,383.11,7.82,1.06,Rice,100,India,1618296.33,2241618.43,0.7219321131295302
194,Saudi Arabia,2017,Wheat and products,922.17,28.49,5.41,Wheat,79,Germany,1266721.52,3137414.65,0.4037469258327075
194,Saudi Arabia,2018,Maize and products,282.09,5.75,2.34,Maize,231,United States of America,1487701.23,3010031.5,0.494247727972282
194,Saudi Arabia,2018,Rice and products,419.85,8.58,1.18,Rice,100,India,1896761.35,2499537.4,0.7588449566707824
194,Saudi Arabia,2018,Wheat and products,944.01,28.92,6.04,Wheat,126,Lithuania,260665.0,1077714.91,0.241868232109733
194,Saudi Arabia,2019,Maize and products,284.45,5.73,2.33,Maize,9,Argentina,1837587.1,3260944.85,0.5635137006380222
194,Saudi Arabia,2019,Rice and products,411.13,8.4,1.16,Rice,100,India,2040316.1,2713624.18,0.7518786555034308
194,Saudi Arabia,2019,Wheat and products,970.42,29.81,6.08,Wheat,126,Lithuania,259630.1,621716.64,0.4176019802204425
194,Saudi Arabia,2020,Maize and products,266.92,5.45,2.22,Maize,9,Argentina,1463514.52,3070882.26,0.4765778678860843
194,Saudi Arabia,2020,Rice and products,421.56,8.62,1.2,Rice,100,India,2331901.8200000003,2987086.01,0.7806610898358431
194,Saudi Arabia,2020,Wheat and products,946.77,29.07,5.89,Wheat,173,Poland,448613.3,938909.42,0.4778025339228144
194,Saudi Arabia,2021,Maize and products,246.36,5.13,2.08,Maize,9,Argentina,1605011.51,2935129.48,0.5468281794505365
194,Saudi Arabia,2021,Rice and products,378.92,7.73,1.03,Rice,100,India,1740129.51,2293092.75,0.7588570109080848
194,Saudi Arabia,2021,Wheat and products,941.0,28.79,6.05,Wheat,173,Poland,633402.78,2416585.47,0.2621065084861244
194,Saudi Arabia,2022,Maize and products,302.76,6.25,2.54,Maize,9,Argentina,2490962.04,4640185.350000001,0.5368238232121482
194,Saudi Arabia,2022,Rice and products,369.75,7.53,0.98,Rice,100,India,1933395.51,2637380.86,0.7330740657608321
194,Saudi Arabia,2022,Wheat and products,907.18,28.1,5.09,Wheat,185,Russian Federation,1769965.83,3871405.48,0.4571894726976519
194,Saudi Arabia,2023,Maize and products,251.12,5.2,2.12,Maize,21,Brazil,1239295.24,2763567.4,0.4484403890420765
194,Saudi Arabia,2023,Rice and products,325.64,6.64,0.87,Rice,100,India,1829047.99,2367191.79,0.7726657374052485
194,Saudi Arabia,2023,Wheat and products,951.06,29.59,5.13,Wheat,185,Russian Federation,1696518.16,3542296.52,0.4789317185677047
195,Senegal,2010,Maize and products,141.13,2.92,1.2,Maize,9,Argentina,52813.0,101383.0,0.5209255989662961
195,Senegal,2010,Rice and products,629.93,12.69,1.63,Rice,216,Thailand,260139.0,699412.5,0.3719393062034207
195,Senegal,2010,Wheat and products,275.47,8.94,1.59,Wheat,68,France,400065.0,450874.0,0.887309980171844
195,Senegal,2011,Maize and products,100.63,2.08,0.86,Maize,9,Argentina,45877.0,95836.0,0.4787032013022246
195,Senegal,2011,Rice and products,701.43,14.14,1.81,Rice,216,Thailand,255218.5,809849.15,0.3151432584698027
195,Senegal,2011,Wheat and products,257.54,8.34,1.49,Wheat,68,France,335317.0,449647.0,0.7457338756847037
195,Senegal,2012,Maize and products,172.85,3.57,1.47,Maize,9,Argentina,110481.0,153974.0,0.7175302323768948
195,Senegal,2012,Rice and products,708.79,14.28,1.83,Rice,100,India,674733.0,1042138.55,0.6474503797983483
195,Senegal,2012,Wheat and products,271.82,8.83,1.53,Wheat,68,France,336246.0,527832.0,0.6370322375301232
195,Senegal,2013,Maize and products,132.47,2.74,1.13,Maize,9,Argentina,73301.0,129177.0,0.5674462172058493
195,Senegal,2013,Rice and products,754.15,15.19,1.95,Rice,100,India,784717.0,1127782.35,0.6958053564147373
195,Senegal,2013,Wheat and products,275.31,8.91,1.63,Wheat,68,France,383515.0,542524.0,0.7069088187803673
195,Senegal,2014,Maize and products,175.09,3.62,1.49,Maize,9,Argentina,120051.22,195880.55,0.6128797371663497
195,Senegal,2014,Rice and products,762.85,15.36,1.97,Rice,100,India,686361.85,1116106.72,0.614960771851638
195,Senegal,2014,Wheat and products,280.56,9.09,1.67,Wheat,68,France,414202.87,569657.52,0.7271085792038697
195,Senegal,2015,Maize and products,174.15,3.6,1.48,Maize,9,Argentina,151223.0,204763.26,0.7385260422206601
195,Senegal,2015,Rice and products,764.86,15.36,1.97,Rice,100,India,729118.42,1161409.01,0.6277878109452587
195,Senegal,2015,Wheat and products,298.64,9.67,1.74,Wheat,68,France,399028.29,607392.0599999999,0.6569534181925263
195,Senegal,2016,Maize and products,165.76,3.43,1.41,Maize,9,Argentina,139245.57,212787.55,0.654387768457318
195,Senegal,2016,Rice and products,782.53,15.74,2.02,Rice,100,India,573856.9199999999,975915.81,0.5880188783907496
195,Senegal,2016,Wheat and products,290.67,9.35,1.86,Wheat,68,France,296853.18,609943.66,0.48668950833918
195,Senegal,2017,Maize and products,188.82,3.9,1.6,Maize,9,Argentina,193164.0,289341.14,0.6675994986402556
195,Senegal,2017,Rice and products,767.56,15.46,1.98,Rice,100,India,642450.42,1200588.7100000002,0.5351128281058048
195,Senegal,2017,Wheat and products,310.31,9.97,1.95,Wheat,185,Russian Federation,248799.3,656876.72,0.3787610253564778
195,Senegal,2018,Maize and products,201.56,4.17,1.71,Maize,9,Argentina,325779.0,381061.89,0.8549241174445442
195,Senegal,2018,Rice and products,761.76,15.35,1.97,Rice,100,India,761392.6399999999,1295799.2999999998,0.5875853151024236
195,Senegal,2018,Wheat and products,313.41,10.04,2.03,Wheat,185,Russian Federation,268144.0,635127.6799999999,0.4221891258148283
195,Senegal,2019,Maize and products,192.79,3.99,1.64,Maize,9,Argentina,320040.0,358079.89,0.893767030591972
195,Senegal,2019,Rice and products,722.71,14.56,1.87,Rice,100,India,299591.74,992943.3,0.3017208938315007
195,Senegal,2019,Wheat and products,323.05,10.37,2.04,Wheat,185,Russian Federation,349597.0,714440.77,0.4893295773140158
195,Senegal,2020,Maize and products,191.74,3.97,1.63,Maize,9,Argentina,289828.1,323439.06999999995,0.896082529547219
195,Senegal,2020,Rice and products,691.63,13.94,1.79,Rice,100,India,421241.98,1148955.29,0.3666304369424157
195,Senegal,2020,Wheat and products,319.84,10.36,1.86,Wheat,185,Russian Federation,355020.93,687195.4999999999,0.5166228969776433
195,Senegal,2021,Maize and products,196.31,4.06,1.67,Maize,9,Argentina,348423.0,398513.58,0.8743064665450045
195,Senegal,2021,Rice and products,765.05,15.42,1.98,Rice,100,India,920618.4,1219411.67,0.7549693205740766
195,Senegal,2021,Wheat and products,284.04,9.14,1.78,Wheat,185,Russian Federation,410249.0,774141.14,0.5299408322363542
195,Senegal,2022,Maize and products,196.87,4.07,1.67,Maize,9,Argentina,375725.73,395328.85,0.9504131307391304
195,Senegal,2022,Rice and products,779.78,15.72,2.02,Rice,100,India,888932.11,1695046.83,0.5244292336159231
195,Senegal,2022,Wheat and products,322.79,10.37,2.02,Wheat,68,France,276058.43,843512.93,0.3272723157901088
195,Senegal,2023,Maize and products,207.85,4.3,1.77,Maize,9,Argentina,317786.44,430860.66,0.7375619765332021
195,Senegal,2023,Rice and products,792.82,15.98,2.06,Rice,100,India,904176.17,1476584.35,0.6123430537510437
195,Senegal,2023,Wheat and products,341.58,10.98,2.15,Wheat,68,France,331361.23000000004,900610.68,0.3679294920197926
196,Seychelles,2014,Maize and products,133.97,2.86,1.11,Maize,100,India,1253.76,1258.29,0.9963998760222208
196,Seychelles,2014,Rice and products,453.17,9.22,1.17,Rice,100,India,8021.68,11828.74,0.6781516881764246
196,Seychelles,2014,Wheat and products,482.51,13.98,5.07,Wheat,137,Mauritius,2904.52,3398.68,0.8546023750397214
196,Seychelles,2015,Maize and products,109.93,2.41,0.89,Maize,100,India,1535.99,1893.91,0.811015306957564
196,Seychelles,2015,Rice and products,392.62,7.99,1.02,Rice,100,India,8541.61,11798.82,0.7239376480020884
196,Seychelles,2015,Wheat and products,571.77,16.06,7.04,Wheat,137,Mauritius,3956.95,4793.3,0.825516867293931
196,Seychelles,2016,Maize and products,95.26,2.15,0.76,Maize,100,India,980.75,1509.57,0.6496883218399941
196,Seychelles,2016,Rice and products,408.19,8.32,1.06,Rice,100,India,9457.14,12484.339999999998,0.7575202213332864
196,Seychelles,2016,Wheat and products,524.44,14.3,7.34,Wheat,137,Mauritius,3155.9,4162.1,0.7582470387544749
196,Seychelles,2017,Maize and products,88.89,2.02,0.7,Maize,100,India,1112.15,1287.52,0.8637924071082391
196,Seychelles,2017,Rice and products,396.77,8.09,1.04,Rice,100,India,9352.62,12730.2,0.7346797379459867
196,Seychelles,2017,Wheat and products,527.07,14.54,7.07,Wheat,137,Mauritius,2232.15,4201.900000000001,0.5312239701087603
196,Seychelles,2018,Maize and products,179.31,3.88,1.47,Maize,100,India,3989.12,4060.72,0.9823676589373314
196,Seychelles,2018,Rice and products,464.77,9.46,1.2,Rice,100,India,11696.92,15584.95,0.7505266298576511
196,Seychelles,2018,Wheat and products,530.78,14.6,7.15,Wheat,137,Mauritius,2016.15,4609.77,0.4373645539799165
196,Seychelles,2019,Maize and products,177.72,3.85,1.46,Maize,272,Serbia,1689.66,4917.21,0.3436216879083871
196,Seychelles,2019,Rice and products,372.91,7.59,0.97,Rice,100,India,8673.29,11331.65,0.7654039791204281
196,Seychelles,2019,Wheat and products,587.75,16.15,7.98,Wheat,225,United Arab Emirates,2272.77,5288.05,0.4297935912103705
196,Seychelles,2020,Maize and products,169.14,3.67,1.38,Maize,100,India,1855.5,4226.77,0.4389876903640368
196,Seychelles,2020,Rice and products,363.33,7.4,0.95,Rice,100,India,15187.18,16571.32,0.9164737631039652
196,Seychelles,2020,Wheat and products,563.83,15.35,7.86,Wheat,225,United Arab Emirates,1951.72,4622.95,0.4221806422306103
196,Seychelles,2021,Maize and products,201.65,4.61,1.73,Maize,100,India,3185.96,7319.42,0.4352749261553511
196,Seychelles,2021,Rice and products,341.43,6.95,0.89,Rice,100,India,11835.44,12146.29,0.9744078232941912
196,Seychelles,2021,Wheat and products,539.82,14.85,7.14,Wheat,225,United Arab Emirates,1947.7,4604.03,0.4230424215307025
196,Seychelles,2022,Maize and products,126.91,2.8,1.03,Maize,100,India,4451.95,5335.06,0.8344704651868956
196,Seychelles,2022,Rice and products,339.39,6.91,0.88,Rice,100,India,9566.31,13173.13,0.7261987090387781
196,Seychelles,2022,Wheat and products,596.6,16.47,7.87,Wheat,137,Mauritius,2372.7,5550.719999999999,0.4274580594949844
196,Seychelles,2023,Maize and products,191.61,4.21,1.55,Maize,100,India,5914.37,7074.589999999999,0.8360018036380907
196,Seychelles,2023,Rice and products,285.64,5.81,0.74,Rice,100,India,9463.59,11318.71,0.8361014638593974
196,Seychelles,2023,Wheat and products,574.34,15.39,8.68,Wheat,137,Mauritius,3236.97,4743.099999999999,0.6824587295228859
197,Sierra Leone,2018,Maize and products,20.44,0.43,0.17,Maize,9,Argentina,704.93,1095.96,0.643207781305887
197,Sierra Leone,2018,Rice and products,943.7,19.22,2.46,Rice,41,"China, mainland",80685.02,338573.68,0.2383086009520882
197,Sierra Leone,2018,Wheat and products,85.57,2.66,0.51,Wheat,223,Türkiye,26250.62,63791.43,0.4115070002349845
198,Slovenia,2010,Maize and products,266.32,5.57,2.24,Maize,97,Hungary,114432.0,247003.0,0.463281822487986
198,Slovenia,2010,Rice and products,31.85,0.64,0.09,Rice,106,Italy,14003.05,17583.75,0.7963631193573611
198,Slovenia,2010,Wheat and products,709.15,20.49,7.17,Wheat,97,Hungary,91052.0,134587.0,0.6765289366729328
198,Slovenia,2011,Maize and products,271.0,5.67,2.28,Maize,97,Hungary,134380.0,265407.0,0.5063167135757535
198,Slovenia,2011,Rice and products,32.65,0.65,0.09,Rice,106,Italy,16425.55,20514.2,0.8006917159821003
198,Slovenia,2011,Wheat and products,718.64,20.8,7.24,Wheat,97,Hungary,89934.0,185233.0,0.4855182391906409
198,Slovenia,2012,Maize and products,272.38,5.7,2.29,Maize,97,Hungary,131592.0,201770.0,0.6521881350052039
198,Slovenia,2012,Rice and products,33.76,0.67,0.09,Rice,106,Italy,14969.6,17844.600000000002,0.8388868341122804
198,Slovenia,2012,Wheat and products,749.81,21.55,7.56,Wheat,97,Hungary,64081.0,141353.0,0.4533402191676158
198,Slovenia,2013,Maize and products,267.93,5.61,2.26,Maize,97,Hungary,114706.0,237021.0,0.4839486796528577
198,Slovenia,2013,Rice and products,38.23,0.76,0.11,Rice,106,Italy,14271.0,17380.3,0.8211020523236078
198,Slovenia,2013,Wheat and products,767.78,22.0,7.67,Wheat,97,Hungary,97973.0,232573.0,0.4212569816788707
198,Slovenia,2014,Maize and products,302.16,6.32,2.55,Maize,272,Serbia,180845.6,353219.45,0.5119921906905183
198,Slovenia,2014,Rice and products,36.91,0.73,0.1,Rice,106,Italy,15330.73,18794.66,0.8156960540919601
198,Slovenia,2014,Wheat and products,767.97,22.17,7.31,Wheat,97,Hungary,101147.8,177474.7,0.5699279953706078
198,Slovenia,2015,Maize and products,267.05,5.59,2.25,Maize,272,Serbia,73083.9,214082.65,0.3413817046827475
198,Slovenia,2015,Rice and products,32.88,0.65,0.09,Rice,106,Italy,14339.82,29050.29,0.4936205456124534
198,Slovenia,2015,Wheat and products,782.83,22.66,7.27,Wheat,97,Hungary,96161.8,192021.58,0.5007864220261077
198,Slovenia,2016,Maize and products,264.0,5.53,2.22,Maize,272,Serbia,175691.25,297891.72,0.58978225376657
198,Slovenia,2016,Rice and products,32.0,0.64,0.09,Rice,115,Cambodia,20774.480000000003,43667.0,0.4757478187189412
198,Slovenia,2016,Wheat and products,801.51,23.3,7.26,Wheat,97,Hungary,78841.04,222772.4,0.3539084734015524
198,Slovenia,2017,Maize and products,253.72,5.31,2.14,Maize,272,Serbia,208045.8,431466.75,0.4821826942632311
198,Slovenia,2017,Rice and products,32.79,0.65,0.09,Rice,28,Myanmar,16520.0,37624.86,0.4390714011959114
198,Slovenia,2017,Wheat and products,779.53,22.67,7.01,Wheat,97,Hungary,112585.04,238584.6,0.4718872886179577
198,Slovenia,2018,Maize and products,252.45,5.29,2.13,Maize,272,Serbia,151906.33,408053.94,0.3722702199616061
198,Slovenia,2018,Rice and products,32.41,0.65,0.09,Rice,28,Myanmar,19325.98,40556.86,0.4765156868653046
198,Slovenia,2018,Wheat and products,766.18,22.19,7.07,Wheat,272,Serbia,197022.86,413760.89,0.4761756482107334
198,Slovenia,2019,Maize and products,224.67,4.72,1.89,Maize,272,Serbia,526952.18,703101.29,0.7494683731841824
198,Slovenia,2019,Rice and products,31.55,0.63,0.09,Rice,28,Myanmar,21631.76,42611.23,0.5076539682144824
198,Slovenia,2019,Wheat and products,788.1,22.61,7.8,Wheat,97,Hungary,109422.45,253895.19,0.4309748837699524
198,Slovenia,2020,Maize and products,284.43,5.97,2.39,Maize,272,Serbia,582268.01,776974.9,0.7494038867922246
198,Slovenia,2020,Rice and products,32.98,0.66,0.09,Rice,28,Myanmar,27850.0,49654.97,0.5608703418811853
198,Slovenia,2020,Wheat and products,760.47,21.53,8.11,Wheat,97,Hungary,80626.63,171461.41,0.4702319314882573
198,Slovenia,2021,Maize and products,258.14,5.43,2.17,Maize,272,Serbia,396741.59,616425.8300000001,0.6436161022000002
198,Slovenia,2021,Rice and products,28.71,0.58,0.08,Rice,106,Italy,14100.05,32735.59,0.4307253970372918
198,Slovenia,2021,Wheat and products,759.53,21.42,8.27,Wheat,272,Serbia,331892.86,474830.85,0.698970717677674
198,Slovenia,2022,Maize and products,247.58,5.21,2.08,Maize,272,Serbia,326520.87,712070.35,0.4585514198140675
198,Slovenia,2022,Rice and products,37.6,0.75,0.1,Rice,106,Italy,13820.28,42430.5,0.3257156997914236
198,Slovenia,2022,Wheat and products,767.19,21.74,8.29,Wheat,272,Serbia,313006.46,503607.41,0.6215287022881574
198,Slovenia,2023,Maize and products,262.25,5.52,2.2,Maize,230,Ukraine,892655.63,1231944.4,0.7245908419243596
198,Slovenia,2023,Rice and products,37.39,0.74,0.1,Rice,28,Myanmar,15762.0,41093.18,0.3835672975418305
198,Slovenia,2023,Wheat and products,820.42,23.34,8.61,Wheat,272,Serbia,284167.93,596541.69,0.4763588777843842
199,Slovakia,2010,Maize and products,0.71,0.05,0.02,Maize,97,Hungary,167118.0,200712.0,0.8326258519669975
199,Slovakia,2010,Rice and products,23.06,0.47,0.08,Rice,167,Czechia,19497.75,62568.8,0.3116209676388232
199,Slovakia,2010,Wheat and products,779.46,23.62,5.66,Wheat,97,Hungary,42410.0,91586.0,0.4630620400497893
199,Slovakia,2011,Maize and products,0.02,0.0,0.0,Maize,97,Hungary,189815.0,211811.0,0.8961527021731638
199,Slovakia,2011,Rice and products,22.31,0.45,0.07,Rice,106,Italy,22633.25,57447.6,0.3939807755241298
199,Slovakia,2011,Wheat and products,809.44,24.11,6.86,Wheat,167,Czechia,107559.0,173181.0,0.621078524780432
199,Slovakia,2012,Maize and products,0.37,0.03,0.01,Maize,97,Hungary,78209.0,117635.0,0.6648446465762741
199,Slovakia,2012,Rice and products,22.88,0.46,0.07,Rice,106,Italy,25184.3,55460.95,0.4540906710036521
199,Slovakia,2012,Wheat and products,798.41,23.64,6.94,Wheat,97,Hungary,90297.0,138024.0,0.6542123109024518
199,Slovakia,2013,Maize and products,0.67,0.05,0.02,Maize,167,Czechia,24729.0,62632.0,0.3948301187891174
199,Slovakia,2013,Rice and products,24.75,0.5,0.08,Rice,106,Italy,23870.5,51906.75,0.4598727525803484
199,Slovakia,2013,Wheat and products,819.79,23.74,8.37,Wheat,97,Hungary,30345.0,62765.0,0.483470086831833
199,Slovakia,2014,Maize and products,0.31,0.02,0.01,Maize,167,Czechia,52000.0,116270.81,0.4472317686614551
199,Slovakia,2014,Rice and products,22.45,0.45,0.06,Rice,106,Italy,21980.17,50112.41,0.4386173005848252
199,Slovakia,2014,Wheat and products,840.8,25.05,7.08,Wheat,167,Czechia,38341.2,79669.12,0.4812554726348176
199,Slovakia,2015,Rice and products,22.96,0.46,0.07,Rice,106,Italy,24100.08,53837.72,0.4476430279736957
199,Slovakia,2015,Wheat and products,733.6,21.58,6.66,Wheat,97,Hungary,69583.2,118109.06,0.5891436270850009
199,Slovakia,2016,Maize and products,0.0,0.0,0.0,Maize,97,Hungary,88132.03,118175.07,0.7457751452992581
199,Slovakia,2016,Rice and products,23.28,0.47,0.07,Rice,167,Czechia,27117.0,60259.01,0.450007393085283
199,Slovakia,2016,Wheat and products,693.63,20.22,6.74,Wheat,97,Hungary,47228.0,87315.77,0.5408874021267864
199,Slovakia,2017,Maize and products,0.0,0.0,0.0,Maize,97,Hungary,56553.0,92240.41,0.6131043866782465
199,Slovakia,2017,Rice and products,22.8,0.46,0.06,Rice,167,Czechia,30746.68,63079.08,0.4874306981014942
199,Slovakia,2017,Wheat and products,618.05,17.77,6.33,Wheat,97,Hungary,53768.48,124387.78,0.4322649700798583
199,Slovakia,2018,Maize and products,2.44,0.18,0.07,Maize,97,Hungary,91767.49,159350.26,0.5758854111690812
199,Slovakia,2018,Rice and products,22.25,0.45,0.06,Rice,167,Czechia,32605.49,62359.1,0.5228665904414913
199,Slovakia,2018,Wheat and products,684.09,19.58,7.23,Wheat,167,Czechia,70376.52,138029.1,0.5098672671197595
199,Slovakia,2019,Maize and products,3.94,0.29,0.11,Maize,97,Hungary,94417.67,111343.03,0.8479890478999897
199,Slovakia,2019,Rice and products,23.36,0.47,0.07,Rice,167,Czechia,30578.800000000003,60188.170000000006,0.5080533267583979
199,Slovakia,2019,Wheat and products,733.09,20.67,8.35,Wheat,167,Czechia,82256.94,161611.55,0.5089793396573451
199,Slovakia,2020,Maize and products,3.15,0.23,0.09,Maize,97,Hungary,75811.46,88879.52,0.8529688279144623
199,Slovakia,2020,Rice and products,24.11,0.49,0.07,Rice,167,Czechia,30228.46,65729.09,0.4598946980705194
199,Slovakia,2020,Wheat and products,747.31,21.03,8.65,Wheat,167,Czechia,55850.63,125018.18,0.4467400661247828
199,Slovakia,2021,Maize and products,4.13,0.3,0.12,Maize,97,Hungary,90617.83,151336.94,0.5987819629496935
199,Slovakia,2021,Rice and products,20.87,0.42,0.06,Rice,167,Czechia,27511.16,58733.5,0.4684066163262874
199,Slovakia,2021,Wheat and products,728.31,20.27,8.9,Wheat,97,Hungary,66119.2,116265.29,0.5686925134750018
199,Slovakia,2022,Maize and products,0.0,0.0,0.0,Maize,230,Ukraine,404594.36,649221.42,0.6231993392947509
199,Slovakia,2022,Rice and products,31.12,0.63,0.09,Rice,167,Czechia,27969.9,62574.58,0.4469850217132899
199,Slovakia,2022,Wheat and products,679.82,19.0,8.02,Wheat,230,Ukraine,74666.62,178336.22,0.418684549891211
199,Slovakia,2023,Maize and products,0.0,0.0,0.0,Maize,230,Ukraine,269978.65,462890.62000000005,0.5832450223337858
199,Slovakia,2023,Rice and products,28.53,0.59,0.1,Rice,167,Czechia,22372.43,61666.75000000001,0.3627956718977406
199,Slovakia,2023,Wheat and products,670.37,19.19,6.84,Wheat,97,Hungary,59278.91,147279.82,0.402491733083324
202,South Africa,2010,Maize and products,801.16,18.28,7.46,Maize,21,Brazil,27502.0,29095.0,0.9452483244543736
202,South Africa,2010,Rice and products,140.01,2.9,0.36,Rice,216,Thailand,1094573.05,1454863.4,0.7523545165821066
202,South Africa,2010,Wheat and products,441.8,14.34,2.51,Wheat,79,Germany,593511.0,1265411.0,0.4690262689355474
202,South Africa,2011,Maize and products,797.31,18.18,7.42,Maize,183,Romania,43000.0,87353.0,0.4922555607706661
202,South Africa,2011,Rice and products,144.64,3.07,0.37,Rice,216,Thailand,1243125.4,1783196.75,0.6971330561251864
202,South Africa,2011,Wheat and products,447.79,14.48,2.61,Wheat,9,Argentina,628578.0,1860166.0,0.337915003284653
202,South Africa,2012,Maize and products,787.39,17.91,7.31,Maize,230,Ukraine,97807.0,238646.0,0.4098413549776656
202,South Africa,2012,Rice and products,143.36,3.01,0.37,Rice,41,"China, mainland",912986.95,2575375.8,0.3545063015657754
202,South Africa,2012,Wheat and products,445.2,14.4,2.6,Wheat,9,Argentina,737319.0,1711763.0,0.4307366148234305
202,South Africa,2013,Maize and products,791.43,18.17,7.41,Maize,231,United States of America,14699.0,38272.0,0.3840666806020067
202,South Africa,2013,Rice and products,144.07,3.03,0.37,Rice,100,India,939608.8,2499673.35,0.3758926341315756
202,South Africa,2013,Wheat and products,440.75,14.36,2.39,Wheat,230,Ukraine,453949.0,1432456.0,0.3169025785085196
202,South Africa,2014,Maize and products,831.22,19.16,7.81,Maize,230,Ukraine,79739.98,86128.37,0.9258271113223204
202,South Africa,2014,Rice and products,141.47,2.89,0.36,Rice,216,Thailand,997330.0,1793753.3199999998,0.556001758368871
202,South Africa,2014,Wheat and products,410.55,13.43,2.19,Wheat,185,Russian Federation,1022907.84,1878011.07,0.544676150391382
202,South Africa,2015,Maize and products,830.51,19.17,7.81,Maize,9,Argentina,527959.23,697246.4,0.7572061038966998
202,South Africa,2015,Rice and products,140.1,2.86,0.36,Rice,216,Thailand,607464.45,1213601.74,0.5005467856366125
202,South Africa,2015,Wheat and products,381.85,12.48,2.07,Wheat,185,Russian Federation,223187.36,1225838.82,0.1820690912692746
202,South Africa,2016,Maize and products,806.83,18.61,7.58,Maize,9,Argentina,1819762.54,3268549.63,0.5567492453831885
202,South Africa,2016,Rice and products,140.51,2.87,0.36,Rice,216,Thailand,1137395.35,1887706.3300000003,0.6025276982569635
202,South Africa,2016,Wheat and products,418.33,13.69,2.22,Wheat,185,Russian Federation,738186.05,1632706.09,0.4521242705721763
202,South Africa,2017,Maize and products,818.85,18.88,7.69,Maize,230,Ukraine,328947.5,555784.9,0.5918611678726787
202,South Africa,2017,Rice and products,140.41,2.9,0.36,Rice,216,Thailand,1545305.49,1995757.33,0.774295284687743
202,South Africa,2017,Wheat and products,416.37,13.59,2.26,Wheat,185,Russian Federation,507290.26,1757306.9,0.288674823959321
202,South Africa,2018,Maize and products,812.04,18.73,7.63,Maize,40,Chile,3132.05,8163.07,0.3836853046709143
202,South Africa,2018,Rice and products,138.28,2.83,0.36,Rice,216,Thailand,1488821.6800000002,2028225.61,0.7340513169045332
202,South Africa,2018,Wheat and products,440.63,14.38,2.4,Wheat,185,Russian Federation,834413.0700000001,1973741.43,0.4227570325663174
202,South Africa,2019,Maize and products,742.09,16.85,6.87,Maize,9,Argentina,481312.61,589910.03,0.8159085038781252
202,South Africa,2019,Rice and products,126.63,2.58,0.33,Rice,216,Thailand,1470835.57,1886215.25,0.7797814008767028
202,South Africa,2019,Wheat and products,442.19,14.39,2.49,Wheat,79,Germany,501871.99,1868704.65,0.2685667796674022
202,South Africa,2020,Maize and products,603.09,18.17,7.28,Maize,9,Argentina,77958.0,82042.83,0.9502110056418092
202,South Africa,2020,Rice and products,134.6,2.74,0.35,Rice,216,Thailand,1347791.56,2032586.26,0.6630919368706153
202,South Africa,2020,Wheat and products,441.53,14.35,2.46,Wheat,173,Poland,751867.27,2257014.86,0.3331246432289773
202,South Africa,2021,Maize and products,553.62,16.41,6.58,Maize,173,Poland,8152.74,20135.26,0.4048986702928097
202,South Africa,2021,Rice and products,129.67,2.64,0.35,Rice,216,Thailand,1454670.89,1967017.77,0.7395311380435571
202,South Africa,2021,Wheat and products,439.71,14.3,2.46,Wheat,10,Australia,511855.66,1744710.59,0.2933756824391144
202,South Africa,2022,Maize and products,589.13,17.37,6.97,Maize,40,Chile,1584.22,4163.73,0.3804809629827103
202,South Africa,2022,Rice and products,134.01,2.73,0.35,Rice,216,Thailand,1652818.69,2061973.44,0.8015712801809901
202,South Africa,2022,Wheat and products,435.77,14.15,2.47,Wheat,10,Australia,541776.5499999999,1823383.27,0.2971270817901054
202,South Africa,2023,Maize and products,613.49,18.46,7.4,Maize,40,Chile,1016.67,2565.18,0.3963347601337917
202,South Africa,2023,Rice and products,151.69,3.09,0.39,Rice,216,Thailand,1776779.15,2357974.79,0.7535191459786557
202,South Africa,2023,Wheat and products,433.31,14.16,2.28,Wheat,173,Poland,795873.48,2066842.64,0.3850672831096614
203,Spain,2010,Maize and products,12.39,0.26,0.11,Maize,68,France,1795894.0,3955006.0,0.4540812327465495
203,Spain,2010,Rice and products,76.62,1.6,0.3,Rice,216,Thailand,19549.9,81070.35,0.2411473491849979
203,Spain,2010,Wheat and products,643.41,20.24,3.1,Wheat,68,France,1154746.0,4662937.0,0.2476434916448581
203,Spain,2011,Maize and products,13.38,0.28,0.11,Maize,68,France,1972800.0,4824486.0,0.4089140273181433
203,Spain,2011,Rice and products,82.14,1.72,0.32,Rice,21,Brazil,34638.6,141616.75,0.2445939481028903
203,Spain,2011,Wheat and products,655.42,20.57,3.23,Wheat,68,France,967865.0,4429658.0,0.2184965521040224
203,Spain,2012,Maize and products,14.4,0.3,0.12,Maize,230,Ukraine,2883039.0,6094530.0,0.4730535414543861
203,Spain,2012,Rice and products,79.19,1.65,0.31,Rice,100,India,39312.1,118418.2,0.3319768413976905
203,Spain,2012,Wheat and products,666.85,20.92,3.28,Wheat,230,Ukraine,1312873.0,5542414.0,0.2368774689151694
203,Spain,2013,Maize and products,14.45,0.3,0.12,Maize,230,Ukraine,2424891.0,5523690.0,0.4389983869478555
203,Spain,2013,Rice and products,80.74,1.69,0.31,Rice,115,Cambodia,22333.4,115214.4,0.1938420891832965
203,Spain,2013,Wheat and products,668.15,20.97,3.28,Wheat,68,France,1208485.0,3453801.0,0.3499000087150359
203,Spain,2014,Maize and products,15.52,0.32,0.13,Maize,230,Ukraine,2627929.3,6296297.6,0.4173769200490142
203,Spain,2014,Rice and products,76.41,1.59,0.28,Rice,115,Cambodia,24680.4,117746.13,0.2096068889907464
203,Spain,2014,Wheat and products,663.95,20.84,3.25,Wheat,68,France,1637250.9,4912122.99,0.3333082057051669
203,Spain,2015,Maize and products,15.87,0.33,0.13,Maize,230,Ukraine,2835227.0,6926364.47,0.4093384072236095
203,Spain,2015,Rice and products,79.05,1.64,0.3,Rice,165,Pakistan,27293.53,131085.1,0.2082122987280781
203,Spain,2015,Wheat and products,656.79,20.61,3.23,Wheat,68,France,1252603.4,5407684.76,0.2316339534555264
203,Spain,2016,Maize and products,14.72,0.3,0.13,Maize,230,Ukraine,2368546.42,6019859.78,0.3934554136741038
203,Spain,2016,Rice and products,80.6,1.67,0.31,Rice,28,Myanmar,21430.01,168491.03,0.127187839020273
203,Spain,2016,Wheat and products,652.99,20.5,3.2,Wheat,68,France,1561330.64,7126339.35,0.2190929400520338
203,Spain,2017,Maize and products,15.28,0.32,0.13,Maize,21,Brazil,2389236.11,7466158.73,0.3200087483272673
203,Spain,2017,Rice and products,76.38,1.58,0.27,Rice,106,Italy,29057.69,159110.15,0.1826262498024167
203,Spain,2017,Wheat and products,646.11,20.28,3.18,Wheat,27,Bulgaria,1620545.36,6304205.37,0.2570578312235408
203,Spain,2018,Maize and products,16.05,0.33,0.14,Maize,230,Ukraine,2843594.74,9507673.66,0.2990841757604036
203,Spain,2018,Rice and products,73.62,1.53,0.28,Rice,28,Myanmar,30146.64,234853.03,0.128363853768461
203,Spain,2018,Wheat and products,657.82,20.58,3.3,Wheat,68,France,1528602.62,6190580.53,0.2469239536732106
203,Spain,2019,Maize and products,16.81,0.35,0.14,Maize,230,Ukraine,4057263.91,10012619.28,0.4052150387965216
203,Spain,2019,Rice and products,70.42,1.46,0.27,Rice,28,Myanmar,70911.08,269353.71,0.2632637954012217
203,Spain,2019,Wheat and products,645.35,20.16,3.26,Wheat,68,France,1581990.54,5395219.2700000005,0.293220805463204
203,Spain,2020,Maize and products,16.02,0.33,0.14,Maize,230,Ukraine,2719175.47,8067137.31,0.337068202202201
203,Spain,2020,Rice and products,67.73,1.4,0.27,Rice,28,Myanmar,56330.95,282418.23,0.1994593266872326
203,Spain,2020,Wheat and products,648.83,20.33,3.23,Wheat,68,France,1363233.03,4284684.08,0.3181641877316659
203,Spain,2021,Maize and products,16.19,0.33,0.14,Maize,230,Ukraine,2453034.91,8293467.01,0.2957791846331827
203,Spain,2021,Rice and products,70.52,1.47,0.3,Rice,28,Myanmar,71679.87,359135.4,0.1995900988874948
203,Spain,2021,Wheat and products,662.76,20.7,3.38,Wheat,68,France,1226011.79,4142679.61,0.2959465624714338
203,Spain,2022,Maize and products,19.0,0.39,0.16,Maize,21,Brazil,4332882.33,11277719.84,0.3841984365165787
203,Spain,2022,Rice and products,71.12,1.51,0.36,Rice,28,Myanmar,137963.91,528411.87,0.2610916177942785
203,Spain,2022,Wheat and products,664.31,20.74,3.38,Wheat,68,France,1446575.92,5147776.28,0.2810098654870059
203,Spain,2023,Maize and products,16.79,0.35,0.14,Maize,230,Ukraine,3894140.61,9162987.49,0.4249859136280453
203,Spain,2023,Rice and products,62.16,1.32,0.31,Rice,28,Myanmar,142719.03,478858.73,0.2980399459356207
203,Spain,2023,Wheat and products,647.94,20.23,3.32,Wheat,230,Ukraine,4097878.85,9797873.85,0.4182416422926286
207,Suriname,2010,Maize and products,22.71,0.57,0.21,Maize,231,United States of America,15514.0,17179.0,0.9030793410559405
207,Suriname,2010,Rice and products,589.58,12.02,1.54,Rice,216,Thailand,240.3,614.15,0.3912724904339331
207,Suriname,2010,Wheat and products,426.21,12.54,3.84,Wheat,68,France,18378.0,33799.0,0.5437438977484541
207,Suriname,2011,Maize and products,23.48,0.58,0.22,Maize,231,United States of America,18764.0,20726.0,0.9053362925793688
207,Suriname,2011,Rice and products,591.28,12.05,1.55,Rice,91,Guyana,312.6,500.05,0.6251374862513749
207,Suriname,2011,Wheat and products,416.68,12.21,3.81,Wheat,68,France,13365.0,24645.0,0.5423006695069994
207,Suriname,2017,Maize and products,22.84,0.56,0.22,Maize,231,United States of America,10254.6,11168.22,0.9181946630707488
207,Suriname,2017,Rice and products,592.09,12.07,1.55,Rice,91,Guyana,318.6,557.44,0.5715413318025259
207,Suriname,2017,Wheat and products,408.44,11.99,3.69,Wheat,79,Germany,12304.3,24963.71,0.4928874754593768
207,Suriname,2018,Rice and products,589.37,12.0,1.53,Rice,216,Thailand,41.23,90.75,0.4543250688705234
207,Suriname,2018,Wheat and products,458.38,12.9,5.2,Wheat,150,Netherlands (Kingdom of the),7768.5,10856.75,0.7155456282957607
207,Suriname,2019,Maize and products,23.12,0.56,0.23,Maize,231,United States of America,6507.7,7147.63,0.9104696241971114
207,Suriname,2019,Rice and products,589.64,12.0,1.53,Rice,216,Thailand,151.79,225.31,0.6736940215702809
207,Suriname,2019,Wheat and products,439.25,12.68,4.34,Wheat,150,Netherlands (Kingdom of the),7998.7,11013.94,0.7262342086483129
207,Suriname,2020,Maize and products,19.95,0.49,0.2,Maize,231,United States of America,6004.62,6464.53,0.9288563901784044
207,Suriname,2020,Rice and products,595.75,12.12,1.55,Rice,91,Guyana,400.0,620.03,0.6451300743512411
207,Suriname,2020,Wheat and products,418.24,12.11,3.95,Wheat,79,Germany,12357.6,24200.02,0.5106442060791685
207,Suriname,2021,Maize and products,18.53,0.45,0.19,Maize,231,United States of America,9210.13,9703.16,0.9491887179022092
207,Suriname,2021,Rice and products,602.88,12.28,1.58,Rice,91,Guyana,405.25,553.02,0.7327944739792412
207,Suriname,2021,Wheat and products,405.95,11.73,3.79,Wheat,79,Germany,11714.0,21562.93,0.5432471375643292
207,Suriname,2022,Maize and products,21.56,0.53,0.21,Maize,231,United States of America,5614.24,7497.59,0.7488059496451526
207,Suriname,2022,Rice and products,619.68,12.64,1.64,Rice,91,Guyana,206.0,475.58,0.4331553051011397
207,Suriname,2022,Wheat and products,448.33,13.01,4.23,Wheat,79,Germany,27335.9,33018.96,0.8278849485265436
207,Suriname,2023,Maize and products,18.31,0.45,0.18,Maize,231,United States of America,6707.75,7964.52,0.8422039244047349
207,Suriname,2023,Rice and products,575.71,11.74,1.53,Rice,91,Guyana,223.75,357.08000000000004,0.6266102834098801
207,Suriname,2023,Wheat and products,446.1,12.98,4.18,Wheat,79,Germany,22000.0,27407.29,0.802706141322254
208,Tajikistan,2016,Maize and products,9.39,0.19,0.08,Maize,41,"China, mainland",418.79,445.23,0.9406149630528042
208,Tajikistan,2016,Rice and products,85.94,1.76,0.25,Rice,108,Kazakhstan,49511.4,53856.9,0.9193139597711714
208,Tajikistan,2016,Wheat and products,1164.24,35.27,9.33,Wheat,108,Kazakhstan,1122094.93,1130901.4,0.9922128754991372
208,Tajikistan,2017,Maize and products,9.19,0.19,0.08,Maize,41,"China, mainland",848.21,876.94,0.9672383515405842
208,Tajikistan,2017,Rice and products,87.02,1.78,0.25,Rice,108,Kazakhstan,42472.0,43555.39,0.9751261554540092
208,Tajikistan,2017,Wheat and products,1115.38,33.68,9.13,Wheat,108,Kazakhstan,1068651.47,1076259.5399999998,0.992931008072644
208,Tajikistan,2018,Maize and products,7.68,0.16,0.07,Maize,41,"China, mainland",852.16,1198.74,0.7108797570782655
208,Tajikistan,2018,Rice and products,88.83,1.82,0.26,Rice,108,Kazakhstan,53930.2,58053.88999999999,0.9289678951746386
208,Tajikistan,2018,Wheat and products,1141.49,34.47,9.31,Wheat,108,Kazakhstan,1065051.8,1073077.88,0.9925205055946172
208,Tajikistan,2019,Maize and products,5.05,0.1,0.04,Maize,108,Kazakhstan,709.3,1475.6,0.4806858227161832
208,Tajikistan,2019,Rice and products,103.4,2.13,0.32,Rice,108,Kazakhstan,69406.0,83730.43000000001,0.8289220537861802
208,Tajikistan,2019,Wheat and products,1161.03,35.03,9.52,Wheat,108,Kazakhstan,1133738.0,1181077.84,0.9599181032809828
208,Tajikistan,2020,Maize and products,5.68,0.12,0.05,Maize,108,Kazakhstan,7310.95,9242.33,0.7910288855732267
208,Tajikistan,2020,Rice and products,106.09,2.18,0.31,Rice,108,Kazakhstan,73430.05,84854.62000000001,0.8653630173583948
208,Tajikistan,2020,Wheat and products,1151.53,34.73,9.49,Wheat,108,Kazakhstan,1022466.95,1103968.65,0.9261738999563076
208,Tajikistan,2021,Maize and products,9.72,0.2,0.08,Maize,108,Kazakhstan,21196.0,28975.7,0.7315095062414367
208,Tajikistan,2021,Rice and products,115.16,2.37,0.36,Rice,108,Kazakhstan,49551.0,53570.21,0.9249730400534176
208,Tajikistan,2021,Wheat and products,1151.31,34.66,9.59,Wheat,108,Kazakhstan,1050665.9,1101579.19,0.9537815433859094
208,Tajikistan,2022,Maize and products,6.56,0.14,0.06,Maize,108,Kazakhstan,34259.8,36256.740000000005,0.9449222406647702
208,Tajikistan,2022,Rice and products,118.1,2.43,0.37,Rice,108,Kazakhstan,51386.58,57764.18,0.8895924775526979
208,Tajikistan,2022,Wheat and products,1146.53,34.52,9.55,Wheat,108,Kazakhstan,1049822.86,1068979.63,0.9820793872377156
208,Tajikistan,2023,Maize and products,6.74,0.14,0.06,Maize,108,Kazakhstan,60102.15,60332.45,0.996182817041244
208,Tajikistan,2023,Rice and products,121.34,2.51,0.41,Rice,108,Kazakhstan,36791.15,49501.7,0.7432300304838017
208,Tajikistan,2023,Wheat and products,1135.13,34.19,9.45,Wheat,108,Kazakhstan,1076469.57,1086297.3,0.990953001540186
209,Eswatini,2015,Maize and products,572.08,12.01,4.81,Maize,202,South Africa,95182.85,95813.54,0.9934175274183584
209,Eswatini,2015,Rice and products,224.66,4.59,0.63,Rice,202,South Africa,39012.75,42334.59,0.921533667858836
209,Eswatini,2015,Wheat and products,288.42,8.04,3.07,Wheat,202,South Africa,25680.49,34536.25,0.7435807303919795
209,Eswatini,2016,Maize and products,643.96,13.5,5.42,Maize,202,South Africa,122647.68,122934.68,0.9976654268754755
209,Eswatini,2016,Rice and products,255.44,5.2,0.67,Rice,202,South Africa,60760.56,63366.62,0.9588732995384636
209,Eswatini,2016,Wheat and products,268.12,7.63,2.74,Wheat,185,Russian Federation,18370.12,38712.82,0.4745229099817579
209,Eswatini,2017,Maize and products,671.43,14.11,5.64,Maize,202,South Africa,116526.75,117738.07,0.989711738947309
209,Eswatini,2017,Rice and products,220.22,4.49,0.58,Rice,202,South Africa,62845.26,66745.05,0.941571846901006
209,Eswatini,2017,Wheat and products,255.98,7.26,2.69,Wheat,185,Russian Federation,15253.84,43698.69,0.3490685876395837
209,Eswatini,2018,Maize and products,704.29,14.81,5.91,Maize,202,South Africa,117004.95,117831.85,0.9929823727625426
209,Eswatini,2018,Rice and products,227.14,4.63,0.61,Rice,202,South Africa,63109.84,69257.59999999999,0.9112334242018204
209,Eswatini,2018,Wheat and products,263.24,7.43,3.0,Wheat,185,Russian Federation,20954.4,48065.45,0.4359555564339874
209,Eswatini,2019,Maize and products,717.16,15.08,6.02,Maize,202,South Africa,149862.82,149967.69,0.999300716040902
209,Eswatini,2019,Rice and products,225.41,4.6,0.62,Rice,202,South Africa,67495.92,73374.71,0.9198798877705956
209,Eswatini,2019,Wheat and products,256.0,7.27,2.72,Wheat,202,South Africa,11770.53,48785.99,0.2412686511024989
209,Eswatini,2020,Maize and products,738.66,15.55,6.19,Maize,202,South Africa,185182.53,185642.29,0.9975234091326928
209,Eswatini,2020,Rice and products,260.23,5.33,0.74,Rice,202,South Africa,58945.47,80396.83,0.7331815197191233
209,Eswatini,2020,Wheat and products,279.57,8.0,2.88,Wheat,202,South Africa,30650.85,54761.62,0.5597140844262825
209,Eswatini,2021,Maize and products,744.34,15.68,6.24,Maize,202,South Africa,162398.19,163187.19,0.9951650616693628
209,Eswatini,2021,Rice and products,239.82,4.89,0.63,Rice,100,India,40772.6,74879.48,0.5445096573854412
209,Eswatini,2021,Wheat and products,226.83,6.23,2.8,Wheat,10,Australia,25525.6,62255.26,0.4100151537396198
209,Eswatini,2022,Maize and products,739.2,15.57,6.2,Maize,202,South Africa,156676.75,157749.35,0.9932006058979006
209,Eswatini,2022,Rice and products,245.07,5.0,0.65,Rice,100,India,34944.9,72965.73,0.4789220912337888
209,Eswatini,2022,Wheat and products,221.28,6.03,2.74,Wheat,10,Australia,27870.32,58769.09,0.4742343296450566
209,Eswatini,2023,Maize and products,761.3,16.05,6.38,Maize,202,South Africa,159129.59,159481.03,0.9977963523310578
209,Eswatini,2023,Rice and products,251.35,5.14,0.7,Rice,100,India,54782.57,84274.17,0.6500517299666078
209,Eswatini,2023,Wheat and products,294.82,8.34,3.2,Wheat,10,Australia,16856.05,61427.2,0.2744069402479683
210,Sweden,2010,Maize and products,9.47,0.2,0.08,Maize,150,Netherlands (Kingdom of the),4520.0,14545.0,0.3107597112409763
210,Sweden,2010,Rice and products,59.19,1.2,0.15,Rice,216,Thailand,29827.6,106225.65,0.2807947044805092
210,Sweden,2010,Wheat and products,598.8,18.53,3.39,Wheat,54,Denmark,84174.0,191555.0,0.4394247083083187
210,Sweden,2011,Maize and products,9.44,0.2,0.08,Maize,150,Netherlands (Kingdom of the),5100.0,18052.0,0.2825171726124529
210,Sweden,2011,Rice and products,59.72,1.21,0.16,Rice,216,Thailand,29551.1,109522.55,0.2698174942055312
210,Sweden,2011,Wheat and products,557.93,17.42,2.96,Wheat,79,Germany,91412.0,279145.0,0.3274713858389009
210,Sweden,2012,Maize and products,9.41,0.2,0.08,Maize,79,Germany,5808.0,22782.0,0.2549381090334474
210,Sweden,2012,Rice and products,55.63,1.13,0.14,Rice,216,Thailand,19952.1,102794.25,0.1940974324925762
210,Sweden,2012,Wheat and products,561.27,17.47,3.01,Wheat,126,Lithuania,80470.0,328441.0,0.2450059523628292
210,Sweden,2013,Maize and products,9.31,0.2,0.08,Maize,173,Poland,8711.0,18532.0,0.4700518022879343
210,Sweden,2013,Rice and products,57.1,1.16,0.15,Rice,216,Thailand,20346.1,107376.25,0.1894841736417503
210,Sweden,2013,Wheat and products,579.49,18.05,3.09,Wheat,126,Lithuania,58543.0,229863.0,0.2546864871684438
210,Sweden,2014,Maize and products,9.52,0.2,0.08,Maize,173,Poland,7730.0,20837.85,0.370959575963931
210,Sweden,2014,Rice and products,57.84,1.17,0.15,Rice,216,Thailand,20382.1,111179.24,0.1833264915284544
210,Sweden,2014,Wheat and products,601.16,18.38,3.94,Wheat,54,Denmark,102997.3,204162.58,0.5044866693984764
210,Sweden,2015,Maize and products,10.02,0.21,0.09,Maize,173,Poland,14698.4,27627.42,0.5320221721753244
210,Sweden,2015,Rice and products,57.36,1.16,0.15,Rice,216,Thailand,20238.67,118171.58,0.1712651214445977
210,Sweden,2015,Wheat and products,592.83,18.18,3.81,Wheat,79,Germany,53107.6,217406.84,0.244277502952529
210,Sweden,2016,Maize and products,9.98,0.21,0.09,Maize,185,Russian Federation,11438.08,32169.18,0.3555601976798911
210,Sweden,2016,Rice and products,56.55,1.15,0.15,Rice,100,India,18037.82,123918.9,0.1455614922340337
210,Sweden,2016,Wheat and products,608.95,18.52,4.25,Wheat,54,Denmark,42826.15,168006.47,0.2549077425411057
210,Sweden,2017,Maize and products,9.98,0.21,0.09,Maize,185,Russian Federation,8265.53,36677.44,0.2253573313731819
210,Sweden,2017,Rice and products,56.24,1.14,0.15,Rice,216,Thailand,18192.69,115998.74,0.1568352380379304
210,Sweden,2017,Wheat and products,652.27,19.84,4.58,Wheat,54,Denmark,73139.5,274737.34,0.2662160884283148
210,Sweden,2018,Maize and products,20.26,0.43,0.18,Maize,185,Russian Federation,25418.1,77572.28,0.3276698841390249
210,Sweden,2018,Rice and products,57.49,1.17,0.15,Rice,216,Thailand,16594.37,117155.12,0.1416444283442328
210,Sweden,2018,Wheat and products,660.56,20.07,4.71,Wheat,126,Lithuania,72693.15,297412.68,0.2444184625887504
210,Sweden,2019,Maize and products,23.89,0.5,0.2,Maize,126,Lithuania,43841.97,126536.53,0.3464767842140132
210,Sweden,2019,Rice and products,62.4,1.27,0.16,Rice,165,Pakistan,20252.93,133078.55000000002,0.1521877868371724
210,Sweden,2019,Wheat and products,682.61,20.78,4.6,Wheat,79,Germany,82632.59,301340.41,0.2742167570555837
210,Sweden,2020,Maize and products,15.34,0.33,0.13,Maize,173,Poland,21143.35,53449.52999999999,0.3955759760656455
210,Sweden,2020,Rice and products,63.9,1.3,0.17,Rice,165,Pakistan,19929.91,133952.78,0.1487831010300794
210,Sweden,2020,Wheat and products,651.78,19.9,4.14,Wheat,79,Germany,21885.39,55369.08,0.3952637464808878
210,Sweden,2021,Maize and products,14.22,0.3,0.12,Maize,173,Poland,28989.47,45731.670000000006,0.6339035945986665
210,Sweden,2021,Rice and products,57.27,1.16,0.15,Rice,165,Pakistan,21066.2,121615.96,0.1732190413166166
210,Sweden,2021,Wheat and products,701.54,21.56,4.26,Wheat,79,Germany,24858.36,59058.05,0.4209139990229951
210,Sweden,2022,Maize and products,17.98,0.38,0.15,Maize,173,Poland,66612.15,73041.51,0.911976628084496
210,Sweden,2022,Rice and products,61.59,1.25,0.16,Rice,165,Pakistan,19626.46,137988.18,0.1422329071953844
210,Sweden,2022,Wheat and products,719.34,21.99,4.57,Wheat,79,Germany,24470.22,81605.88,0.2998585396052343
210,Sweden,2023,Maize and products,13.5,0.29,0.12,Maize,173,Poland,37666.21,44820.04,0.8403876926481993
210,Sweden,2023,Rice and products,64.12,1.3,0.17,Rice,165,Pakistan,22863.11,142944.0,0.1599445237295724
210,Sweden,2023,Wheat and products,717.66,21.58,5.26,Wheat,79,Germany,58557.57,107284.78,0.5458143270648456
211,Switzerland,2010,Maize and products,12.46,0.27,0.1,Maize,68,France,49607.0,96419.0,0.5144940312593991
211,Switzerland,2010,Rice and products,38.01,0.8,0.15,Rice,21,Brazil,37612.9,146256.1,0.2571714957529976
211,Switzerland,2010,Wheat and products,609.73,17.97,5.11,Wheat,79,Germany,111986.0,343096.0,0.3263984424184484
211,Switzerland,2011,Maize and products,9.29,0.2,0.08,Maize,68,France,72138.0,132860.0,0.5429625169351197
211,Switzerland,2011,Rice and products,36.49,0.76,0.14,Rice,21,Brazil,59006.0,163774.3,0.36028851901672
211,Switzerland,2011,Wheat and products,655.03,19.35,5.41,Wheat,79,Germany,180165.0,469212.0,0.383973555663538
211,Switzerland,2012,Maize and products,5.12,0.12,0.04,Maize,68,France,42179.0,94372.0,0.4469440088161743
211,Switzerland,2012,Rice and products,31.2,0.65,0.12,Rice,21,Brazil,61251.8,150456.45,0.4071065082287931
211,Switzerland,2012,Wheat and products,607.85,17.67,6.26,Wheat,79,Germany,163714.0,396460.0,0.4129395147051405
211,Switzerland,2013,Maize and products,5.0,0.11,0.04,Maize,68,France,45970.0,103994.0,0.4420447333500009
211,Switzerland,2013,Rice and products,23.76,0.49,0.09,Rice,21,Brazil,49687.9,155916.65,0.3186824498858845
211,Switzerland,2013,Wheat and products,605.38,17.51,6.43,Wheat,79,Germany,171535.0,442763.0,0.3874194546518115
211,Switzerland,2014,Maize and products,6.94,0.15,0.06,Maize,68,France,91850.68,140922.17,0.6517830374028443
211,Switzerland,2014,Rice and products,25.15,0.52,0.1,Rice,21,Brazil,51401.72,171001.91,0.3005914963172049
211,Switzerland,2014,Wheat and products,672.43,19.54,6.85,Wheat,79,Germany,189236.49,428155.05,0.4419812168512318
211,Switzerland,2015,Maize and products,5.2,0.12,0.04,Maize,68,France,69662.07,131486.80000000002,0.5298027634713142
211,Switzerland,2015,Rice and products,25.3,0.53,0.1,Rice,21,Brazil,53476.89,167145.21,0.3199427013194096
211,Switzerland,2015,Wheat and products,674.71,19.52,7.08,Wheat,79,Germany,129275.01,405599.77,0.3187255505593604
211,Switzerland,2016,Maize and products,6.14,0.14,0.05,Maize,68,France,97227.03,165868.91,0.586167896081309
211,Switzerland,2016,Rice and products,24.82,0.51,0.09,Rice,21,Brazil,61827.54,172819.8,0.3577572708682686
211,Switzerland,2016,Wheat and products,687.72,19.82,7.4,Wheat,68,France,191510.78,495246.45,0.3866979359468402
211,Switzerland,2017,Maize and products,5.68,0.12,0.05,Maize,68,France,67891.69,155639.40000000002,0.4362114605941682
211,Switzerland,2017,Rice and products,24.3,0.5,0.09,Rice,21,Brazil,48881.32,158956.4,0.30751401013108
211,Switzerland,2017,Wheat and products,701.08,20.26,7.44,Wheat,79,Germany,157532.97,540326.02,0.2915517005825482
211,Switzerland,2018,Maize and products,5.33,0.12,0.04,Maize,68,France,92640.4,132119.64,0.7011856829158782
211,Switzerland,2018,Rice and products,23.64,0.49,0.09,Rice,21,Brazil,39661.42,152606.95,0.2598926195694232
211,Switzerland,2018,Wheat and products,693.64,19.99,7.46,Wheat,68,France,166642.71000000002,446999.46,0.3728029335874366
211,Switzerland,2019,Maize and products,6.33,0.14,0.05,Maize,68,France,87402.64,139671.81,0.6257715139511688
211,Switzerland,2019,Rice and products,24.09,0.5,0.09,Rice,21,Brazil,46834.94,163436.81,0.2865629841894246
211,Switzerland,2019,Wheat and products,708.56,20.32,7.84,Wheat,68,France,167571.96,404634.6,0.4141315646264555
211,Switzerland,2020,Maize and products,8.07,0.18,0.06,Maize,68,France,69754.7,139890.91999999998,0.4986363661058202
211,Switzerland,2020,Rice and products,27.08,0.56,0.09,Rice,21,Brazil,53657.58,173152.0,0.3098871511735354
211,Switzerland,2020,Wheat and products,748.44,21.36,8.53,Wheat,68,France,140732.22999999998,388357.82,0.3623777422584151
211,Switzerland,2021,Maize and products,6.26,0.14,0.05,Maize,68,France,89984.63,158251.46,0.5686180083267479
211,Switzerland,2021,Rice and products,24.91,0.51,0.09,Rice,21,Brazil,50943.75,158934.47,0.3205330473622242
211,Switzerland,2021,Wheat and products,723.56,20.44,8.7,Wheat,68,France,152857.97999999998,446803.48,0.342114569027081
211,Switzerland,2022,Maize and products,8.01,0.18,0.06,Maize,68,France,182561.25,251163.31,0.726862733255108
211,Switzerland,2022,Rice and products,24.58,0.51,0.09,Rice,106,Italy,40682.35,122427.09,0.3322985950250063
211,Switzerland,2022,Wheat and products,801.43,22.88,9.11,Wheat,68,France,251361.17,605183.5,0.415347031107094
211,Switzerland,2023,Maize and products,6.85,0.15,0.06,Maize,68,France,142992.38,177728.73,0.8045541089501962
211,Switzerland,2023,Rice and products,27.0,0.56,0.09,Rice,106,Italy,35559.1,124386.45,0.2858759937276126
211,Switzerland,2023,Wheat and products,790.92,22.54,9.11,Wheat,68,France,184637.26,441654.27,0.4180583604456037
212,Syrian Arab Republic,2010,Maize and products,133.53,3.28,1.55,Maize,231,United States of America,1091463.0,1918514.0,0.5689106256196201
212,Syrian Arab Republic,2010,Rice and products,145.47,3.05,0.56,Rice,59,Egypt,272262.8,662970.4,0.4106711249853688
212,Syrian Arab Republic,2010,Wheat and products,1186.84,37.45,5.67,Wheat,185,Russian Federation,487788.0,1069058.0,0.456278331016652
214,"China, Taiwan Province of",2010,Maize and products,66.21,1.37,0.56,Maize,231,United States of America,3246721.0,5007612.0,0.648357141088407
214,"China, Taiwan Province of",2010,Rice and products,419.91,8.47,1.11,Rice,231,United States of America,114596.6,218225.3,0.5251297626810457
214,"China, Taiwan Province of",2010,Wheat and products,360.05,11.57,2.25,Wheat,231,United States of America,768931.0,1158909.0,0.6634955807574192
214,"China, Taiwan Province of",2011,Maize and products,62.69,1.3,0.53,Maize,231,United States of America,2648867.0,4148434.0,0.6385221507682176
214,"China, Taiwan Province of",2011,Rice and products,423.88,8.55,1.12,Rice,216,Thailand,66031.7,175197.0,0.3768997186024874
214,"China, Taiwan Province of",2011,Wheat and products,346.82,11.15,2.14,Wheat,231,United States of America,1024189.0,1382393.0,0.7408812110593731
214,"China, Taiwan Province of",2012,Maize and products,65.36,1.35,0.56,Maize,21,Brazil,2163723.0,4362092.0,0.4960287403383514
214,"China, Taiwan Province of",2012,Rice and products,423.43,8.54,1.12,Rice,231,United States of America,91019.5,193445.45,0.4705176575618604
214,"China, Taiwan Province of",2012,Wheat and products,361.36,11.67,2.14,Wheat,231,United States of America,957439.0,1378438.0,0.6945825637424389
214,"China, Taiwan Province of",2013,Maize and products,61.98,1.28,0.53,Maize,21,Brazil,2075145.0,4062945.0,0.5107489764198138
214,"China, Taiwan Province of",2013,Rice and products,422.64,8.53,1.12,Rice,231,United States of America,67404.6,171845.7,0.3922390842482529
214,"China, Taiwan Province of",2013,Wheat and products,389.94,12.6,2.3,Wheat,231,United States of America,1030251.0,1333334.0,0.7726878636560681
214,"China, Taiwan Province of",2014,Maize and products,62.67,1.3,0.53,Maize,231,United States of America,1853477.19,4211973.19,0.4400496172199045
214,"China, Taiwan Province of",2014,Rice and products,428.02,8.63,1.13,Rice,231,United States of America,65522.6,179215.56,0.3656077630759293
214,"China, Taiwan Province of",2014,Wheat and products,372.02,12.0,2.21,Wheat,231,United States of America,987489.57,1306657.61,0.755737051881556
214,"China, Taiwan Province of",2015,Maize and products,62.93,1.3,0.53,Maize,21,Brazil,2332792.0,4210973.72,0.553979234997458
214,"China, Taiwan Province of",2015,Rice and products,426.58,8.61,1.13,Rice,231,United States of America,87135.6,211291.53000000003,0.4123951395496071
214,"China, Taiwan Province of",2015,Wheat and products,357.68,11.55,2.1,Wheat,231,United States of America,1019727.34,1351448.34,0.7545440767643402
214,"China, Taiwan Province of",2016,Maize and products,68.04,1.41,0.58,Maize,231,United States of America,2535482.55,4223299.06,0.6003559099127591
214,"China, Taiwan Province of",2016,Rice and products,426.82,8.61,1.13,Rice,231,United States of America,96461.8,205652.39,0.469052657253339
214,"China, Taiwan Province of",2016,Wheat and products,357.18,11.55,2.12,Wheat,231,United States of America,1048480.31,1365756.1,0.7676922036079502
214,"China, Taiwan Province of",2017,Maize and products,65.43,1.35,0.56,Maize,231,United States of America,2494636.6,4446660.859999999,0.5610134612334705
214,"China, Taiwan Province of",2017,Rice and products,420.15,8.47,1.11,Rice,231,United States of America,84782.3,213012.56,0.3980154973021309
214,"China, Taiwan Province of",2017,Wheat and products,358.5,11.59,2.12,Wheat,231,United States of America,1126333.07,1430103.32,0.7875885988433339
214,"China, Taiwan Province of",2018,Maize and products,63.14,1.31,0.54,Maize,231,United States of America,3132295.0,4178905.0,0.7495492240192108
214,"China, Taiwan Province of",2018,Rice and products,415.37,8.38,1.1,Rice,231,United States of America,58517.4,168761.16,0.3467468462530122
214,"China, Taiwan Province of",2018,Wheat and products,368.14,11.92,2.16,Wheat,231,United States of America,973407.19,1252116.45,0.7774094733760586
214,"China, Taiwan Province of",2019,Maize and products,68.0,1.41,0.58,Maize,21,Brazil,2835781.0,4806245.33,0.5900200271299926
214,"China, Taiwan Province of",2019,Rice and products,424.15,8.55,1.12,Rice,231,United States of America,87417.5,184987.92,0.4725578837796544
214,"China, Taiwan Province of",2019,Wheat and products,371.05,12.03,2.14,Wheat,231,United States of America,1245677.13,1368411.7199999995,0.9103087263824372
214,"China, Taiwan Province of",2020,Maize and products,65.9,1.36,0.56,Maize,21,Brazil,2531396.0,4423892.0,0.5722101714960491
214,"China, Taiwan Province of",2020,Rice and products,399.57,8.06,1.06,Rice,231,United States of America,82611.6,171554.03000000003,0.4815485826826685
214,"China, Taiwan Province of",2020,Wheat and products,365.12,11.84,2.11,Wheat,231,United States of America,1311752.67,1435897.15,0.9135422199284956
214,"China, Taiwan Province of",2021,Maize and products,64.85,1.34,0.55,Maize,231,United States of America,1550605.0,4340722.48,0.3572227911700081
214,"China, Taiwan Province of",2021,Rice and products,385.18,7.77,1.02,Rice,231,United States of America,86461.5,175505.35,0.4926431017629947
214,"China, Taiwan Province of",2021,Wheat and products,369.31,11.96,2.15,Wheat,231,United States of America,982734.93,1293355.7000000002,0.7598334549420549
214,"China, Taiwan Province of",2022,Maize and products,58.92,1.22,0.5,Maize,21,Brazil,1469281.0,3882418.59,0.3784447673376713
214,"China, Taiwan Province of",2022,Rice and products,375.43,7.57,1.0,Rice,231,United States of America,84616.5,200447.12,0.4221387665734484
214,"China, Taiwan Province of",2022,Wheat and products,374.9,12.11,2.23,Wheat,231,United States of America,872555.61,1294020.69,0.6742980361465473
214,"China, Taiwan Province of",2023,Maize and products,64.77,1.34,0.55,Maize,21,Brazil,2466428.0,4245179.38,0.580995001440905
214,"China, Taiwan Province of",2023,Rice and products,390.73,7.88,1.04,Rice,231,United States of America,55186.0,176501.14,0.3126665357515538
214,"China, Taiwan Province of",2023,Wheat and products,375.9,12.16,2.21,Wheat,231,United States of America,990373.65,1285155.91,0.7706252932377675
215,United Republic of Tanzania,2010,Maize and products,526.62,10.89,4.48,Maize,251,Zambia,7274.0,18587.0,0.391348792166568
215,United Republic of Tanzania,2010,Rice and products,190.55,3.86,0.5,Rice,216,Thailand,1158.0,1973.4500000000005,0.5867896323697078
215,United Republic of Tanzania,2010,Wheat and products,131.63,4.15,0.63,Wheat,185,Russian Federation,281243.0,1105738.0,0.2543486793435696
215,United Republic of Tanzania,2011,Maize and products,515.33,10.66,4.38,Maize,251,Zambia,9505.0,11930.0,0.7967309304274938
215,United Republic of Tanzania,2011,Rice and products,197.14,4.0,0.51,Rice,231,United States of America,33717.35,65295.2,0.5163832869797473
215,United Republic of Tanzania,2011,Wheat and products,111.62,3.52,0.54,Wheat,231,United States of America,245394.0,1095068.0,0.2240901934857013
215,United Republic of Tanzania,2012,Maize and products,545.59,11.28,4.64,Maize,226,Uganda,42281.0,74532.0,0.567286534642838
215,United Republic of Tanzania,2012,Rice and products,201.62,4.09,0.53,Rice,165,Pakistan,27854.0,51332.55,0.5426186698303512
215,United Republic of Tanzania,2012,Wheat and products,114.16,3.6,0.55,Wheat,9,Argentina,307263.0,1116331.0,0.2752436329368261
215,United Republic of Tanzania,2013,Maize and products,557.66,11.53,4.74,Maize,226,Uganda,55427.0,75980.0,0.7294946038431166
215,United Republic of Tanzania,2013,Rice and products,208.95,4.23,0.55,Rice,165,Pakistan,159579.5,185961.25,0.8581330788000188
215,United Republic of Tanzania,2013,Wheat and products,115.19,3.64,0.55,Wheat,10,Australia,279046.0,795186.0,0.3509191560213585
215,United Republic of Tanzania,2014,Maize and products,546.82,11.31,4.65,Maize,251,Zambia,8744.09,14987.33,0.5834321390134201
215,United Republic of Tanzania,2014,Rice and products,206.18,4.19,0.53,Rice,165,Pakistan,10007.76,12530.35,0.7986816010725958
215,United Republic of Tanzania,2014,Wheat and products,127.24,4.0,0.64,Wheat,185,Russian Federation,313568.19,950473.61,0.3299073079998507
215,United Republic of Tanzania,2015,Maize and products,538.96,11.15,4.58,Maize,251,Zambia,7915.04,22208.66,0.3563943074458341
215,United Republic of Tanzania,2015,Rice and products,211.73,4.3,0.55,Rice,165,Pakistan,35438.32,54408.48,0.6513381737552675
215,United Republic of Tanzania,2015,Wheat and products,123.32,3.88,0.61,Wheat,185,Russian Federation,352900.97,852118.48,0.4141454249413767
215,United Republic of Tanzania,2016,Maize and products,535.67,11.08,4.55,Maize,251,Zambia,5880.76,9390.73,0.626230335660806
215,United Republic of Tanzania,2016,Rice and products,216.89,4.41,0.56,Rice,231,United States of America,1421.68,1652.28,0.8604352773137726
215,United Republic of Tanzania,2016,Wheat and products,132.13,4.14,0.69,Wheat,185,Russian Federation,362867.96,830624.56,0.4368615828070386
215,United Republic of Tanzania,2017,Maize and products,564.63,11.68,4.8,Maize,251,Zambia,58490.04,116187.1,0.5034125130931059
215,United Republic of Tanzania,2017,Rice and products,222.53,4.52,0.58,Rice,33,Canada,1100.0,1794.91,0.6128440980327705
215,United Republic of Tanzania,2017,Wheat and products,110.45,3.48,0.55,Wheat,185,Russian Federation,314099.7,632526.11,0.4965798170766421
215,United Republic of Tanzania,2018,Maize and products,515.72,10.67,4.38,Maize,251,Zambia,19899.89,22448.06,0.8864859591430173
215,United Republic of Tanzania,2018,Rice and products,260.39,5.29,0.67,Rice,231,United States of America,3054.06,3125.57,0.9771209731345002
215,United Republic of Tanzania,2018,Wheat and products,112.38,3.54,0.55,Wheat,185,Russian Federation,200000.0,228920.18,0.8736669698582274
215,United Republic of Tanzania,2019,Maize and products,533.91,11.04,4.54,Maize,226,Uganda,41770.0,92720.87,0.4504918903370946
215,United Republic of Tanzania,2019,Rice and products,237.14,4.82,0.61,Rice,165,Pakistan,150.2,197.81,0.7593144937060815
215,United Republic of Tanzania,2019,Wheat and products,119.28,3.74,0.63,Wheat,209,Eswatini,20000.0,41708.51,0.4795184483933854
215,United Republic of Tanzania,2020,Maize and products,600.69,12.42,5.1,Maize,226,Uganda,40200.0,53629.53,0.7495870278930283
215,United Republic of Tanzania,2020,Rice and products,234.18,4.76,0.6,Rice,165,Pakistan,677.76,705.1999999999999,0.9610890527509928
215,United Republic of Tanzania,2020,Wheat and products,90.11,2.83,0.47,Wheat,185,Russian Federation,430071.62,693651.67,0.6200109343065519
215,United Republic of Tanzania,2021,Maize and products,629.66,13.02,5.35,Maize,251,Zambia,11034.82,14913.05,0.7399438746601131
215,United Republic of Tanzania,2021,Rice and products,240.76,4.89,0.62,Rice,100,India,67.12,80.76,0.8311045071817732
215,United Republic of Tanzania,2021,Wheat and products,77.81,2.44,0.41,Wheat,185,Russian Federation,286833.61,701115.2,0.4091105284837641
215,United Republic of Tanzania,2022,Maize and products,669.48,13.85,5.69,Maize,251,Zambia,44834.9,62110.81,0.7218534100585712
215,United Republic of Tanzania,2022,Rice and products,279.93,5.69,0.72,Rice,100,India,141.14999999999998,212.68,0.6636731239420726
215,United Republic of Tanzania,2022,Wheat and products,89.65,2.81,0.46,Wheat,9,Argentina,239890.41,823452.64,0.2913226557874658
215,United Republic of Tanzania,2023,Maize and products,723.66,14.97,6.15,Maize,226,Uganda,57740.0,86341.03,0.6687434699354409
215,United Republic of Tanzania,2023,Rice and products,298.82,6.08,0.78,Rice,165,Pakistan,157493.86,278834.69,0.5648287879818683
215,United Republic of Tanzania,2023,Wheat and products,99.68,3.14,0.49,Wheat,185,Russian Federation,961147.13,1398305.85,0.6873654501266658
216,Thailand,2010,Maize and products,81.11,1.89,0.86,Maize,115,Cambodia,224742.0,416461.0,0.5396471698430345
216,Thailand,2010,Rice and products,1149.25,23.08,3.14,Rice,165,Pakistan,1646.0,4089.6,0.4024843505477308
216,Thailand,2010,Wheat and products,87.14,2.82,0.54,Wheat,231,United States of America,529538.0,1877072.0,0.2821085179471005
216,Thailand,2011,Maize and products,80.51,1.88,0.85,Maize,120,Lao People's Democratic Republic,167779.0,203638.0,0.8239081114526758
216,Thailand,2011,Rice and products,1123.53,22.61,3.07,Rice,165,Pakistan,1378.0,3983.6,0.3459182648860327
216,Thailand,2011,Wheat and products,89.63,2.87,0.62,Wheat,10,Australia,649091.0,1641751.0,0.3953650705862216
216,Thailand,2012,Maize and products,82.03,1.91,0.86,Maize,120,Lao People's Democratic Republic,154157.0,208824.0,0.7382149561353101
216,Thailand,2012,Rice and products,1126.72,22.66,3.11,Rice,28,Myanmar,35159.0,40071.05,0.877416488961482
216,Thailand,2012,Wheat and products,104.78,3.35,0.72,Wheat,10,Australia,1387196.0,2826716.0,0.4907447370022316
216,Thailand,2013,Maize and products,78.0,1.83,0.83,Maize,120,Lao People's Democratic Republic,116742.0,192208.0,0.6073732622991759
216,Thailand,2013,Rice and products,1143.55,22.99,3.17,Rice,28,Myanmar,14117.0,31923.85,0.4422085682021435
216,Thailand,2013,Wheat and products,84.66,2.74,0.51,Wheat,231,United States of America,606577.0,1950040.0,0.3110587475128715
216,Thailand,2014,Maize and products,79.02,1.86,0.85,Maize,115,Cambodia,27220.13,39453.39,0.6899313341641872
216,Thailand,2014,Rice and products,1151.34,23.19,3.19,Rice,10,Australia,1783.24,6613.12,0.2696518436078583
216,Thailand,2014,Wheat and products,80.73,2.63,0.48,Wheat,10,Australia,509154.72,1724644.86,0.2952229365064759
216,Thailand,2015,Maize and products,84.56,1.98,0.9,Maize,120,Lao People's Democratic Republic,141544.15,171024.34,0.8276257636778485
216,Thailand,2015,Rice and products,1106.52,22.23,3.08,Rice,120,Lao People's Democratic Republic,18729.14,39039.0,0.4797546043699889
216,Thailand,2015,Wheat and products,122.06,3.99,0.74,Wheat,230,Ukraine,1446961.63,4721381.71,0.3064699528392928
216,Thailand,2016,Maize and products,78.16,1.85,0.84,Maize,120,Lao People's Democratic Republic,101203.95,131797.53,0.7678744055370385
216,Thailand,2016,Rice and products,1095.63,22.07,3.05,Rice,10,Australia,6617.88,12008.65,0.5510927539731777
216,Thailand,2016,Wheat and products,125.32,4.1,0.75,Wheat,230,Ukraine,2238311.49,4732982.87,0.472917724715957
216,Thailand,2017,Maize and products,81.25,1.91,0.87,Maize,115,Cambodia,59348.0,103889.17,0.5712626253535378
216,Thailand,2017,Rice and products,1070.46,21.62,3.0,Rice,10,Australia,8260.04,16083.88,0.5135601608567087
216,Thailand,2017,Wheat and products,127.01,4.16,0.77,Wheat,230,Ukraine,806938.16,2915114.92,0.2768117834613532
216,Thailand,2018,Maize and products,85.84,2.0,0.91,Maize,115,Cambodia,95778.69,161321.4,0.5937134812864258
216,Thailand,2018,Rice and products,1093.77,22.03,3.06,Rice,10,Australia,9100.06,17082.59,0.5327096183892489
216,Thailand,2018,Wheat and products,129.3,4.23,0.77,Wheat,231,United States of America,710784.29,3052483.66,0.2328544127243583
216,Thailand,2019,Maize and products,84.23,1.96,0.88,Maize,28,Myanmar,646288.21,753393.1099999999,0.8578366345824427
216,Thailand,2019,Rice and products,1062.5,21.31,2.96,Rice,237,Viet Nam,12977.65,34626.58,0.3747886739031114
216,Thailand,2019,Wheat and products,125.59,4.11,0.75,Wheat,230,Ukraine,886484.05,2959144.05,0.2995744833712979
216,Thailand,2020,Maize and products,92.93,2.14,0.96,Maize,28,Myanmar,1412339.8,1598768.51,0.883392305493933
216,Thailand,2020,Rice and products,1089.49,21.81,3.05,Rice,28,Myanmar,19735.07,55761.21,0.353921121869486
216,Thailand,2020,Wheat and products,106.38,3.48,0.61,Wheat,231,United States of America,702508.38,3280704.69,0.214133378765036
216,Thailand,2021,Maize and products,94.6,2.17,0.97,Maize,28,Myanmar,1792051.1,1824144.5500000005,0.9824063010795936
216,Thailand,2021,Rice and products,1161.46,23.3,3.3,Rice,100,India,9307.92,25146.3,0.3701506782309922
216,Thailand,2021,Wheat and products,111.3,3.63,0.61,Wheat,10,Australia,1071886.9200000002,2838230.37,0.3776602954185146
216,Thailand,2022,Maize and products,91.48,2.11,0.95,Maize,28,Myanmar,1375593.7,1487793.95,0.9245861632923028
216,Thailand,2022,Rice and products,1182.8,23.72,3.32,Rice,100,India,3556.2,10819.4,0.3286873578941531
216,Thailand,2022,Wheat and products,82.31,2.68,0.45,Wheat,10,Australia,744554.78,1776156.77,0.419194292179513
216,Thailand,2023,Maize and products,92.21,2.12,0.95,Maize,28,Myanmar,1203280.0,1354348.72,0.8884565564472937
216,Thailand,2023,Rice and products,1157.37,23.26,3.25,Rice,100,India,5233.15,11806.16,0.4432558935335451
216,Thailand,2023,Wheat and products,139.16,4.53,0.84,Wheat,10,Australia,1871251.76,3871725.97,0.4833120356397536
219,Tonga,2022,Maize and products,1.32,0.03,0.01,Maize,231,United States of America,0.28,0.44,0.6363636363636364
219,Tonga,2022,Rice and products,69.43,1.7,0.38,Rice,41,"China, mainland",611.76,1245.37,0.4912275066847604
219,Tonga,2022,Wheat and products,632.74,17.63,8.19,Wheat,66,Fiji,2644.83,3283.65,0.805454296286145
219,Tonga,2023,Maize and products,35.73,0.94,0.24,Maize,231,United States of America,0.52,0.8600000000000001,0.6046511627906976
219,Tonga,2023,Rice and products,5.94,0.13,0.02,Rice,156,New Zealand,77.82000000000001,224.2,0.3471008028545941
219,Tonga,2023,Wheat and products,743.2,20.08,10.86,Wheat,66,Fiji,3374.45,4643.4,0.7267196450876513
220,Trinidad and Tobago,2010,Maize and products,155.97,3.52,1.24,Maize,231,United States of America,51039.0,51365.0,0.9936532658424998
220,Trinidad and Tobago,2010,Rice and products,171.24,3.83,1.01,Rice,91,Guyana,23407.35,30149.25,0.7763824970770418
220,Trinidad and Tobago,2010,Wheat and products,696.69,21.58,3.8,Wheat,231,United States of America,69863.0,74425.0,0.9387033926771918
220,Trinidad and Tobago,2015,Maize and products,231.87,5.2,1.85,Maize,231,United States of America,78738.43,79452.98999999999,0.9910065058596284
220,Trinidad and Tobago,2015,Rice and products,194.29,4.29,1.1,Rice,91,Guyana,19223.55,29969.18,0.6414439767788107
220,Trinidad and Tobago,2015,Wheat and products,709.84,21.77,4.14,Wheat,231,United States of America,105213.39,110425.31,0.952801400331138
220,Trinidad and Tobago,2016,Maize and products,226.77,5.05,1.82,Maize,231,United States of America,73860.38,74413.78,0.9925632053633078
220,Trinidad and Tobago,2016,Rice and products,189.53,4.18,1.09,Rice,91,Guyana,23122.97,32488.39,0.7117302519453873
220,Trinidad and Tobago,2016,Wheat and products,681.84,21.08,3.85,Wheat,231,United States of America,112566.42,116519.65,0.9660724178282376
220,Trinidad and Tobago,2017,Maize and products,211.33,4.73,1.69,Maize,231,United States of America,77429.34,78216.34,0.9899381638158984
220,Trinidad and Tobago,2017,Rice and products,196.54,4.32,1.11,Rice,91,Guyana,22504.25,31212.1,0.7210104414634068
220,Trinidad and Tobago,2017,Wheat and products,684.39,21.26,3.68,Wheat,231,United States of America,122085.38,126697.61,0.963596550874164
220,Trinidad and Tobago,2018,Maize and products,240.77,5.34,1.94,Maize,231,United States of America,81171.28,82030.06999999999,0.989530790355293
220,Trinidad and Tobago,2018,Rice and products,189.15,4.17,1.1,Rice,91,Guyana,22332.21,31173.91,0.7163750071774763
220,Trinidad and Tobago,2018,Wheat and products,672.77,20.9,3.66,Wheat,231,United States of America,101231.01,118010.57,0.8578130755575539
220,Trinidad and Tobago,2019,Maize and products,262.88,5.83,2.12,Maize,231,United States of America,86767.13,87548.17,0.9910787398525864
220,Trinidad and Tobago,2019,Rice and products,188.6,4.15,1.07,Rice,91,Guyana,21654.99,29335.56,0.7381822607102098
220,Trinidad and Tobago,2019,Wheat and products,697.82,21.69,3.77,Wheat,231,United States of America,113825.83,120593.26,0.9438821871139398
220,Trinidad and Tobago,2020,Maize and products,242.65,5.33,1.97,Maize,231,United States of America,76751.68,84139.46999999999,0.9121959052035864
220,Trinidad and Tobago,2020,Rice and products,193.69,4.26,1.12,Rice,91,Guyana,22214.46,31184.04,0.7123663258513009
220,Trinidad and Tobago,2020,Wheat and products,680.54,21.04,3.69,Wheat,231,United States of America,104615.19,116836.71,0.8953965752715906
220,Trinidad and Tobago,2021,Maize and products,241.91,5.32,1.96,Maize,231,United States of America,82750.08,83433.46,0.9918092813123176
220,Trinidad and Tobago,2021,Rice and products,193.22,4.25,1.11,Rice,91,Guyana,22312.58,28398.89,0.7856849334604276
220,Trinidad and Tobago,2021,Wheat and products,671.61,20.79,3.56,Wheat,231,United States of America,95469.84,125528.03,0.7605459912021243
220,Trinidad and Tobago,2022,Maize and products,250.42,5.48,2.04,Maize,231,United States of America,89448.34,89823.73999999999,0.9958207039697968
220,Trinidad and Tobago,2022,Rice and products,173.98,3.83,0.99,Rice,91,Guyana,23443.16,28223.82,0.8306161249611144
220,Trinidad and Tobago,2022,Wheat and products,647.84,19.91,3.68,Wheat,231,United States of America,116441.08,122973.86,0.9468766776939423
220,Trinidad and Tobago,2023,Maize and products,242.28,5.35,1.96,Maize,231,United States of America,64547.25,77293.34,0.8350945890033993
220,Trinidad and Tobago,2023,Rice and products,175.23,3.84,0.97,Rice,91,Guyana,22558.6,26334.1,0.8566307563197527
220,Trinidad and Tobago,2023,Wheat and products,614.16,19.07,3.34,Wheat,231,United States of America,62420.32000000001,114545.69,0.5449381814365953
221,Oman,2010,Maize and products,96.19,2.01,0.81,Maize,100,India,31245.0,86881.0,0.35962983851475
221,Oman,2010,Rice and products,563.64,11.47,1.45,Rice,165,Pakistan,238903.9,311385.85,0.7672278621523747
221,Oman,2010,Wheat and products,421.54,12.34,3.98,Wheat,79,Germany,114838.0,341191.0,0.3365798042738525
221,Oman,2011,Maize and products,90.95,1.9,0.77,Maize,100,India,45626.0,94510.0,0.482763728705957
221,Oman,2011,Rice and products,532.96,10.84,1.37,Rice,165,Pakistan,238295.2,345404.9,0.6899010407785182
221,Oman,2011,Wheat and products,472.98,14.25,3.56,Wheat,231,United States of America,167181.0,356353.0,0.4691443596658369
221,Oman,2012,Maize and products,89.17,1.86,0.75,Maize,100,India,36508.0,101916.0,0.3582165705090466
221,Oman,2012,Rice and products,498.76,10.15,1.29,Rice,165,Pakistan,193576.7,369792.15,0.5234743355152347
221,Oman,2012,Wheat and products,434.1,13.01,3.64,Wheat,100,India,149762.0,456092.0,0.3283591906895977
221,Oman,2013,Maize and products,99.59,2.07,0.85,Maize,9,Argentina,65812.0,153069.0,0.4299498918788259
221,Oman,2013,Rice and products,494.05,10.05,1.27,Rice,165,Pakistan,222036.9,466204.7,0.476264825300989
221,Oman,2013,Wheat and products,444.87,13.27,3.43,Wheat,10,Australia,129800.0,416999.0,0.3112717296684165
221,Oman,2014,Maize and products,104.72,2.18,0.89,Maize,9,Argentina,77916.77,179568.42,0.4339113191506613
221,Oman,2014,Rice and products,513.54,10.45,1.32,Rice,165,Pakistan,207273.11,431281.97,0.4805976702434372
221,Oman,2014,Wheat and products,535.73,16.02,4.26,Wheat,185,Russian Federation,207077.13,694940.53,0.2979782025377049
221,Oman,2015,Maize and products,100.87,2.09,0.86,Maize,9,Argentina,41645.28,163975.75,0.2539721879607198
221,Oman,2015,Rice and products,559.62,11.38,1.44,Rice,165,Pakistan,260340.36,548343.52,0.4747760309085078
221,Oman,2015,Wheat and products,531.72,16.08,4.02,Wheat,185,Russian Federation,197402.15,597925.0599999999,0.3301453028244041
221,Oman,2016,Maize and products,102.45,2.13,0.87,Maize,9,Argentina,68380.0,191887.8,0.356354077747517
221,Oman,2016,Rice and products,454.27,9.24,1.17,Rice,100,India,140569.99,380549.93,0.3693864560689841
221,Oman,2016,Wheat and products,547.7,16.38,4.36,Wheat,79,Germany,191109.45,681600.43,0.2803834058614077
221,Oman,2017,Maize and products,101.6,2.11,0.86,Maize,9,Argentina,116273.0,199006.82,0.5842664085582594
221,Oman,2017,Rice and products,465.21,9.47,1.2,Rice,100,India,193815.34,450006.73,0.4306943142828108
221,Oman,2017,Wheat and products,561.29,16.79,4.41,Wheat,185,Russian Federation,234945.0,751660.73,0.3125678788620499
221,Oman,2018,Maize and products,105.07,2.18,0.89,Maize,9,Argentina,126970.14,206185.98,0.6158039455446971
221,Oman,2018,Rice and products,483.17,9.83,1.25,Rice,100,India,239092.91,507278.6,0.4713246527647727
221,Oman,2018,Wheat and products,431.92,12.21,4.27,Wheat,185,Russian Federation,405416.0,723757.72,0.5601543013593002
221,Oman,2019,Maize and products,147.78,3.07,1.25,Maize,9,Argentina,222953.71,354600.81,0.628745630896895
221,Oman,2019,Rice and products,471.56,9.59,1.22,Rice,100,India,225650.48,453999.63,0.49702789405357
221,Oman,2019,Wheat and products,317.37,8.47,4.02,Wheat,185,Russian Federation,444521.0,750252.0499999999,0.5924955486626129
221,Oman,2020,Maize and products,198.2,4.73,1.91,Maize,9,Argentina,163941.26,337459.0,0.4858108985091522
221,Oman,2020,Rice and products,517.9,10.54,1.34,Rice,100,India,287119.29000000004,492010.68000000005,0.5835631250931382
221,Oman,2020,Wheat and products,177.05,5.07,1.34,Wheat,185,Russian Federation,396061.0,649854.38,0.6094611534356358
221,Oman,2021,Maize and products,145.65,3.02,1.23,Maize,21,Brazil,113916.0,335306.41000000003,0.3397370184482903
221,Oman,2021,Rice and products,431.55,8.78,1.11,Rice,100,India,267795.58,429954.84,0.6228458319017877
221,Oman,2021,Wheat and products,183.57,5.41,1.58,Wheat,10,Australia,1989720.0,2814295.81,0.7070045703546707
221,Oman,2022,Maize and products,151.16,3.14,1.28,Maize,9,Argentina,38174.94,144545.7,0.2641029100139264
221,Oman,2022,Rice and products,396.81,8.07,1.02,Rice,100,India,281217.07,502674.86,0.5594412857647187
221,Oman,2022,Wheat and products,312.64,7.77,5.69,Wheat,10,Australia,430387.73,1710042.07,0.2516825390149612
221,Oman,2023,Maize and products,155.72,3.23,1.32,Maize,9,Argentina,116405.31,234497.03,0.4964041975286424
221,Oman,2023,Rice and products,342.67,6.98,0.9,Rice,100,India,252413.79,353329.22,0.7143869674860178
221,Oman,2023,Wheat and products,408.71,10.36,6.88,Wheat,185,Russian Federation,650408.92,1025950.03,0.6339576987000041
222,Tunisia,2010,Maize and products,0.19,0.01,0.0,Maize,230,Ukraine,230853.0,889277.0,0.25959627877478
222,Tunisia,2010,Rice and products,10.96,0.22,0.03,Rice,216,Thailand,12660.0,20472.6,0.6183875032970898
222,Tunisia,2010,Wheat and products,1485.54,46.92,6.92,Wheat,230,Ukraine,547630.0,1916173.0,0.2857936104934158
222,Tunisia,2011,Maize and products,0.19,0.02,0.0,Maize,230,Ukraine,353838.0,850200.0,0.416182074805928
222,Tunisia,2011,Rice and products,10.82,0.22,0.03,Rice,165,Pakistan,18948.0,34984.25,0.5416151553913546
222,Tunisia,2011,Wheat and products,1532.28,48.4,7.14,Wheat,185,Russian Federation,348014.0,1624442.0,0.2142360268941581
222,Tunisia,2012,Maize and products,0.3,0.04,0.0,Maize,230,Ukraine,406203.0,855135.0,0.475016225508253
222,Tunisia,2012,Rice and products,10.98,0.22,0.03,Rice,100,India,17818.0,21456.8,0.830412736288729
222,Tunisia,2012,Wheat and products,1463.0,46.24,6.82,Wheat,230,Ukraine,475033.0,1634045.0,0.2907098641714273
222,Tunisia,2013,Maize and products,0.24,0.03,0.0,Maize,21,Brazil,288897.0,867518.0,0.3330155685530444
222,Tunisia,2013,Rice and products,11.01,0.22,0.03,Rice,100,India,18444.0,24001.35,0.7684567743064453
222,Tunisia,2013,Wheat and products,1471.79,46.49,6.94,Wheat,68,France,395436.0,1467038.0,0.2695472100927174
222,Tunisia,2014,Maize and products,0.17,0.01,0.0,Maize,230,Ukraine,476560.18,1022125.71,0.4662441961273041
222,Tunisia,2014,Rice and products,11.05,0.22,0.03,Rice,100,India,23444.56,32924.5,0.7120703427538764
222,Tunisia,2014,Wheat and products,1507.81,47.63,7.11,Wheat,230,Ukraine,533220.86,1611946.74,0.3307931005214229
222,Tunisia,2015,Maize and products,0.17,0.01,0.0,Maize,230,Ukraine,726260.82,1109994.0,0.6542925637435878
222,Tunisia,2015,Rice and products,11.04,0.22,0.03,Rice,100,India,38888.68,47147.31,0.824833484667524
222,Tunisia,2015,Wheat and products,1483.3,46.83,7.01,Wheat,230,Ukraine,480633.22,1928184.94,0.2492671786970808
222,Tunisia,2016,Maize and products,0.27,0.01,0.0,Maize,230,Ukraine,800670.78,1133291.11,0.7065005389480201
222,Tunisia,2016,Rice and products,11.04,0.22,0.03,Rice,100,India,37009.4,44359.65000000001,0.834303246306046
222,Tunisia,2016,Wheat and products,1501.33,47.36,7.24,Wheat,230,Ukraine,509546.61,2106852.26,0.2418520841133872
222,Tunisia,2017,Maize and products,0.33,0.01,0.0,Maize,230,Ukraine,876558.0,1217159.21,0.7201670847973948
222,Tunisia,2017,Rice and products,11.09,0.23,0.03,Rice,100,India,44109.48,65466.130000000005,0.6737755844128864
222,Tunisia,2017,Wheat and products,1488.75,46.92,7.28,Wheat,230,Ukraine,762709.0,1920982.42,0.3970411139941614
222,Tunisia,2018,Maize and products,0.23,0.01,0.0,Maize,230,Ukraine,419158.0,865876.9099999999,0.484084972308593
222,Tunisia,2018,Rice and products,13.43,0.27,0.03,Rice,216,Thailand,34501.8,54699.48,0.6307518828332555
222,Tunisia,2018,Wheat and products,1476.35,46.5,7.23,Wheat,230,Ukraine,1092963.82,1982403.51,0.5513326699063401
222,Tunisia,2019,Maize and products,0.24,0.01,0.0,Maize,230,Ukraine,615206.0,1025880.26,0.5996859711483288
222,Tunisia,2019,Rice and products,18.44,0.38,0.05,Rice,216,Thailand,31901.2,45801.11,0.6965158704668948
222,Tunisia,2019,Wheat and products,1471.42,46.5,6.94,Wheat,230,Ukraine,983202.0,1845362.43,0.5327961510520185
222,Tunisia,2020,Maize and products,0.14,0.0,0.0,Maize,230,Ukraine,475931.9,1032502.18,0.4609500194953583
222,Tunisia,2020,Rice and products,16.18,0.33,0.04,Rice,216,Thailand,38340.94,51564.54,0.743552449027956
222,Tunisia,2020,Wheat and products,1501.86,47.21,7.57,Wheat,230,Ukraine,1170955.4,2237784.65,0.5232654536262012
222,Tunisia,2021,Maize and products,0.27,0.01,0.0,Maize,230,Ukraine,453261.5,994144.23,0.455931328998409
222,Tunisia,2021,Rice and products,15.91,0.32,0.04,Rice,216,Thailand,18204.05,31253.3,0.5824680913695514
222,Tunisia,2021,Wheat and products,1537.53,48.55,7.45,Wheat,230,Ukraine,665823.7,1891912.3,0.3519315879493991
222,Tunisia,2022,Maize and products,0.28,0.01,0.0,Maize,9,Argentina,297489.0,827415.25,0.359540146256671
222,Tunisia,2022,Rice and products,23.61,0.48,0.06,Rice,216,Thailand,48722.6,59823.56,0.8144383249676215
222,Tunisia,2022,Wheat and products,1506.7,47.59,7.27,Wheat,27,Bulgaria,417617.7,1890738.47,0.2208754445029089
222,Tunisia,2023,Maize and products,0.64,0.02,0.0,Maize,230,Ukraine,590646.0,974718.34,0.6059658218804008
222,Tunisia,2023,Rice and products,13.99,0.28,0.04,Rice,216,Thailand,15723.4,25436.19,0.6181507529232956
222,Tunisia,2023,Wheat and products,1475.07,46.42,7.41,Wheat,185,Russian Federation,391885.0,2030496.94,0.1929995521194925
223,TÃ¼rkiye,2010,Maize and products,136.26,2.82,1.16,Maize,97,Hungary,107579.0,452361.0,0.2378166994944303
223,TÃ¼rkiye,2010,Rice and products,84.33,1.71,0.22,Rice,231,United States of America,152451.0,517522.75,0.2945783542849082
223,TÃ¼rkiye,2010,Wheat and products,1341.01,42.18,6.9,Wheat,185,Russian Federation,1433045.0,2554612.0,0.5609638567422371
223,TÃ¼rkiye,2011,Maize and products,122.12,2.53,1.04,Maize,183,Romania,127400.0,381293.0,0.3341262493672844
223,TÃ¼rkiye,2011,Rice and products,83.9,1.71,0.23,Rice,231,United States of America,123573.5,290451.15,0.4254536434095716
223,TÃ¼rkiye,2011,Wheat and products,1326.06,41.75,6.7,Wheat,185,Russian Federation,1777145.0,4754719.0,0.3737644643142949
223,TÃ¼rkiye,2012,Maize and products,142.93,2.96,1.21,Maize,185,Russian Federation,487915.0,807481.0,0.6042433196570569
223,TÃ¼rkiye,2012,Rice and products,82.26,1.68,0.22,Rice,231,United States of America,87536.6,207912.1,0.4210269628366987
223,TÃ¼rkiye,2012,Wheat and products,1261.81,39.82,6.43,Wheat,185,Russian Federation,2428013.0,3719281.0,0.6528178430185835
223,TÃ¼rkiye,2013,Maize and products,172.96,3.58,1.47,Maize,185,Russian Federation,875415.0,1548133.0,0.5654649826597585
223,TÃ¼rkiye,2013,Rice and products,83.84,1.7,0.22,Rice,106,Italy,83209.7,344615.4,0.2414567079706826
223,TÃ¼rkiye,2013,Wheat and products,1235.43,39.02,6.1,Wheat,185,Russian Federation,2449949.0,4053261.0,0.6044389936892788
223,TÃ¼rkiye,2014,Maize and products,175.75,3.63,1.49,Maize,185,Russian Federation,909517.79,1423594.65,0.6388881764904076
223,TÃ¼rkiye,2014,Rice and products,84.93,1.73,0.22,Rice,231,United States of America,161370.21,579648.51,0.2783932110858009
223,TÃ¼rkiye,2014,Wheat and products,1237.98,39.1,6.16,Wheat,185,Russian Federation,4093471.13,5288342.37,0.7740556196250962
223,TÃ¼rkiye,2015,Maize and products,175.18,3.62,1.49,Maize,185,Russian Federation,785352.87,1487005.05,0.5281440503514093
223,TÃ¼rkiye,2015,Rice and products,85.74,1.74,0.22,Rice,100,India,99604.99,365646.18,0.2724081241598093
223,TÃ¼rkiye,2015,Wheat and products,1247.37,39.55,5.92,Wheat,185,Russian Federation,2970525.12,4348494.640000001,0.6831157368058753
223,TÃ¼rkiye,2016,Maize and products,148.55,3.07,1.26,Maize,185,Russian Federation,387233.77,534790.8200000001,0.7240845495440628
223,TÃ¼rkiye,2016,Rice and products,87.19,1.78,0.23,Rice,185,Russian Federation,58825.08,293296.53,0.2005652095508937
223,TÃ¼rkiye,2016,Wheat and products,1253.96,39.56,6.29,Wheat,185,Russian Federation,2521137.25,4293368.86,0.5872165500357218
223,TÃ¼rkiye,2017,Maize and products,152.99,3.16,1.3,Maize,185,Russian Federation,886572.29,2055542.7,0.4313081358027736
223,TÃ¼rkiye,2017,Rice and products,91.13,1.86,0.25,Rice,84,Greece,89001.7,435651.87,0.2042954618787703
223,TÃ¼rkiye,2017,Wheat and products,1235.41,38.92,6.26,Wheat,185,Russian Federation,2930146.01,5096776.73,0.574901779148564
223,TÃ¼rkiye,2018,Maize and products,145.38,3.01,1.24,Maize,185,Russian Federation,1175904.3,2122733.25,0.5539576392841635
223,TÃ¼rkiye,2018,Rice and products,90.46,1.85,0.25,Rice,41,"China, mainland",119629.76,445007.73,0.2688262516248875
223,TÃ¼rkiye,2018,Wheat and products,1230.14,38.73,6.29,Wheat,185,Russian Federation,4839051.4,5796295.55,0.8348524257014466
223,TÃ¼rkiye,2019,Maize and products,133.2,2.75,1.13,Maize,230,Ukraine,2048325.95,4347474.71,0.471153045534335
223,TÃ¼rkiye,2019,Rice and products,96.96,1.97,0.25,Rice,41,"China, mainland",487278.56,895213.47,0.5443154915888386
223,TÃ¼rkiye,2019,Wheat and products,1218.41,38.38,6.18,Wheat,185,Russian Federation,6798767.88,10027026.13,0.6780442966692458
223,TÃ¼rkiye,2020,Maize and products,128.0,2.65,1.09,Maize,185,Russian Federation,677611.18,2299613.85,0.2946630278818333
223,TÃ¼rkiye,2020,Rice and products,94.56,1.93,0.25,Rice,41,"China, mainland",380918.44,917155.97,0.4153256942764053
223,TÃ¼rkiye,2020,Wheat and products,1183.03,37.21,6.31,Wheat,185,Russian Federation,6456190.06,9672423.64,0.6674842108135786
223,TÃ¼rkiye,2021,Maize and products,137.89,2.85,1.17,Maize,185,Russian Federation,1003953.9,2303899.35,0.4357629164659471
223,TÃ¼rkiye,2021,Rice and products,75.12,1.53,0.2,Rice,41,"China, mainland",286605.34,602943.41,0.4753436810927248
223,TÃ¼rkiye,2021,Wheat and products,1191.18,37.53,6.19,Wheat,185,Russian Federation,6241671.69,8891448.88,0.7019858938895457
223,TÃ¼rkiye,2022,Maize and products,136.14,2.82,1.16,Maize,230,Ukraine,1477632.08,3401947.26,0.4343489087482208
223,TÃ¼rkiye,2022,Rice and products,87.6,1.78,0.23,Rice,41,"China, mainland",494514.76,936967.85,0.5277819938005344
223,TÃ¼rkiye,2022,Wheat and products,1180.18,37.25,6.15,Wheat,185,Russian Federation,6339580.1,8969941.75,0.7067582239316103
223,TÃ¼rkiye,2023,Maize and products,126.76,2.62,1.08,Maize,185,Russian Federation,1726678.88,2030885.83,0.8502097235076972
223,TÃ¼rkiye,2023,Rice and products,87.91,1.79,0.23,Rice,41,"China, mainland",402202.65,1352457.37,0.2973865638367589
223,TÃ¼rkiye,2023,Wheat and products,1192.93,37.63,6.06,Wheat,185,Russian Federation,8992708.059999999,11916854.099999998,0.7546209750105105
225,United Arab Emirates,2014,Maize and products,8.59,0.21,0.08,Maize,9,Argentina,165207.09,401408.27,0.4115687252781314
225,United Arab Emirates,2014,Rice and products,436.49,8.88,1.13,Rice,100,India,992209.38,1632446.84,0.6078050174056511
225,United Arab Emirates,2014,Wheat and products,846.28,25.91,5.81,Wheat,100,India,518744.15,1412883.6,0.3671527859761412
225,United Arab Emirates,2015,Maize and products,12.62,0.32,0.11,Maize,9,Argentina,248316.4,546117.78,0.4546938574312669
225,United Arab Emirates,2015,Rice and products,381.22,7.76,0.99,Rice,100,India,1937401.43,2430974.45,0.7969649495904821
225,United Arab Emirates,2015,Wheat and products,773.93,23.8,5.16,Wheat,185,Russian Federation,493593.53,984509.19,0.5013600025409616
225,United Arab Emirates,2016,Maize and products,28.73,0.75,0.22,Maize,9,Argentina,172114.55,535060.95,0.3216727926042818
225,United Arab Emirates,2016,Rice and products,359.05,7.33,0.94,Rice,100,India,1848654.89,2404460.15,0.7688440542464386
225,United Arab Emirates,2016,Wheat and products,797.86,24.15,6.07,Wheat,126,Lithuania,247917.78,903335.86,0.2744469592959588
225,United Arab Emirates,2017,Maize and products,15.33,0.38,0.14,Maize,9,Argentina,189398.0,635291.93,0.2981275080890764
225,United Arab Emirates,2017,Rice and products,317.25,6.46,0.83,Rice,100,India,1437786.6800000002,1938063.47,0.7418676953856418
225,United Arab Emirates,2017,Wheat and products,774.31,23.73,5.24,Wheat,33,Canada,248754.0,1066847.73,0.233167295580223
225,United Arab Emirates,2018,Maize and products,10.85,0.27,0.1,Maize,9,Argentina,209487.65,414666.3,0.5051957441441467
225,United Arab Emirates,2018,Rice and products,273.11,5.56,0.71,Rice,100,India,1268185.59,1684233.48,0.7529749319553962
225,United Arab Emirates,2018,Wheat and products,781.06,24.18,4.9,Wheat,185,Russian Federation,532943.33,1311344.82,0.4064097572749782
225,United Arab Emirates,2019,Maize and products,12.61,0.31,0.11,Maize,9,Argentina,261896.4,452080.65,0.579313447722215
225,United Arab Emirates,2019,Rice and products,244.05,4.97,0.64,Rice,100,India,938433.7,1342088.44,0.6992338746319877
225,United Arab Emirates,2019,Wheat and products,818.72,25.31,5.27,Wheat,185,Russian Federation,656421.26,1349728.22,0.4863358787889906
225,United Arab Emirates,2020,Maize and products,23.17,0.55,0.2,Maize,9,Argentina,267677.4,556537.8300000001,0.4809689217352933
225,United Arab Emirates,2020,Rice and products,277.26,5.69,0.78,Rice,100,India,1086497.12,1477113.4400000002,0.7355542848489687
225,United Arab Emirates,2020,Wheat and products,840.43,25.71,6.07,Wheat,185,Russian Federation,689682.85,1477364.57,0.4668332136867205
225,United Arab Emirates,2021,Maize and products,22.02,0.53,0.19,Maize,9,Argentina,391178.0,656764.73,0.5956135921001726
225,United Arab Emirates,2021,Rice and products,265.17,5.41,0.72,Rice,100,India,810022.6599999999,1106285.59,0.7322003172797361
225,United Arab Emirates,2021,Wheat and products,807.89,25.35,5.66,Wheat,100,India,531649.42,1536065.45,0.3461111764475921
225,United Arab Emirates,2022,Maize and products,20.68,0.5,0.19,Maize,9,Argentina,300906.55,545960.6,0.5511506691142182
225,United Arab Emirates,2022,Rice and products,280.27,5.72,0.74,Rice,100,India,908061.18,1355258.91,0.6700278251629425
225,United Arab Emirates,2022,Wheat and products,835.73,26.48,5.5,Wheat,100,India,850871.4,1811547.87,0.4696930255560953
225,United Arab Emirates,2023,Maize and products,10.98,0.28,0.1,Maize,9,Argentina,228521.6,539397.29,0.423661008752936
225,United Arab Emirates,2023,Rice and products,276.24,5.64,0.75,Rice,100,India,848994.79,1174505.05,0.72285324784257
225,United Arab Emirates,2023,Wheat and products,853.02,26.89,5.87,Wheat,185,Russian Federation,571815.63,1508081.0,0.3791677171186428
226,Uganda,2010,Maize and products,448.51,9.28,3.81,Maize,231,United States of America,1202.0,1457.0,0.8249828414550446
226,Uganda,2010,Rice and products,50.27,1.02,0.13,Rice,215,United Republic of Tanzania,47593.0,110397.05,0.4311075341234208
226,Uganda,2010,Wheat and products,77.3,2.49,0.49,Wheat,230,Ukraine,141191.0,374611.0,0.3769003045826203
226,Uganda,2011,Maize and products,496.96,10.28,4.22,Maize,130,Malawi,2380.0,3573.0,0.6661069129582984
226,Uganda,2011,Rice and products,56.19,1.14,0.15,Rice,215,United Republic of Tanzania,53654.5,135837.35,0.3949907738924529
226,Uganda,2011,Wheat and products,84.59,2.73,0.55,Wheat,165,Pakistan,91320.0,392998.0,0.2323675947460292
226,Uganda,2012,Maize and products,489.79,10.13,4.16,Maize,215,United Republic of Tanzania,1351.0,1739.0,0.7768832662449684
226,Uganda,2012,Rice and products,53.46,1.09,0.14,Rice,165,Pakistan,113570.95,177945.7,0.6382337420909862
226,Uganda,2012,Wheat and products,102.99,3.31,0.7,Wheat,9,Argentina,163175.0,539707.0,0.3023399733559135
226,Uganda,2013,Maize and products,492.27,10.18,4.18,Maize,114,Kenya,4952.0,5033.0,0.9839062189548976
226,Uganda,2013,Rice and products,47.48,0.97,0.12,Rice,165,Pakistan,142330.95,167726.65000000002,0.8485887603430939
226,Uganda,2013,Wheat and products,77.3,2.48,0.54,Wheat,230,Ukraine,111771.0,438584.0,0.2548451379895299
226,Uganda,2014,Maize and products,537.48,11.12,4.57,Maize,114,Kenya,382.07,790.48,0.4833392369193401
226,Uganda,2014,Rice and products,67.87,1.38,0.18,Rice,165,Pakistan,179598.57,237304.57,0.7568272705409761
226,Uganda,2014,Wheat and products,95.52,3.05,0.7,Wheat,185,Russian Federation,173138.53,524514.9199999999,0.3300926692418969
226,Uganda,2015,Maize and products,471.39,9.75,4.01,Maize,215,United Republic of Tanzania,1436.22,2446.78,0.5869837092014811
226,Uganda,2015,Rice and products,54.42,1.11,0.16,Rice,165,Pakistan,111305.47,148201.08,0.7510435821385378
226,Uganda,2015,Wheat and products,86.46,2.74,0.66,Wheat,185,Russian Federation,208073.23,464169.63,0.4482698060189763
226,Uganda,2016,Maize and products,394.21,8.15,3.35,Maize,114,Kenya,1231.11,1455.7199999999998,0.8457052180364356
226,Uganda,2016,Rice and products,56.12,1.17,0.2,Rice,165,Pakistan,97242.05,168869.36,0.5758418815586203
226,Uganda,2016,Wheat and products,98.0,3.16,0.65,Wheat,185,Russian Federation,167311.82,564778.07,0.2962434784339272
226,Uganda,2017,Maize and products,432.47,8.94,3.68,Maize,114,Kenya,2356.99,3031.54,0.7774893288559609
226,Uganda,2017,Rice and products,62.86,1.33,0.28,Rice,165,Pakistan,150082.47,225556.89,0.6653863244878044
226,Uganda,2017,Wheat and products,114.23,3.68,0.76,Wheat,185,Russian Federation,190265.02,676746.41,0.2811467001354318
226,Uganda,2018,Maize and products,503.5,10.41,4.28,Maize,114,Kenya,579.1,595.13,0.973064708551073
226,Uganda,2018,Rice and products,58.69,1.2,0.18,Rice,215,United Republic of Tanzania,120943.94,233518.72,0.5179196768464643
226,Uganda,2018,Wheat and products,104.59,3.37,0.7,Wheat,185,Russian Federation,378688.24,640118.22,0.5915910970320452
226,Uganda,2019,Maize and products,407.29,8.42,3.46,Maize,215,United Republic of Tanzania,6793.5,7089.72,0.958218378158799
226,Uganda,2019,Rice and products,53.79,1.12,0.19,Rice,215,United Republic of Tanzania,122892.07,261652.49,0.4696766692340669
226,Uganda,2019,Wheat and products,105.54,3.27,0.67,Wheat,185,Russian Federation,202211.36,705498.48,0.2866219640898446
226,Uganda,2020,Maize and products,509.51,10.54,4.33,Maize,215,United Republic of Tanzania,10777.92,11876.03,0.9075355990175168
226,Uganda,2020,Rice and products,90.12,1.84,0.25,Rice,215,United Republic of Tanzania,444241.86,526863.24,0.8431824926711531
226,Uganda,2020,Wheat and products,91.21,2.83,0.56,Wheat,185,Russian Federation,208425.61,632549.87,0.3295006763656437
226,Uganda,2021,Maize and products,523.32,10.82,4.45,Maize,215,United Republic of Tanzania,88299.5,89619.24,0.9852739210910514
226,Uganda,2021,Rice and products,141.75,2.89,0.37,Rice,215,United Republic of Tanzania,971349.83,986267.71,0.9848744110257852
226,Uganda,2021,Wheat and products,94.12,2.92,0.57,Wheat,9,Argentina,207979.86,687198.09,0.3026490658610532
226,Uganda,2022,Maize and products,695.72,14.39,5.91,Maize,215,United Republic of Tanzania,85202.4,86527.4,0.9846869315384492
226,Uganda,2022,Rice and products,108.62,2.21,0.28,Rice,215,United Republic of Tanzania,658863.18,672037.1300000001,0.9803969908626924
226,Uganda,2022,Wheat and products,82.07,2.55,0.5,Wheat,9,Argentina,231386.33,638945.9,0.3621375925567406
226,Uganda,2023,Maize and products,649.54,13.43,5.52,Maize,215,United Republic of Tanzania,29424.83,32807.62,0.8968901127238124
226,Uganda,2023,Rice and products,90.7,1.85,0.24,Rice,215,United Republic of Tanzania,453206.2,464477.45,0.9757334828633768
226,Uganda,2023,Wheat and products,106.69,3.31,0.65,Wheat,185,Russian Federation,534429.0,782604.8300000001,0.6828848730718924
229,United Kingdom of Great Britain and Northern Ireland,2010,Maize and products,24.56,0.51,0.21,Maize,68,France,562088.0,963116.0,0.5836140194950556
229,United Kingdom of Great Britain and Northern Ireland,2010,Rice and products,70.55,1.45,0.2,Rice,106,Italy,131205.65,851256.05,0.1541318267282799
229,United Kingdom of Great Britain and Northern Ireland,2010,Wheat and products,736.25,22.58,5.05,Wheat,33,Canada,348356.0,1204061.0,0.2893175677976448
229,United Kingdom of Great Britain and Northern Ireland,2011,Maize and products,24.36,0.5,0.21,Maize,68,France,461354.0,963455.0,0.4788537087876445
229,United Kingdom of Great Britain and Northern Ireland,2011,Rice and products,70.39,1.46,0.21,Rice,203,Spain,129122.4,837199.0,0.1542314312367788
229,United Kingdom of Great Britain and Northern Ireland,2011,Wheat and products,724.88,22.3,4.85,Wheat,33,Canada,309655.0,981004.0,0.3156511084562346
229,United Kingdom of Great Britain and Northern Ireland,2012,Maize and products,24.19,0.5,0.21,Maize,68,France,578580.0,1282380.0,0.4511767182894305
229,United Kingdom of Great Britain and Northern Ireland,2012,Rice and products,72.82,1.51,0.22,Rice,100,India,207011.0,869868.2,0.2379797307224244
229,United Kingdom of Great Britain and Northern Ireland,2012,Wheat and products,729.75,22.25,5.29,Wheat,79,Germany,520965.0,1845809.0,0.2822420954714166
229,United Kingdom of Great Britain and Northern Ireland,2013,Maize and products,24.03,0.5,0.2,Maize,68,France,671148.0,2061885.0,0.32550214973192
229,United Kingdom of Great Britain and Northern Ireland,2013,Rice and products,65.2,1.35,0.19,Rice,100,India,155381.55,827298.45,0.1878180117465468
229,United Kingdom of Great Britain and Northern Ireland,2013,Wheat and products,724.63,21.96,5.53,Wheat,79,Germany,992003.0,3089446.0,0.3210941379133993
229,United Kingdom of Great Britain and Northern Ireland,2014,Maize and products,29.19,0.6,0.25,Maize,230,Ukraine,636323.7,2177227.68,0.2922632785928938
229,United Kingdom of Great Britain and Northern Ireland,2014,Rice and products,66.28,1.38,0.19,Rice,203,Spain,160358.46000000002,865317.73,0.1853174324765078
229,United Kingdom of Great Britain and Northern Ireland,2014,Wheat and products,765.16,23.23,5.78,Wheat,79,Germany,536241.81,1905764.04,0.2813789108960205
229,United Kingdom of Great Britain and Northern Ireland,2015,Maize and products,25.56,0.53,0.22,Maize,68,France,781492.9,1818542.14,0.4297359312223581
229,United Kingdom of Great Britain and Northern Ireland,2015,Rice and products,68.35,1.42,0.2,Rice,100,India,214130.38,923591.73,0.2318452764837987
229,United Kingdom of Great Britain and Northern Ireland,2015,Wheat and products,791.08,24.01,5.99,Wheat,79,Germany,368601.6,1631898.62,0.2258728547732947
229,United Kingdom of Great Britain and Northern Ireland,2016,Maize and products,30.6,0.63,0.26,Maize,68,France,576147.87,1657884.1900000002,0.3475199736357941
229,United Kingdom of Great Britain and Northern Ireland,2016,Rice and products,63.38,1.32,0.19,Rice,100,India,165612.32,793018.82,0.2088378179978124
229,United Kingdom of Great Britain and Northern Ireland,2016,Wheat and products,803.5,24.22,6.42,Wheat,33,Canada,330753.22,1575438.63,0.2099435761582156
229,United Kingdom of Great Britain and Northern Ireland,2017,Maize and products,27.16,0.56,0.23,Maize,68,France,392599.97,2157122.8,0.1820016783467311
229,United Kingdom of Great Britain and Northern Ireland,2017,Rice and products,68.22,1.42,0.2,Rice,100,India,253176.55,897535.84,0.282079599183471
229,United Kingdom of Great Britain and Northern Ireland,2017,Wheat and products,799.36,24.2,6.16,Wheat,68,France,443382.4,1954236.97,0.2268826180276387
229,United Kingdom of Great Britain and Northern Ireland,2018,Maize and products,30.62,0.63,0.26,Maize,230,Ukraine,515602.48,2301827.11,0.2239970490225045
229,United Kingdom of Great Britain and Northern Ireland,2018,Rice and products,58.15,1.21,0.17,Rice,106,Italy,140235.02,768888.9299999999,0.1823865769533188
229,United Kingdom of Great Britain and Northern Ireland,2018,Wheat and products,830.16,25.07,6.5,Wheat,68,France,412861.25,2272034.37,0.1817143505623992
229,United Kingdom of Great Britain and Northern Ireland,2019,Maize and products,58.95,1.22,0.5,Maize,230,Ukraine,1040066.24,2781577.24,0.3739124066171896
229,United Kingdom of Great Britain and Northern Ireland,2019,Rice and products,64.27,1.33,0.19,Rice,100,India,142569.35,874730.23,0.1629866501812793
229,United Kingdom of Great Britain and Northern Ireland,2019,Wheat and products,782.56,23.39,6.62,Wheat,33,Canada,362308.27,1303669.45,0.2779142136068311
229,United Kingdom of Great Britain and Northern Ireland,2020,Maize and products,42.56,0.88,0.36,Maize,230,Ukraine,806762.0,2670571.43,0.3020933987899361
229,United Kingdom of Great Britain and Northern Ireland,2020,Rice and products,75.32,1.55,0.22,Rice,100,India,213845.09,1023145.13,0.209007582335851
229,United Kingdom of Great Britain and Northern Ireland,2020,Wheat and products,801.94,23.86,7.03,Wheat,54,Denmark,525542.9199999999,2257291.13,0.2328201768107776
229,United Kingdom of Great Britain and Northern Ireland,2021,Maize and products,50.3,1.04,0.43,Maize,230,Ukraine,649277.3,2619711.18,0.2478430847479912
229,United Kingdom of Great Britain and Northern Ireland,2021,Rice and products,63.48,1.3,0.18,Rice,100,India,206782.44,863044.4400000001,0.2395965148677627
229,United Kingdom of Great Britain and Northern Ireland,2021,Wheat and products,755.38,22.56,6.34,Wheat,33,Canada,533448.7999999999,2200592.04,0.2424114921364524
229,United Kingdom of Great Britain and Northern Ireland,2022,Maize and products,51.38,1.06,0.44,Maize,33,Canada,509138.1,2478958.78,0.205383850714936
229,United Kingdom of Great Britain and Northern Ireland,2022,Rice and products,70.02,1.45,0.21,Rice,100,India,181924.56,912610.83,0.1993451688492453
229,United Kingdom of Great Britain and Northern Ireland,2022,Wheat and products,798.16,23.52,7.3,Wheat,33,Canada,530291.05,1738928.69,0.3049527292576903
229,United Kingdom of Great Britain and Northern Ireland,2023,Maize and products,37.94,0.78,0.32,Maize,33,Canada,447309.78,2162539.16,0.2068447074965338
229,United Kingdom of Great Britain and Northern Ireland,2023,Rice and products,80.59,1.69,0.26,Rice,100,India,245214.9,978879.17,0.2505057902090203
229,United Kingdom of Great Britain and Northern Ireland,2023,Wheat and products,837.18,24.64,7.75,Wheat,33,Canada,588995.7000000001,1793932.9200000002,0.3283264906025583
230,Ukraine,2010,Maize and products,88.38,1.83,0.75,Maize,97,Hungary,7716.0,26036.0,0.2963588876939622
230,Ukraine,2010,Rice and products,26.87,0.55,0.07,Rice,165,Pakistan,48259.0,89766.8,0.5376041030759702
230,Ukraine,2010,Wheat and products,784.3,24.69,3.81,Wheat,185,Russian Federation,1911.0,4866.0,0.3927250308261406
230,Ukraine,2011,Maize and products,82.95,1.72,0.7,Maize,97,Hungary,12987.0,45831.0,0.283367153236892
230,Ukraine,2011,Rice and products,27.61,0.56,0.07,Rice,165,Pakistan,63262.0,117991.8,0.5361559023593164
230,Ukraine,2011,Wheat and products,770.1,24.31,3.6,Wheat,185,Russian Federation,4213.0,9143.0,0.4607896751613256
230,Ukraine,2012,Maize and products,80.94,1.67,0.69,Maize,97,Hungary,15635.0,49175.0,0.3179461108286731
230,Ukraine,2012,Rice and products,26.92,0.55,0.07,Rice,165,Pakistan,34532.4,82827.25,0.4169207597741082
230,Ukraine,2012,Wheat and products,760.25,24.0,3.58,Wheat,185,Russian Federation,3706.0,6387.0,0.5802411147643651
230,Ukraine,2013,Maize and products,84.76,1.75,0.72,Maize,97,Hungary,14025.0,49308.0,0.2844366025797031
230,Ukraine,2013,Rice and products,27.12,0.55,0.07,Rice,165,Pakistan,51349.0,133005.15,0.3860677575266822
230,Ukraine,2013,Wheat and products,778.48,24.56,3.69,Wheat,185,Russian Federation,2829.0,6546.0,0.4321723189734189
230,Ukraine,2014,Maize and products,83.57,1.73,0.71,Maize,183,Romania,18052.63,54948.02,0.3285401366600652
230,Ukraine,2014,Rice and products,26.79,0.54,0.07,Rice,165,Pakistan,71572.06,163604.76,0.4374693010154472
230,Ukraine,2014,Wheat and products,787.56,24.72,4.03,Wheat,185,Russian Federation,2060.75,6343.5,0.3248600930085915
230,Ukraine,2015,Maize and products,82.91,1.71,0.7,Maize,183,Romania,9236.1,26403.36,0.3498077517406875
230,Ukraine,2015,Rice and products,25.99,0.53,0.07,Rice,165,Pakistan,76916.92,162031.32,0.4747040263573733
230,Ukraine,2015,Wheat and products,941.06,29.42,5.05,Wheat,223,Türkiye,1213.53,5106.74,0.2376330104920164
230,Ukraine,2016,Maize and products,127.52,2.64,1.08,Maize,183,Romania,11200.77,32383.84,0.3458752884154566
230,Ukraine,2016,Rice and products,21.72,0.44,0.06,Rice,165,Pakistan,50855.32,114382.97,0.4446056961101814
230,Ukraine,2016,Wheat and products,940.07,29.38,5.08,Wheat,79,Germany,930.37,5676.0,0.1639129668780831
230,Ukraine,2017,Maize and products,132.84,2.75,1.13,Maize,183,Romania,12014.79,36514.92,0.3290378289203427
230,Ukraine,2017,Rice and products,23.07,0.47,0.06,Rice,100,India,50048.91,142977.59,0.3500472346750284
230,Ukraine,2017,Wheat and products,891.46,27.91,4.71,Wheat,57,Belarus,3833.5,10247.8,0.3740802904037939
230,Ukraine,2018,Maize and products,135.72,2.81,1.15,Maize,183,Romania,12607.97,37423.67,0.336898278549378
230,Ukraine,2018,Rice and products,23.48,0.48,0.06,Rice,100,India,57000.69,160451.44,0.355251969069271
230,Ukraine,2018,Wheat and products,794.65,24.91,4.14,Wheat,57,Belarus,8647.6,16847.7,0.5132807445526689
230,Ukraine,2019,Maize and products,171.11,3.69,1.57,Maize,183,Romania,12835.25,35536.89,0.3611810149959661
230,Ukraine,2019,Rice and products,22.78,0.46,0.06,Rice,165,Pakistan,47799.81,152828.78999999998,0.3127670512866064
230,Ukraine,2019,Wheat and products,681.79,21.35,4.28,Wheat,106,Italy,1783.46,7998.13,0.2229846226555457
230,Ukraine,2020,Maize and products,170.68,3.68,1.57,Maize,97,Hungary,7601.24,24877.97,0.3055410067622077
230,Ukraine,2020,Rice and products,28.73,0.58,0.07,Rice,41,"China, mainland",100923.44,216023.12,0.4671881417137203
230,Ukraine,2020,Wheat and products,672.07,21.16,3.97,Wheat,57,Belarus,15508.02,22683.62,0.6836660109806107
230,Ukraine,2021,Maize and products,224.1,4.79,2.03,Maize,68,France,6333.38,18635.21,0.3398609406601804
230,Ukraine,2021,Rice and products,19.48,0.4,0.05,Rice,100,India,60053.4,142472.68,0.4215081796734644
230,Ukraine,2021,Wheat and products,638.96,20.05,4.01,Wheat,57,Belarus,26914.07,35129.38,0.7661413324117876
230,Ukraine,2022,Maize and products,107.22,2.22,0.91,Maize,97,Hungary,5940.81,23241.4,0.2556132590979889
230,Ukraine,2022,Rice and products,19.1,0.39,0.05,Rice,100,India,51596.71,157655.4,0.3272752471529678
230,Ukraine,2022,Wheat and products,752.58,23.57,4.56,Wheat,106,Italy,1991.3,6329.83,0.314589807309201
230,Ukraine,2023,Maize and products,94.16,1.95,0.8,Maize,173,Poland,4892.95,15747.54,0.3107120223222167
230,Ukraine,2023,Rice and products,19.69,0.4,0.05,Rice,100,India,60195.39,145004.38999999998,0.4151280523300019
230,Ukraine,2023,Wheat and products,716.04,22.46,4.36,Wheat,211,Switzerland,28200.0,39809.74,0.7083693588553958
231,United States of America,2010,Maize and products,92.53,1.59,0.65,Maize,33,Canada,292347.0,380580.0,0.7681617531136686
231,United States of America,2010,Rice and products,71.02,1.44,0.18,Rice,216,Thailand,772471.2,1027964.4,0.7514571516289863
231,United States of America,2010,Wheat and products,590.4,18.49,3.1,Wheat,33,Canada,2355461.0,2696413.0,0.8735534949579311
231,United States of America,2011,Maize and products,91.91,1.57,0.65,Maize,33,Canada,527202.0,640498.0,0.8231126404766291
231,United States of America,2011,Rice and products,68.2,1.39,0.18,Rice,216,Thailand,767657.6,1136110.1,0.6756894424228779
231,United States of America,2011,Wheat and products,578.34,18.11,3.05,Wheat,33,Canada,2079175.0,2201580.0,0.9444012936164028
231,United States of America,2012,Maize and products,90.39,1.56,0.64,Maize,21,Brazil,785129.0,1805004.0,0.4349735513051495
231,United States of America,2012,Rice and products,69.06,1.4,0.18,Rice,216,Thailand,745273.0,1146614.0,0.6499772373265982
231,United States of America,2012,Wheat and products,584.03,18.28,3.09,Wheat,33,Canada,2394821.0,2664303.0,0.8988545972436318
231,United States of America,2013,Maize and products,89.21,1.54,0.63,Maize,33,Canada,1342175.0,3309864.0,0.405507597895261
231,United States of America,2013,Rice and products,69.31,1.41,0.18,Rice,216,Thailand,738823.8,1215059.15,0.6080558300392208
231,United States of America,2013,Wheat and products,586.03,18.35,3.09,Wheat,33,Canada,3516789.0,3593677.0,0.978604643656066
231,United States of America,2014,Maize and products,88.68,1.53,0.63,Maize,33,Canada,311563.69,684930.16,0.4548838818836653
231,United States of America,2014,Rice and products,71.91,1.47,0.2,Rice,216,Thailand,831511.75,1323740.61,0.6281530865778909
231,United States of America,2014,Wheat and products,582.91,18.24,3.09,Wheat,33,Canada,3599008.33,3780457.41,0.952003405852415
231,United States of America,2015,Maize and products,88.1,1.52,0.62,Maize,33,Canada,338310.92,1146819.05,0.2949993898339934
231,United States of America,2015,Rice and products,71.65,1.46,0.19,Rice,216,Thailand,862141.97,1380650.37,0.6244462673051687
231,United States of America,2015,Wheat and products,582.43,18.16,3.24,Wheat,33,Canada,2600737.85,2768547.54,0.9393871018736416
231,United States of America,2016,Maize and products,87.73,1.51,0.62,Maize,33,Canada,800669.78,1632109.41,0.4905735945729276
231,United States of America,2016,Rice and products,72.23,1.48,0.2,Rice,216,Thailand,902209.61,1418745.81,0.6359205459080791
231,United States of America,2016,Wheat and products,581.92,18.04,3.47,Wheat,33,Canada,2072885.75,2508940.59,0.8261996151929608
231,United States of America,2017,Maize and products,87.29,1.51,0.62,Maize,33,Canada,622465.47,1343729.8199999998,0.4632370739528576
231,United States of America,2017,Rice and products,70.33,1.44,0.19,Rice,216,Thailand,973009.69,1484924.16,0.6552588450039092
231,United States of America,2017,Wheat and products,585.91,18.1,3.63,Wheat,33,Canada,2977581.33,3116221.6900000004,0.955510110065372
231,United States of America,2018,Maize and products,86.59,1.5,0.61,Maize,33,Canada,392474.49,830826.05,0.4723906887609024
231,United States of America,2018,Rice and products,73.16,1.5,0.2,Rice,216,Thailand,986908.46,1700117.36,0.5804943136396185
231,United States of America,2018,Wheat and products,587.66,18.1,3.76,Wheat,33,Canada,3324467.45,3470420.81,0.957943613183901
231,United States of America,2019,Maize and products,89.42,1.56,0.64,Maize,21,Brazil,415145.61,1050349.26,0.3952453015485535
231,United States of America,2019,Rice and products,72.62,1.48,0.19,Rice,216,Thailand,1131717.88,1847433.84,0.6125891252484581
231,United States of America,2019,Wheat and products,585.34,17.97,3.86,Wheat,33,Canada,2004657.52,2157528.65,0.9291452607129922
231,United States of America,2020,Maize and products,88.81,1.54,0.63,Maize,33,Canada,296995.85,696708.84,0.4262840270549746
231,United States of America,2020,Rice and products,75.74,1.54,0.2,Rice,216,Thailand,1272368.62,2272589.0900000003,0.5598762334989472
231,United States of America,2020,Wheat and products,595.09,18.22,4.04,Wheat,33,Canada,2002493.87,2252523.2,0.889000330829001
231,United States of America,2021,Maize and products,91.35,1.58,0.65,Maize,33,Canada,264315.31,651524.47,0.4056874640487409
231,United States of America,2021,Rice and products,77.72,1.59,0.21,Rice,216,Thailand,1076621.64,1836901.52,0.5861074359609654
231,United States of America,2021,Wheat and products,592.83,18.03,4.24,Wheat,33,Canada,1622106.84,1766122.9800000002,0.9184563353566692
231,United States of America,2022,Maize and products,80.5,1.4,0.57,Maize,33,Canada,235129.63,605416.3,0.3883767747911643
231,United States of America,2022,Rice and products,77.98,1.59,0.21,Rice,216,Thailand,1456852.9,2470830.45,0.5896207487648536
231,United States of America,2022,Wheat and products,613.95,18.62,4.54,Wheat,33,Canada,1866712.16,2052341.64,0.9095523491888028
231,United States of America,2023,Maize and products,79.94,1.39,0.57,Maize,33,Canada,687580.81,1037382.34,0.6628036582924672
231,United States of America,2023,Rice and products,93.54,1.91,0.27,Rice,216,Thailand,1485919.08,2576792.3400000003,0.5766545704649215
231,United States of America,2023,Wheat and products,599.27,18.14,4.5,Wheat,33,Canada,2275900.11,2829126.27,0.8044533515996088
233,Burkina Faso,2010,Maize and products,474.7,9.82,4.03,Maize,107,Côte d'Ivoire,250.0,434.0,0.576036866359447
233,Burkina Faso,2010,Rice and products,197.06,4.18,0.89,Rice,165,Pakistan,88299.6,336685.1,0.2622616801278108
233,Burkina Faso,2010,Wheat and products,60.67,1.9,0.4,Wheat,68,France,40430.0,98148.0,0.4119289236662998
233,Burkina Faso,2011,Maize and products,538.35,11.13,4.58,Maize,107,Côte d'Ivoire,121.0,149.0,0.8120805369127517
233,Burkina Faso,2011,Rice and products,271.76,5.75,1.22,Rice,216,Thailand,135302.55,374773.7,0.3610246663519878
233,Burkina Faso,2011,Wheat and products,63.01,1.96,0.43,Wheat,68,France,46928.0,100875.0,0.4652094175960347
233,Burkina Faso,2012,Maize and products,533.81,11.04,4.54,Maize,107,Côte d'Ivoire,4596.0,5701.0,0.8061743553762498
233,Burkina Faso,2012,Rice and products,244.49,5.16,1.06,Rice,28,Myanmar,198097.75,506099.6,0.3914204832408482
233,Burkina Faso,2012,Wheat and products,81.23,2.51,0.57,Wheat,68,France,55253.0,126407.0,0.4371039578504355
233,Burkina Faso,2013,Maize and products,563.4,11.65,4.79,Maize,107,Côte d'Ivoire,1202.0,1944.0,0.6183127572016461
233,Burkina Faso,2013,Rice and products,239.06,5.02,0.98,Rice,100,India,226800.4,544359.35,0.416637281971918
233,Burkina Faso,2013,Wheat and products,77.57,2.38,0.57,Wheat,68,France,55199.0,134939.0,0.4090663188551864
233,Burkina Faso,2014,Maize and products,586.64,12.13,4.99,Maize,107,Côte d'Ivoire,287.4,462.87,0.6209086784626353
233,Burkina Faso,2014,Rice and products,255.49,5.4,1.12,Rice,216,Thailand,200787.56,523844.6,0.3832960385579999
233,Burkina Faso,2014,Wheat and products,76.47,2.37,0.54,Wheat,107,Côte d'Ivoire,51140.44,140492.01,0.3640095974141162
233,Burkina Faso,2015,Maize and products,627.3,12.97,5.33,Maize,81,Ghana,963.5,1183.57,0.8140625396047552
233,Burkina Faso,2015,Rice and products,304.45,6.39,1.25,Rice,216,Thailand,244727.55,498279.97,0.4911446671235851
233,Burkina Faso,2015,Wheat and products,77.57,2.42,0.47,Wheat,68,France,119771.38,184252.95,0.6500377877260581
233,Burkina Faso,2016,Maize and products,608.93,12.59,5.18,Maize,133,Mali,150.0,277.1,0.5413208228076506
233,Burkina Faso,2016,Rice and products,297.08,6.25,1.24,Rice,216,Thailand,391592.22,651485.77,0.6010756305544478
233,Burkina Faso,2016,Wheat and products,97.8,3.08,0.57,Wheat,68,France,121326.37,197319.39,0.6148730238827518
233,Burkina Faso,2017,Maize and products,657.6,13.6,5.59,Maize,107,Côte d'Ivoire,1953.28,2035.73,0.9594985582567432
233,Burkina Faso,2017,Rice and products,324.55,6.81,1.33,Rice,216,Thailand,285045.51,603549.6,0.4722818306896401
233,Burkina Faso,2017,Wheat and products,101.7,3.2,0.6,Wheat,68,France,84479.78,222231.32,0.3801434469272828
233,Burkina Faso,2018,Maize and products,596.71,12.34,5.07,Maize,107,Côte d'Ivoire,1436.9,1587.0800000000002,0.9053733901252614
233,Burkina Faso,2018,Rice and products,236.84,4.98,0.99,Rice,216,Thailand,333207.89,836477.54,0.3983464875817227
233,Burkina Faso,2018,Wheat and products,98.35,3.09,0.58,Wheat,185,Russian Federation,75303.89,215073.54,0.3501308901132143
233,Burkina Faso,2019,Maize and products,469.67,9.71,3.99,Maize,107,Côte d'Ivoire,783.55,1014.55,0.7723128480607165
233,Burkina Faso,2019,Rice and products,207.3,4.33,0.81,Rice,100,India,235828.77,540987.99,0.4359223760216932
233,Burkina Faso,2019,Wheat and products,95.07,3.02,0.5,Wheat,185,Russian Federation,71712.76,195800.75,0.3662537554120707
233,Burkina Faso,2020,Maize and products,478.51,9.9,4.07,Maize,107,Côte d'Ivoire,2850.67,3256.91,0.8752682757583109
233,Burkina Faso,2020,Rice and products,224.14,4.67,0.85,Rice,100,India,274679.88,468937.45,0.5857495066772764
233,Burkina Faso,2020,Wheat and products,91.19,2.87,0.5,Wheat,68,France,143195.11000000002,220131.42,0.6504982796186024
233,Burkina Faso,2021,Maize and products,576.81,11.93,4.9,Maize,202,South Africa,233.28,908.73,0.2567099138357928
233,Burkina Faso,2021,Rice and products,266.21,5.56,1.05,Rice,100,India,209245.81,276684.69,0.7562608903297107
233,Burkina Faso,2021,Wheat and products,90.45,2.85,0.52,Wheat,68,France,153295.4,229804.85,0.6670677315992243
233,Burkina Faso,2022,Maize and products,514.15,10.63,4.37,Maize,107,Côte d'Ivoire,971.92,1595.87,0.6090220381359384
233,Burkina Faso,2022,Rice and products,303.52,6.32,1.15,Rice,100,India,574286.69,704906.96,0.8146985667441842
233,Burkina Faso,2022,Wheat and products,93.69,2.97,0.55,Wheat,68,France,177971.88,225642.7,0.7887331608777949
233,Burkina Faso,2023,Maize and products,536.29,11.09,4.56,Maize,107,Côte d'Ivoire,653.0,1076.21,0.6067589039313889
233,Burkina Faso,2023,Rice and products,332.53,6.93,1.29,Rice,100,India,660129.7000000001,807877.0900000001,0.8171164997388403
233,Burkina Faso,2023,Wheat and products,96.18,3.05,0.57,Wheat,68,France,242099.4,287033.91,0.843452259699908
234,Uruguay,2010,Maize and products,176.8,3.68,1.5,Maize,169,Paraguay,18224.0,25896.0,0.7037380290392339
234,Uruguay,2010,Rice and products,110.43,2.26,0.31,Rice,9,Argentina,957.5,990.45,0.966732293401989
234,Uruguay,2010,Wheat and products,763.76,23.28,5.15,Wheat,169,Paraguay,15450.0,23700.0,0.6518987341772152
234,Uruguay,2011,Maize and products,165.72,3.45,1.4,Maize,169,Paraguay,25053.0,36760.0,0.6815288356909684
234,Uruguay,2011,Rice and products,110.26,2.25,0.31,Rice,21,Brazil,2491.55,2795.6000000000004,0.891239805408499
234,Uruguay,2011,Wheat and products,756.04,22.99,5.19,Wheat,9,Argentina,9813.0,16356.0,0.5999633162142333
234,Uruguay,2012,Maize and products,186.7,3.89,1.58,Maize,9,Argentina,37337.0,55223.0,0.6761132136971914
234,Uruguay,2012,Rice and products,108.07,2.21,0.3,Rice,9,Argentina,779.85,1461.2,0.533705173829729
234,Uruguay,2012,Wheat and products,775.67,23.73,5.02,Wheat,9,Argentina,15563.0,16794.0,0.9267000119090152
234,Uruguay,2013,Maize and products,172.59,3.6,1.46,Maize,169,Paraguay,131143.0,135161.0,0.9702724898454436
234,Uruguay,2013,Rice and products,112.77,2.3,0.32,Rice,9,Argentina,966.1,1004.45,0.9618199014385982
234,Uruguay,2013,Wheat and products,772.29,23.56,5.16,Wheat,9,Argentina,25743.0,41536.0,0.6197756163328197
234,Uruguay,2014,Maize and products,193.39,4.03,1.64,Maize,169,Paraguay,261985.89,265209.71,0.987844261056656
234,Uruguay,2014,Rice and products,111.68,2.28,0.31,Rice,9,Argentina,615.45,1109.6,0.5546593366979091
234,Uruguay,2014,Wheat and products,761.8,23.18,5.23,Wheat,9,Argentina,4882.31,5045.700000000001,0.9676179717383118
234,Uruguay,2015,Maize and products,190.25,3.97,1.61,Maize,169,Paraguay,178475.75,181470.55,0.9834970467659904
234,Uruguay,2015,Rice and products,112.61,2.3,0.31,Rice,21,Brazil,413.69,553.8,0.7470025279884436
234,Uruguay,2015,Wheat and products,766.65,23.32,5.25,Wheat,9,Argentina,8203.63,8631.24,0.950457871638374
234,Uruguay,2016,Maize and products,188.08,3.92,1.59,Maize,169,Paraguay,101736.79,114857.8,0.8857630043410198
234,Uruguay,2016,Rice and products,113.13,2.31,0.32,Rice,9,Argentina,164.25,244.93,0.6705997631976482
234,Uruguay,2016,Wheat and products,769.82,23.42,5.3,Wheat,9,Argentina,5402.04,5750.49,0.9394051637338732
234,Uruguay,2017,Maize and products,189.04,3.94,1.6,Maize,169,Paraguay,238867.62,259440.46,0.920703039148173
234,Uruguay,2017,Rice and products,113.9,2.33,0.32,Rice,9,Argentina,608.2,1363.64,0.446012143967616
234,Uruguay,2017,Wheat and products,766.79,23.28,5.4,Wheat,9,Argentina,5042.71,5321.88,0.947542973535668
234,Uruguay,2018,Maize and products,192.58,4.01,1.63,Maize,169,Paraguay,286703.95,566405.31,0.5061816069485647
234,Uruguay,2018,Rice and products,114.87,2.35,0.32,Rice,9,Argentina,268.52,390.38,0.6878426148880578
234,Uruguay,2018,Wheat and products,773.38,23.31,5.82,Wheat,9,Argentina,3527.59,3879.0,0.9094070636762052
234,Uruguay,2019,Maize and products,231.33,4.81,1.96,Maize,169,Paraguay,226606.62,242761.3,0.9334544674130516
234,Uruguay,2019,Rice and products,103.57,2.11,0.29,Rice,138,Mexico,4848.0,5287.240000000001,0.9169245201655304
234,Uruguay,2019,Wheat and products,715.5,21.43,5.69,Wheat,9,Argentina,4026.72,4287.22,0.9392380143776152
234,Uruguay,2020,Maize and products,240.7,5.01,2.04,Maize,169,Paraguay,109375.14,145058.07,0.754009342603276
234,Uruguay,2020,Rice and products,103.28,2.12,0.3,Rice,231,United States of America,281.91,640.6100000000001,0.4400649381058678
234,Uruguay,2020,Wheat and products,713.72,21.38,5.71,Wheat,9,Argentina,4314.45,4556.26,0.9469279628467206
234,Uruguay,2021,Maize and products,196.51,4.09,1.66,Maize,9,Argentina,71998.75,102122.91,0.70502054827854
234,Uruguay,2021,Rice and products,97.33,1.98,0.26,Rice,21,Brazil,164.19,457.85,0.3586108987659714
234,Uruguay,2021,Wheat and products,709.52,21.29,5.64,Wheat,9,Argentina,6479.2,6639.07,0.9759198200952844
234,Uruguay,2022,Maize and products,186.67,3.89,1.58,Maize,169,Paraguay,151809.2,160042.63,0.9485547694386176
234,Uruguay,2022,Rice and products,94.02,1.91,0.25,Rice,21,Brazil,154.39,397.51,0.3883927448366078
234,Uruguay,2022,Wheat and products,753.46,22.61,5.98,Wheat,9,Argentina,7053.73,8264.25,0.8535233082251867
234,Uruguay,2023,Maize and products,173.5,3.61,1.47,Maize,169,Paraguay,408328.0,532032.94,0.7674863139113154
234,Uruguay,2023,Rice and products,90.77,1.86,0.27,Rice,21,Brazil,5229.969999999999,5706.81,0.9164436874541118
234,Uruguay,2023,Wheat and products,777.99,23.36,6.07,Wheat,9,Argentina,7104.49,8125.849999999999,0.8743073032359692
235,Uzbekistan,2017,Maize and products,43.79,0.91,0.37,Maize,108,Kazakhstan,30546.1,31123.2,0.9814575622044004
235,Uzbekistan,2017,Rice and products,52.0,1.06,0.13,Rice,185,Russian Federation,9.31,13.1,0.7106870229007634
235,Uzbekistan,2017,Wheat and products,1253.28,39.59,5.82,Wheat,108,Kazakhstan,1988063.47,1992966.91,0.997539627991114
235,Uzbekistan,2018,Maize and products,40.88,0.85,0.35,Maize,108,Kazakhstan,38140.08,42747.34,0.892221130016511
235,Uzbekistan,2018,Rice and products,43.89,0.89,0.12,Rice,108,Kazakhstan,18737.65,41832.36,0.4479223739707729
235,Uzbekistan,2018,Wheat and products,1287.01,40.65,5.98,Wheat,108,Kazakhstan,2891229.53,2898811.22,0.9973845520026654
235,Uzbekistan,2019,Maize and products,47.03,0.97,0.4,Maize,108,Kazakhstan,90811.47,97391.1,0.932441157354214
235,Uzbekistan,2019,Rice and products,61.36,1.26,0.17,Rice,165,Pakistan,50035.44,106275.15,0.4708103446572411
235,Uzbekistan,2019,Wheat and products,1278.75,40.33,5.96,Wheat,108,Kazakhstan,2633052.48,2640478.92,0.9971874647649148
235,Uzbekistan,2020,Maize and products,47.88,0.99,0.41,Maize,108,Kazakhstan,56986.92,60991.93,0.9343354112585058
235,Uzbekistan,2020,Rice and products,50.85,1.04,0.13,Rice,108,Kazakhstan,18725.41,23958.5,0.781576893378133
235,Uzbekistan,2020,Wheat and products,1265.79,39.91,5.9,Wheat,108,Kazakhstan,3119284.93,3153105.2300000004,0.989273970409164
235,Uzbekistan,2021,Maize and products,56.35,1.17,0.48,Maize,108,Kazakhstan,36462.91,60734.52,0.60036549230981
235,Uzbekistan,2021,Rice and products,61.64,1.26,0.16,Rice,108,Kazakhstan,54610.2,57857.99,0.9438661799346988
235,Uzbekistan,2021,Wheat and products,1167.04,36.75,5.48,Wheat,108,Kazakhstan,2813432.41,2842272.03,0.9898533216751954
235,Uzbekistan,2022,Maize and products,64.05,1.32,0.54,Maize,113,Kyrgyzstan,47271.69,94454.83,0.500468742572508
235,Uzbekistan,2022,Rice and products,53.03,1.08,0.14,Rice,165,Pakistan,10074.72,12998.72,0.775054774623963
235,Uzbekistan,2022,Wheat and products,1126.11,35.5,5.26,Wheat,108,Kazakhstan,3181733.16,3223491.92,0.9870454894765178
235,Uzbekistan,2023,Maize and products,68.27,1.41,0.58,Maize,113,Kyrgyzstan,20010.6,41990.48,0.4765508753412678
235,Uzbekistan,2023,Rice and products,77.63,1.58,0.2,Rice,108,Kazakhstan,123487.33,211826.28,0.5829651070679238
235,Uzbekistan,2023,Wheat and products,1127.6,35.54,5.29,Wheat,108,Kazakhstan,3785360.47,3837485.87,0.9864167838616692
236,Venezuela (Bolivarian Republic of),2010,Maize and products,373.95,7.86,3.27,Maize,231,United States of America,1093435.0,1808843.0,0.604494143493935
236,Venezuela (Bolivarian Republic of),2010,Rice and products,296.52,6.03,0.77,Rice,231,United States of America,204404.6,416202.9,0.4911176736154409
236,Venezuela (Bolivarian Republic of),2010,Wheat and products,362.5,11.28,1.88,Wheat,33,Canada,842319.0,1496505.0,0.562857457876853
236,Venezuela (Bolivarian Republic of),2011,Maize and products,373.51,7.84,3.26,Maize,231,United States of America,726292.0,1178184.0,0.6164504016350587
236,Venezuela (Bolivarian Republic of),2011,Rice and products,248.14,5.05,0.64,Rice,91,Guyana,131939.75,301793.65,0.4371853085709392
236,Venezuela (Bolivarian Republic of),2011,Wheat and products,338.09,10.59,1.73,Wheat,33,Canada,868109.0,1612951.0,0.5382116381712774
236,Venezuela (Bolivarian Republic of),2012,Maize and products,375.4,7.92,3.3,Maize,231,United States of America,1361245.0,2273202.0,0.5988227179106829
236,Venezuela (Bolivarian Republic of),2012,Rice and products,216.22,4.4,0.56,Rice,91,Guyana,189066.45,346461.80000000005,0.5457064819267232
236,Venezuela (Bolivarian Republic of),2012,Wheat and products,352.23,11.0,1.8,Wheat,33,Canada,777696.0,1495578.0,0.5199969510115822
236,Venezuela (Bolivarian Republic of),2013,Maize and products,365.32,7.69,3.2,Maize,231,United States of America,1037632.0,2394197.0,0.4333945786416072
236,Venezuela (Bolivarian Republic of),2013,Rice and products,218.29,4.44,0.56,Rice,91,Guyana,294055.5,575523.15,0.5109360066575949
236,Venezuela (Bolivarian Republic of),2013,Wheat and products,348.99,10.93,1.77,Wheat,33,Canada,917547.0,1472499.0,0.6231223247010694
236,Venezuela (Bolivarian Republic of),2014,Maize and products,342.63,7.2,3.0,Maize,231,United States of America,1082003.54,1912191.42,0.5658447834683832
236,Venezuela (Bolivarian Republic of),2014,Rice and products,244.52,4.97,0.63,Rice,91,Guyana,107813.32,297705.58,0.3621474612602156
236,Venezuela (Bolivarian Republic of),2014,Wheat and products,350.52,11.08,1.76,Wheat,33,Canada,860041.73,1562757.0599999998,0.5503361667743802
236,Venezuela (Bolivarian Republic of),2015,Maize and products,311.87,6.59,2.76,Maize,9,Argentina,655290.48,1877842.53,0.3489592282266607
236,Venezuela (Bolivarian Republic of),2015,Rice and products,201.75,4.1,0.52,Rice,231,United States of America,159801.85,390138.82,0.409602535835834
236,Venezuela (Bolivarian Republic of),2015,Wheat and products,310.59,9.78,1.53,Wheat,33,Canada,924746.02,1376390.7000000002,0.6718630255202973
236,Venezuela (Bolivarian Republic of),2016,Maize and products,328.93,6.94,2.9,Maize,231,United States of America,954286.69,1575108.16,0.6058547052413213
236,Venezuela (Bolivarian Republic of),2016,Rice and products,148.9,3.03,0.38,Rice,231,United States of America,151756.93,339861.36,0.446525989303403
236,Venezuela (Bolivarian Republic of),2016,Wheat and products,260.78,8.22,1.27,Wheat,33,Canada,510897.5,1288786.4300000002,0.3964175041787179
236,Venezuela (Bolivarian Republic of),2017,Maize and products,299.73,6.33,2.65,Maize,138,Mexico,1200182.84,1694783.39,0.708162970608297
236,Venezuela (Bolivarian Republic of),2017,Rice and products,207.49,4.22,0.54,Rice,231,United States of America,319511.63,585132.84,0.546049731202918
236,Venezuela (Bolivarian Republic of),2017,Wheat and products,377.67,12.0,1.84,Wheat,231,United States of America,472990.94,1616811.34,0.2925455359559761
236,Venezuela (Bolivarian Republic of),2018,Maize and products,323.5,6.86,2.88,Maize,138,Mexico,555942.7,1145959.48,0.4851329472836159
236,Venezuela (Bolivarian Republic of),2018,Rice and products,269.25,5.48,0.69,Rice,21,Brazil,579104.22,771181.37,0.7509312887057943
236,Venezuela (Bolivarian Republic of),2018,Wheat and products,149.13,4.72,0.73,Wheat,138,Mexico,391199.69,632278.53,0.6187141764880107
236,Venezuela (Bolivarian Republic of),2019,Maize and products,328.77,6.8,2.8,Maize,138,Mexico,1220460.72,1604805.98,0.7605035968273248
236,Venezuela (Bolivarian Republic of),2019,Rice and products,248.0,5.05,0.64,Rice,21,Brazil,1034402.77,1388426.48,0.7450180365329823
236,Venezuela (Bolivarian Republic of),2019,Wheat and products,212.15,6.85,1.1,Wheat,138,Mexico,555580.0299999999,638135.71,0.8706299009657364
236,Venezuela (Bolivarian Republic of),2020,Maize and products,319.33,6.61,2.72,Maize,231,United States of America,585164.47,1368080.1,0.4277267610281006
236,Venezuela (Bolivarian Republic of),2020,Rice and products,332.44,6.76,0.86,Rice,91,Guyana,566565.12,1150227.03,0.4925680802336909
236,Venezuela (Bolivarian Republic of),2020,Wheat and products,207.69,6.72,1.12,Wheat,223,Türkiye,78849.43,413673.49,0.1906078873944762
236,Venezuela (Bolivarian Republic of),2022,Maize and products,493.29,10.42,4.36,Maize,21,Brazil,442402.0,1242304.65,0.3561139371087438
236,Venezuela (Bolivarian Republic of),2022,Rice and products,242.77,4.94,0.63,Rice,21,Brazil,264090.93,751615.55,0.3513643777061291
236,Venezuela (Bolivarian Republic of),2022,Wheat and products,278.46,8.57,2.23,Wheat,138,Mexico,462038.19,812697.0,0.5685245423571147
236,Venezuela (Bolivarian Republic of),2023,Maize and products,486.86,10.32,4.33,Maize,21,Brazil,722377.77,1020456.15,0.7078969243313394
236,Venezuela (Bolivarian Republic of),2023,Rice and products,271.6,5.53,0.7,Rice,21,Brazil,860656.1100000001,957650.95,0.8987158734609934
236,Venezuela (Bolivarian Republic of),2023,Wheat and products,329.97,10.25,2.35,Wheat,33,Canada,363671.1,1006507.98,0.3613196390156787
237,Viet Nam,2012,Maize and products,66.02,1.37,0.56,Maize,100,India,1165398.0,1615502.0,0.7213844365404686
237,Viet Nam,2012,Rice and products,1508.48,30.69,3.9,Rice,120,Lao People's Democratic Republic,38900.0,44009.0,0.8839101092958258
237,Viet Nam,2012,Wheat and products,96.56,3.03,0.47,Wheat,10,Australia,2156353.0,2423616.0,0.8897255175737411
237,Viet Nam,2013,Maize and products,71.16,1.47,0.6,Maize,100,India,1019681.0,2186491.0,0.4663549952869689
237,Viet Nam,2013,Rice and products,1497.12,30.46,3.88,Rice,120,Lao People's Democratic Republic,35956.0,40849.0,0.880217385982521
237,Viet Nam,2013,Wheat and products,85.94,2.7,0.41,Wheat,10,Australia,1231687.0,1816600.0,0.6780177254211164
237,Viet Nam,2014,Maize and products,101.92,2.11,0.87,Maize,21,Brazil,2939045.12,4764031.21,0.6169239852649916
237,Viet Nam,2014,Rice and products,1518.35,30.9,3.94,Rice,41,"China, mainland",13668.47,28173.51,0.4851532521151961
237,Viet Nam,2014,Wheat and products,101.25,3.19,0.53,Wheat,10,Australia,1427596.48,2096981.68,0.6807863385816514
237,Viet Nam,2015,Maize and products,130.29,2.69,1.11,Maize,21,Brazil,5086297.6,7622035.84,0.6673148364518842
237,Viet Nam,2015,Rice and products,1489.33,30.31,3.87,Rice,216,Thailand,23338.75,49561.37,0.4709060705949008
237,Viet Nam,2015,Wheat and products,85.48,2.68,0.45,Wheat,10,Australia,1130225.0699999998,2264864.67,0.4990254318373909
237,Viet Nam,2016,Maize and products,139.71,2.89,1.19,Maize,9,Argentina,4381980.0,8444826.95,0.518895179965766
237,Viet Nam,2016,Rice and products,1417.42,28.84,3.67,Rice,216,Thailand,35359.520000000004,74370.28000000001,0.4754522908882418
237,Viet Nam,2016,Wheat and products,139.91,4.39,0.71,Wheat,10,Australia,1631790.5499999998,4720009.26,0.3457176586132375
237,Viet Nam,2017,Maize and products,128.76,2.66,1.09,Maize,9,Argentina,4019490.0,7725542.899999999,0.5202857652890647
237,Viet Nam,2017,Rice and products,1420.86,28.91,3.67,Rice,216,Thailand,34107.14,77661.26000000001,0.4391782981630738
237,Viet Nam,2017,Wheat and products,144.78,4.54,0.72,Wheat,10,Australia,1816772.8,4694521.53,0.3869985020603367
237,Viet Nam,2018,Maize and products,141.61,2.93,1.2,Maize,9,Argentina,4934340.97,10404841.98,0.4742350705070486
237,Viet Nam,2018,Rice and products,1372.11,27.92,3.54,Rice,216,Thailand,43904.09,107185.56,0.4096082532012707
237,Viet Nam,2018,Wheat and products,124.73,3.94,0.62,Wheat,185,Russian Federation,2871695.16,5182432.0,0.5541211462108909
237,Viet Nam,2019,Maize and products,152.13,3.15,1.29,Maize,9,Argentina,7324305.6,11447666.53,0.6398077355595367
237,Viet Nam,2019,Rice and products,1389.66,28.27,3.59,Rice,28,Myanmar,24128.32,73499.83,0.3282772218656832
237,Viet Nam,2019,Wheat and products,121.06,3.76,0.62,Wheat,185,Russian Federation,933359.7,2808109.53,0.3323800906013805
237,Viet Nam,2020,Maize and products,153.72,3.18,1.31,Maize,9,Argentina,7995286.7,12144713.15,0.6583347503765455
237,Viet Nam,2020,Rice and products,1414.8,28.78,3.65,Rice,115,Cambodia,47426.01,148303.2,0.3197908743708834
237,Viet Nam,2020,Wheat and products,120.83,3.75,0.64,Wheat,10,Australia,777230.16,3174257.49,0.2448541627289347
237,Viet Nam,2021,Maize and products,132.57,2.74,1.13,Maize,9,Argentina,5852779.3,9945455.58,0.5884878025869178
237,Viet Nam,2021,Rice and products,1391.22,28.31,3.61,Rice,100,India,977674.5,1301926.3,0.7509445811179941
237,Viet Nam,2021,Wheat and products,109.46,3.42,0.58,Wheat,10,Australia,3148556.52,4717135.92,0.6674720791170249
237,Viet Nam,2022,Maize and products,127.15,2.63,1.08,Maize,9,Argentina,5671049.45,9602783.13,0.5905631079268162
237,Viet Nam,2022,Rice and products,1331.69,27.1,3.44,Rice,100,India,811180.11,1141422.49,0.7106747213295228
237,Viet Nam,2022,Wheat and products,110.72,3.45,0.68,Wheat,10,Australia,2799566.08,3937384.18,0.7110218236311397
237,Viet Nam,2023,Maize and products,132.49,2.74,1.13,Maize,21,Brazil,3929560.55,9218119.08,0.4262865901272344
237,Viet Nam,2023,Rice and products,1326.12,26.99,3.45,Rice,115,Cambodia,438495.43,832933.21,0.5264472886127328
237,Viet Nam,2023,Wheat and products,106.23,3.27,0.71,Wheat,10,Australia,2690305.15,4457812.32,0.6035034579472829
238,Ethiopia,2010,Maize and products,453.41,9.38,3.85,Maize,9,Argentina,2259.0,2667.0,0.8470191226096738
238,Ethiopia,2010,Rice and products,13.8,0.28,0.04,Rice,165,Pakistan,45205.2,71135.25,0.6354824085105485
238,Ethiopia,2010,Wheat and products,409.1,12.92,1.91,Wheat,231,United States of America,444682.0,1055593.0,0.4212627404691012
238,Ethiopia,2011,Maize and products,491.78,10.17,4.18,Maize,202,South Africa,3397.0,5518.0,0.6156216020297209
238,Ethiopia,2011,Rice and products,15.27,0.31,0.04,Rice,165,Pakistan,64438.25,112759.0,0.5714687962823367
238,Ethiopia,2011,Wheat and products,403.82,12.76,1.89,Wheat,185,Russian Federation,582895.0,1123917.0,0.518628154926031
238,Ethiopia,2012,Maize and products,489.99,10.13,4.16,Maize,9,Argentina,2307.0,2650.0,0.8705660377358491
238,Ethiopia,2012,Rice and products,15.76,0.32,0.04,Rice,100,India,80576.7,150729.4,0.534578522836288
238,Ethiopia,2012,Wheat and products,402.25,12.7,1.87,Wheat,9,Argentina,210551.0,1013918.0,0.2076607773015174
238,Ethiopia,2013,Maize and products,485.13,10.03,4.12,Maize,202,South Africa,4434.0,7244.0,0.6120927664273882
238,Ethiopia,2013,Rice and products,16.87,0.34,0.04,Rice,100,India,215149.45,260014.9,0.8274504653387172
238,Ethiopia,2013,Wheat and products,392.43,12.4,1.82,Wheat,100,India,809790.0,1384512.0,0.5848920052697268
238,Ethiopia,2014,Maize and products,439.4,9.09,3.73,Maize,9,Argentina,3741.46,4232.64,0.88395422242383
238,Ethiopia,2014,Rice and products,25.1,0.51,0.07,Rice,100,India,291030.53,319487.06000000006,0.9109305710221878
238,Ethiopia,2014,Wheat and products,446.16,14.09,2.09,Wheat,100,India,314296.98,1075259.46,0.292298735042052
238,Ethiopia,2015,Maize and products,448.08,9.27,3.81,Maize,9,Argentina,3843.59,4122.900000000001,0.9322539959737076
238,Ethiopia,2015,Rice and products,33.84,0.69,0.09,Rice,100,India,438132.92,476821.32,0.9188618495498482
238,Ethiopia,2015,Wheat and products,461.8,14.6,2.15,Wheat,230,Ukraine,395399.67,1305322.94,0.3029132928591602
238,Ethiopia,2016,Maize and products,480.0,9.93,4.08,Maize,9,Argentina,4550.76,5078.77,0.8960358512001921
238,Ethiopia,2016,Rice and products,28.89,0.59,0.07,Rice,100,India,494393.88,531787.44,0.9296832584086604
238,Ethiopia,2016,Wheat and products,456.56,14.43,2.12,Wheat,183,Romania,775470.2,2514461.95,0.3084040305322576
238,Ethiopia,2017,Maize and products,541.01,11.19,4.6,Maize,106,Italy,26887.29,38195.05,0.703946977422467
238,Ethiopia,2017,Rice and products,40.7,0.83,0.11,Rice,100,India,588708.6900000001,610471.85,0.9643502644716544
238,Ethiopia,2017,Wheat and products,422.21,13.35,1.96,Wheat,183,Romania,351128.4,1112863.13,0.3155180457816047
238,Ethiopia,2018,Maize and products,508.38,10.52,4.32,Maize,9,Argentina,10865.16,12117.55,0.8966465993538298
238,Ethiopia,2018,Rice and products,61.64,1.25,0.16,Rice,100,India,964392.03,1017691.61,0.9476269829914388
238,Ethiopia,2018,Wheat and products,435.49,13.77,2.03,Wheat,183,Romania,376211.2,1214111.9,0.3098653427249992
238,Ethiopia,2019,Maize and products,476.55,9.86,4.05,Maize,202,South Africa,67442.62,79117.79999999999,0.8524329544046979
238,Ethiopia,2019,Rice and products,50.23,1.02,0.13,Rice,100,India,712198.38,810290.5299999999,0.8789420012103561
238,Ethiopia,2019,Wheat and products,468.8,14.81,2.19,Wheat,230,Ukraine,543553.2,1437389.28,0.3781530915549891
238,Ethiopia,2020,Maize and products,482.29,9.98,4.1,Maize,202,South Africa,74455.07,81557.91,0.912910470609166
238,Ethiopia,2020,Rice and products,66.6,1.35,0.17,Rice,100,India,2137276.6,2326092.66,0.9188269395940571
238,Ethiopia,2020,Wheat and products,444.71,14.05,2.07,Wheat,9,Argentina,372083.0,1132051.21,0.3286803606702562
238,Ethiopia,2021,Maize and products,474.7,9.82,4.03,Maize,202,South Africa,2533.54,4648.32,0.545044231034008
238,Ethiopia,2021,Rice and products,71.33,1.45,0.19,Rice,100,India,2444453.41,2507124.64,0.9750027465726634
238,Ethiopia,2021,Wheat and products,482.65,15.24,2.24,Wheat,230,Ukraine,833633.0,1958239.93,0.4257052403175131
238,Ethiopia,2022,Maize and products,470.71,9.73,4.0,Maize,9,Argentina,5546.6,6744.0,0.822449584816133
238,Ethiopia,2022,Rice and products,61.2,1.24,0.16,Rice,100,India,1507216.69,1572509.9799999995,0.9584782984970308
238,Ethiopia,2022,Wheat and products,485.79,15.34,2.26,Wheat,231,United States of America,618390.03,1460754.03,0.4233361793292468
238,Ethiopia,2023,Maize and products,471.23,9.74,4.0,Maize,9,Argentina,2532.86,4584.8,0.5524472168905951
238,Ethiopia,2023,Rice and products,52.31,1.06,0.13,Rice,100,India,623798.18,772655.8,0.8073429074110361
238,Ethiopia,2023,Wheat and products,481.07,15.19,2.23,Wheat,231,United States of America,349631.5,815473.31,0.4287467115263404
244,Samoa,2012,Maize and products,14.13,0.36,0.1,Maize,156,New Zealand,2.0,4.0,0.5
244,Samoa,2012,Rice and products,30.91,0.63,0.08,Rice,10,Australia,3474.35,7666.95,0.4531593397635304
244,Samoa,2012,Wheat and products,476.61,14.16,4.07,Wheat,66,Fiji,6001.0,8457.0,0.7095896890150172
244,Samoa,2013,Maize and products,14.92,0.38,0.11,Maize,156,New Zealand,2.0,3.0,0.6666666666666666
244,Samoa,2013,Rice and products,7.72,0.16,0.02,Rice,231,United States of America,3163.4,6303.950000000001,0.5018123557452073
244,Samoa,2013,Wheat and products,559.68,16.71,4.75,Wheat,66,Fiji,7279.0,9614.0,0.7571250260037445
244,Samoa,2014,Maize and products,35.97,0.81,0.29,Maize,231,United States of America,2.92,4.06,0.7192118226600985
244,Samoa,2014,Rice and products,48.08,0.98,0.13,Rice,237,Viet Nam,84301.5,91259.49,0.9237559841721666
244,Samoa,2014,Wheat and products,535.57,15.76,4.67,Wheat,10,Australia,58760.66,80253.68000000001,0.7321864866508302
244,Samoa,2015,Maize and products,35.73,0.8,0.29,Maize,156,New Zealand,1.66,3.95,0.420253164556962
244,Samoa,2015,Rice and products,78.06,1.59,0.2,Rice,10,Australia,258376.94,388353.54,0.6653137241905919
244,Samoa,2015,Wheat and products,606.31,18.16,4.78,Wheat,10,Australia,409825.2,448974.17,0.9128035138413418
244,Samoa,2017,Maize and products,1.12,0.02,0.01,Maize,231,United States of America,0.83,1.62,0.5123456790123457
244,Samoa,2017,Rice and products,148.01,3.1,0.45,Rice,10,Australia,9151.7,13693.55,0.668321947194117
244,Samoa,2017,Wheat and products,630.77,18.98,5.15,Wheat,66,Fiji,6591.89,8387.83,0.7858874106890579
244,Samoa,2018,Maize and products,12.31,0.25,0.1,Maize,231,United States of America,0.24,0.24,1.0
244,Samoa,2018,Rice and products,132.0,2.81,0.43,Rice,10,Australia,47934.56,56351.73,0.8506315600248653
244,Samoa,2018,Wheat and products,584.67,17.66,4.79,Wheat,66,Fiji,7511.35,9705.38,0.773936723755278
244,Samoa,2019,Maize and products,19.7,0.49,0.14,Maize,231,United States of America,0.88,1.09,0.8073394495412843
244,Samoa,2019,Rice and products,213.21,4.36,0.59,Rice,200,Singapore,8728.9,23340.0,0.3739888603256212
244,Samoa,2019,Wheat and products,666.54,19.49,6.65,Wheat,66,Fiji,6422.54,11227.58,0.5720324415412761
244,Samoa,2021,Maize and products,33.36,0.75,0.27,Maize,96,"China, Hong Kong SAR",4.5,5.1,0.8823529411764707
244,Samoa,2021,Rice and products,356.76,7.43,1.28,Rice,96,"China, Hong Kong SAR",50621.42,66722.28,0.758688402134939
244,Samoa,2021,Wheat and products,636.68,18.58,6.29,Wheat,66,Fiji,12046.94,14940.15,0.8063466564927394
244,Samoa,2022,Maize and products,31.51,0.82,0.22,Maize,156,New Zealand,0.47,0.47,1.0
244,Samoa,2022,Rice and products,405.3,8.25,1.05,Rice,237,Viet Nam,8472.16,23836.28,0.3554313005217257
244,Samoa,2022,Wheat and products,524.44,15.55,4.63,Wheat,66,Fiji,4601.4,7050.349999999999,0.6526484500769465
244,Samoa,2023,Maize and products,25.41,0.64,0.18,Maize,41,"China, mainland",0.55,0.55,1.0
244,Samoa,2023,Rice and products,377.06,7.67,0.97,Rice,200,Singapore,3223.17,9604.86,0.3355769891492431
244,Samoa,2023,Wheat and products,530.27,15.38,5.24,Wheat,66,Fiji,8361.99,10025.08,0.834107059494787
249,Yemen,2011,Maize and products,133.26,2.76,1.13,Maize,21,Brazil,97898.0,139569.0,0.7014308334945439
249,Yemen,2011,Rice and products,144.03,2.93,0.38,Rice,216,Thailand,252970.1,637096.4,0.3970672256192312
249,Yemen,2011,Wheat and products,874.81,27.34,4.69,Wheat,10,Australia,671705.0,2604212.0,0.257930229950557
249,Yemen,2012,Maize and products,129.62,2.68,1.1,Maize,100,India,30967.0,42160.0,0.734511385199241
249,Yemen,2012,Rice and products,147.35,3.01,0.41,Rice,100,India,480245.8,858068.4,0.5596824215878361
249,Yemen,2012,Wheat and products,915.15,28.56,5.01,Wheat,10,Australia,1481530.0,3940198.0,0.3760039470097696
249,Yemen,2013,Maize and products,135.0,2.79,1.15,Maize,9,Argentina,346404.0,460403.0,0.7523930122088692
249,Yemen,2013,Rice and products,141.52,2.88,0.37,Rice,100,India,419959.75,859529.5,0.4885925962983237
249,Yemen,2013,Wheat and products,862.77,26.9,4.79,Wheat,10,Australia,760033.0,3067393.0,0.2477781621070401
249,Yemen,2014,Maize and products,169.57,3.51,1.44,Maize,9,Argentina,880928.37,1152290.72,0.7645018350924496
249,Yemen,2014,Rice and products,133.88,2.73,0.35,Rice,100,India,423306.08,836508.99,0.5060388890739835
249,Yemen,2014,Wheat and products,777.73,24.24,4.34,Wheat,10,Australia,982163.0,3362978.58,0.2920515182109783
249,Yemen,2015,Maize and products,150.65,3.12,1.28,Maize,9,Argentina,498098.76,524817.31,0.9490898080324368
249,Yemen,2015,Rice and products,132.24,2.7,0.36,Rice,100,India,440102.64,820798.79,0.5361882173339948
249,Yemen,2015,Wheat and products,821.03,25.58,4.53,Wheat,10,Australia,985901.5,3018667.81,0.3266015216162523
249,Yemen,2018,Maize and products,167.25,3.46,1.42,Maize,9,Argentina,604625.7,606955.8999999999,0.996160841339544
249,Yemen,2018,Rice and products,168.45,3.45,0.48,Rice,216,Thailand,95420.61000000002,144276.93000000002,0.6613712254620333
249,Yemen,2018,Wheat and products,779.13,24.29,4.27,Wheat,185,Russian Federation,624527.9,1710104.61,0.3651986529642768
249,Yemen,2019,Maize and products,153.4,3.17,1.3,Maize,9,Argentina,693330.0,698323.04,0.992849956661891
249,Yemen,2019,Rice and products,174.41,3.58,0.51,Rice,100,India,259505.71,461864.38,0.5618656065228498
249,Yemen,2019,Wheat and products,754.0,23.56,3.96,Wheat,185,Russian Federation,533605.2,2239013.39,0.2383215760938347
250,Democratic Republic of the Congo,2016,Maize and products,198.67,4.11,1.69,Maize,9,Argentina,18200.81,28168.12,0.6461492637776324
250,Democratic Republic of the Congo,2016,Rice and products,79.07,1.61,0.2,Rice,216,Thailand,127471.14,158589.61,0.8037798945340745
250,Democratic Republic of the Congo,2016,Wheat and products,40.7,1.27,0.24,Wheat,185,Russian Federation,211883.72,457745.49,0.4628854344365031
250,Democratic Republic of the Congo,2017,Maize and products,198.96,4.12,1.69,Maize,9,Argentina,32734.65,44825.33,0.730271255114017
250,Democratic Republic of the Congo,2017,Rice and products,87.36,1.78,0.23,Rice,216,Thailand,117766.13,162186.12000000002,0.7261171917794198
250,Democratic Republic of the Congo,2017,Wheat and products,42.55,1.32,0.27,Wheat,185,Russian Federation,182402.88,388757.34,0.4691946909606903
250,Democratic Republic of the Congo,2018,Maize and products,180.09,3.73,1.53,Maize,9,Argentina,32292.76,36766.33,0.8783242711469977
250,Democratic Republic of the Congo,2018,Rice and products,101.97,2.07,0.26,Rice,216,Thailand,184353.53,225578.98,0.8172460483685138
250,Democratic Republic of the Congo,2018,Wheat and products,35.26,1.07,0.26,Wheat,185,Russian Federation,201876.68,315410.73,0.640043793056755
250,Democratic Republic of the Congo,2019,Maize and products,178.62,3.7,1.52,Maize,9,Argentina,55945.62,61166.43,0.9146458277849469
250,Democratic Republic of the Congo,2019,Rice and products,96.97,1.97,0.25,Rice,216,Thailand,248901.42,339144.68000000005,0.7339092566629675
250,Democratic Republic of the Congo,2019,Wheat and products,40.36,1.23,0.3,Wheat,185,Russian Federation,248112.4,456637.46,0.5433465752021308
250,Democratic Republic of the Congo,2020,Maize and products,193.66,4.04,1.67,Maize,9,Argentina,69399.0,76975.87,0.9015682446979814
250,Democratic Republic of the Congo,2020,Rice and products,101.59,2.07,0.26,Rice,216,Thailand,186888.6,380323.9,0.4913932571684293
250,Democratic Republic of the Congo,2020,Wheat and products,32.04,1.01,0.17,Wheat,185,Russian Federation,212143.8,383976.8,0.5524911921761939
250,Democratic Republic of the Congo,2021,Maize and products,170.7,3.55,1.47,Maize,9,Argentina,43519.31,44706.42,0.9734465430244694
250,Democratic Republic of the Congo,2021,Rice and products,102.63,2.09,0.27,Rice,41,"China, mainland",121056.36,380100.69,0.3184849782829912
250,Democratic Republic of the Congo,2021,Wheat and products,50.0,1.57,0.27,Wheat,185,Russian Federation,507607.0,635611.93,0.7986115049791466
250,Democratic Republic of the Congo,2022,Maize and products,172.78,3.6,1.49,Maize,9,Argentina,51649.37,52531.11,0.9832148987523774
250,Democratic Republic of the Congo,2022,Rice and products,105.05,2.14,0.28,Rice,100,India,96232.52,275072.2,0.3498445862577171
250,Democratic Republic of the Congo,2022,Wheat and products,39.84,1.24,0.24,Wheat,185,Russian Federation,165490.8,478008.15,0.3462091598229026
250,Democratic Republic of the Congo,2023,Maize and products,175.12,3.65,1.51,Maize,9,Argentina,69219.82,76209.3,0.9082857341558052
250,Democratic Republic of the Congo,2023,Rice and products,102.61,2.09,0.26,Rice,216,Thailand,166879.05,384760.29,0.4337221234550998
250,Democratic Republic of the Congo,2023,Wheat and products,36.31,1.07,0.35,Wheat,173,Poland,108650.6,414513.56,0.2621159124444566
251,Zambia,2010,Maize and products,919.67,19.02,7.82,Maize,202,South Africa,5589.0,5703.0,0.9800105207785376
251,Zambia,2010,Rice and products,26.86,0.55,0.07,Rice,225,United Arab Emirates,4755.1,16015.0,0.2969153918201686
251,Zambia,2010,Wheat and products,64.85,2.05,0.3,Wheat,250,Democratic Republic of the Congo,102.0,120.0,0.85
251,Zambia,2011,Maize and products,920.16,19.03,7.82,Maize,202,South Africa,705.0,733.0,0.961800818553888
251,Zambia,2011,Rice and products,23.01,0.47,0.06,Rice,130,Malawi,1186.5,6413.25,0.1850076014501228
251,Zambia,2011,Wheat and products,79.77,2.52,0.37,Wheat,202,South Africa,12060.0,16130.0,0.7476751394916304
251,Zambia,2012,Maize and products,921.98,19.07,7.84,Maize,202,South Africa,2942.0,3062.0,0.960809928151535
251,Zambia,2012,Rice and products,23.53,0.48,0.06,Rice,100,India,6246.5,19805.8,0.3153874117682699
251,Zambia,2012,Wheat and products,92.69,2.92,0.45,Wheat,202,South Africa,19251.0,19382.0,0.993241151583944
251,Zambia,2013,Maize and products,1063.62,22.0,9.04,Maize,202,South Africa,2781.0,4028.0,0.6904170804369414
251,Zambia,2013,Rice and products,20.94,0.42,0.05,Rice,237,Viet Nam,6813.95,21752.35,0.3132512119380205
251,Zambia,2013,Wheat and products,55.24,1.74,0.27,Wheat,250,Democratic Republic of the Congo,30.0,77.0,0.3896103896103896
251,Zambia,2014,Maize and products,1138.52,23.54,9.68,Maize,202,South Africa,2047.5,2206.6200000000003,0.9278897136797454
251,Zambia,2014,Rice and products,22.92,0.47,0.06,Rice,202,South Africa,3756.79,13202.71,0.2845468846926123
251,Zambia,2014,Wheat and products,42.22,1.33,0.2,Wheat,237,Viet Nam,1569.35,1986.17,0.7901388098702529
251,Zambia,2015,Maize and products,1073.23,22.2,9.12,Maize,202,South Africa,962.34,1026.32,0.937660768571206
251,Zambia,2015,Rice and products,21.96,0.45,0.06,Rice,202,South Africa,7001.0,22900.12,0.3057189219969153
251,Zambia,2015,Wheat and products,104.15,3.28,0.51,Wheat,202,South Africa,37493.46,53007.53999999999,0.7073231468579754
251,Zambia,2016,Maize and products,1093.58,22.62,9.29,Maize,202,South Africa,938.24,965.02,0.9722492798076724
251,Zambia,2016,Rice and products,13.1,0.27,0.03,Rice,202,South Africa,11318.94,21791.29,0.5194249629094927
251,Zambia,2016,Wheat and products,64.26,2.03,0.3,Wheat,202,South Africa,251.62,320.81,0.7843271718462641
251,Zambia,2017,Maize and products,1054.04,21.8,8.96,Maize,202,South Africa,1048.53,1536.16,0.6825656181647746
251,Zambia,2017,Rice and products,19.52,0.4,0.05,Rice,144,Mozambique,9810.0,24815.74,0.3953136195011714
251,Zambia,2017,Wheat and products,86.92,2.74,0.41,Wheat,173,Poland,20169.0,53180.75,0.3792537713364328
251,Zambia,2018,Maize and products,1033.4,21.37,8.78,Maize,202,South Africa,1132.82,1533.62,0.7386575553266128
251,Zambia,2018,Rice and products,23.88,0.48,0.06,Rice,144,Mozambique,19888.0,37687.23,0.5277119066590991
251,Zambia,2018,Wheat and products,59.66,1.89,0.28,Wheat,202,South Africa,20845.82,37348.04,0.5581503072182636
251,Zambia,2019,Maize and products,894.43,18.5,7.6,Maize,202,South Africa,1478.62,2367.08,0.6246599185494364
251,Zambia,2019,Rice and products,17.96,0.36,0.05,Rice,144,Mozambique,40538.0,54210.06,0.747794782001717
251,Zambia,2019,Wheat and products,57.21,1.79,0.3,Wheat,202,South Africa,22898.24,31212.800000000003,0.7336169776501947
251,Zambia,2020,Maize and products,813.6,16.83,6.91,Maize,202,South Africa,977.61,1184.59,0.8252728792240354
251,Zambia,2020,Rice and products,23.51,0.48,0.06,Rice,144,Mozambique,51964.8,63486.3,0.8185199011440264
251,Zambia,2020,Wheat and products,76.97,2.42,0.39,Wheat,202,South Africa,41026.37,50187.48,0.8174622435715043
251,Zambia,2021,Maize and products,824.86,17.06,7.01,Maize,41,"China, mainland",2150.99,4496.15,0.47840708161427
251,Zambia,2021,Rice and products,25.2,0.51,0.07,Rice,144,Mozambique,28686.66,34110.89,0.8409824545768229
251,Zambia,2021,Wheat and products,75.6,2.36,0.4,Wheat,202,South Africa,23833.95,55777.740000000005,0.4273021818381311
251,Zambia,2022,Maize and products,825.24,17.07,7.01,Maize,202,South Africa,355.48,417.32,0.8518163519601266
251,Zambia,2022,Rice and products,35.08,0.71,0.09,Rice,202,South Africa,14000.71,33409.13,0.4190683804097861
251,Zambia,2022,Wheat and products,69.08,2.14,0.38,Wheat,202,South Africa,38391.03,38397.8,0.9998236878154478
251,Zambia,2023,Maize and products,856.78,17.72,7.28,Maize,202,South Africa,1895.79,2073.85,0.914140366950358
251,Zambia,2023,Rice and products,30.57,0.62,0.08,Rice,202,South Africa,30769.84,63190.42,0.4869383681893553
251,Zambia,2023,Wheat and products,72.71,2.29,0.36,Wheat,202,South Africa,42603.55,60481.130000000005,0.7044106153439924
255,Belgium,2010,Maize and products,13.26,0.27,0.11,Maize,68,France,566768.0,762294.0,0.7435031628216935
255,Belgium,2010,Rice and products,93.2,1.89,0.24,Rice,203,Spain,109683.55,408051.2,0.2687984988158349
255,Belgium,2010,Wheat and products,754.69,23.78,3.66,Wheat,68,France,2019841.0,4050388.0,0.4986783982176522
255,Belgium,2011,Maize and products,13.14,0.27,0.11,Maize,68,France,632139.0,1242226.0,0.5088760016293331
255,Belgium,2011,Rice and products,85.0,1.72,0.22,Rice,203,Spain,92855.7,429925.6,0.2159808580833521
255,Belgium,2011,Wheat and products,760.94,23.89,3.93,Wheat,68,France,1807144.0,3645381.0,0.495735288026135
255,Belgium,2012,Maize and products,13.93,0.29,0.12,Maize,68,France,713421.0,1765928.0,0.4039921219891185
255,Belgium,2012,Rice and products,89.03,1.81,0.23,Rice,203,Spain,81150.5,451752.8,0.1796347471448987
255,Belgium,2012,Wheat and products,760.65,23.96,3.8,Wheat,68,France,2306056.0,4261795.0,0.5410997009476054
255,Belgium,2013,Maize and products,13.87,0.29,0.12,Maize,68,France,875653.0,1449714.0,0.6040177579853682
255,Belgium,2013,Rice and products,86.42,1.75,0.22,Rice,203,Spain,94507.2,498842.1,0.1894531355713561
255,Belgium,2013,Wheat and products,749.37,23.61,3.77,Wheat,68,France,2048471.0,3756191.0,0.545358582670583
255,Belgium,2014,Maize and products,9.78,0.2,0.08,Maize,68,France,818560.1,1682320.19,0.4865661750157085
255,Belgium,2014,Rice and products,91.06,1.85,0.23,Rice,203,Spain,75519.48,439194.44,0.1719499909880462
255,Belgium,2014,Wheat and products,772.4,24.31,3.96,Wheat,68,France,1950752.3,3935960.87,0.4956228896655672
255,Belgium,2015,Maize and products,7.91,0.16,0.07,Maize,68,France,997086.8,1503523.86,0.6631665958397228
255,Belgium,2015,Rice and products,89.17,1.81,0.23,Rice,150,Netherlands (Kingdom of the),96433.11,472637.62,0.2040318119408269
255,Belgium,2015,Wheat and products,809.98,25.49,4.13,Wheat,68,France,2245088.5,4236556.15,0.5299324310855645
255,Belgium,2016,Maize and products,5.41,0.11,0.05,Maize,68,France,671656.5,1591992.1,0.4218968800159247
255,Belgium,2016,Rice and products,95.97,1.95,0.25,Rice,203,Spain,80863.1,408057.43,0.1981659787447076
255,Belgium,2016,Wheat and products,732.56,23.11,3.65,Wheat,68,France,2414597.9,4543397.41,0.5314520571512145
255,Belgium,2017,Maize and products,8.43,0.17,0.07,Maize,68,France,689219.26,1778958.75,0.3874284662305969
255,Belgium,2017,Rice and products,87.29,1.77,0.23,Rice,28,Myanmar,197825.06,555984.3,0.3558105147933134
255,Belgium,2017,Wheat and products,728.13,22.99,3.62,Wheat,68,France,2756472.92,4727970.17,0.5830140252344274
255,Belgium,2018,Maize and products,7.98,0.17,0.07,Maize,68,France,974025.23,1984881.12,0.4907222000277779
255,Belgium,2018,Rice and products,94.52,1.92,0.24,Rice,28,Myanmar,171848.8,513731.2,0.3345111217695168
255,Belgium,2018,Wheat and products,746.17,23.54,3.74,Wheat,68,France,2970776.57,4479118.26,0.6632503090016649
255,Belgium,2019,Maize and products,8.07,0.17,0.07,Maize,68,France,727132.11,1999695.06,0.3636214963695514
255,Belgium,2019,Rice and products,92.29,1.87,0.24,Rice,28,Myanmar,195484.89,506804.48,0.3857205248067263
255,Belgium,2019,Wheat and products,660.79,20.81,3.25,Wheat,68,France,2879482.72,4007096.060000001,0.7185958801297117
255,Belgium,2020,Maize and products,8.35,0.17,0.07,Maize,68,France,872344.29,1922955.86,0.4536475891859525
255,Belgium,2020,Rice and products,100.02,2.03,0.26,Rice,28,Myanmar,218056.42,613543.78,0.3554048253899665
255,Belgium,2020,Wheat and products,610.95,19.0,3.16,Wheat,68,France,2538420.75,3998526.57,0.634839035219916
255,Belgium,2021,Maize and products,8.15,0.17,0.07,Maize,68,France,816922.41,1919145.92,0.4256697739794585
255,Belgium,2021,Rice and products,101.92,2.07,0.26,Rice,28,Myanmar,189457.69,617905.24,0.3066128553951088
255,Belgium,2021,Wheat and products,580.96,18.21,2.91,Wheat,68,France,2823196.85,4551026.5,0.6203428720970973
255,Belgium,2022,Maize and products,8.35,0.17,0.07,Maize,68,France,950677.99,1884028.48,0.5045985239034179
255,Belgium,2022,Rice and products,82.85,1.68,0.21,Rice,28,Myanmar,396086.12,850643.25,0.4656312972565173
255,Belgium,2022,Wheat and products,585.37,18.16,3.11,Wheat,68,France,2592679.45,3891384.35,0.6662614681071019
255,Belgium,2023,Maize and products,8.04,0.17,0.07,Maize,68,France,707923.31,1576369.3,0.4490846846611387
255,Belgium,2023,Rice and products,108.13,2.19,0.28,Rice,28,Myanmar,185804.9,663029.46,0.2802362658214312
255,Belgium,2023,Wheat and products,530.13,16.41,2.83,Wheat,68,France,2264317.2,3476054.48,0.6514044049160013
256,Luxembourg,2010,Maize and products,40.53,0.85,0.34,Maize,68,France,4122.0,6190.0,0.6659127625201938
256,Luxembourg,2010,Rice and products,34.1,0.72,0.13,Rice,255,Belgium,991.7,2021.8,0.4905035117222277
256,Luxembourg,2010,Wheat and products,757.99,21.37,9.69,Wheat,68,France,50177.0,71500.0,0.7017762237762237
256,Luxembourg,2011,Maize and products,38.03,0.8,0.32,Maize,68,France,4356.0,8046.0,0.5413870246085011
256,Luxembourg,2011,Rice and products,43.46,0.91,0.17,Rice,255,Belgium,1087.85,2716.4,0.4004748932410543
256,Luxembourg,2011,Wheat and products,741.94,20.94,9.38,Wheat,68,France,63977.0,81187.0,0.7880202495473413
256,Luxembourg,2012,Maize and products,34.01,0.71,0.29,Maize,68,France,3354.0,9198.0,0.3646444879321591
256,Luxembourg,2012,Rice and products,43.51,0.92,0.18,Rice,255,Belgium,2086.2,4242.7,0.4917151813703537
256,Luxembourg,2012,Wheat and products,736.94,20.89,9.22,Wheat,68,France,60484.0,117065.0,0.5166702259428523
256,Luxembourg,2013,Maize and products,30.7,0.65,0.26,Maize,68,France,6911.0,11052.0,0.6253166847629388
256,Luxembourg,2013,Rice and products,41.36,0.87,0.17,Rice,255,Belgium,1877.95,4042.35,0.4645688770146078
256,Luxembourg,2013,Wheat and products,711.92,20.09,9.08,Wheat,68,France,67070.0,117274.0,0.5719085219230179
256,Luxembourg,2014,Maize and products,25.58,0.54,0.21,Maize,68,France,8473.5,11432.86,0.7411531322871092
256,Luxembourg,2014,Rice and products,41.75,0.88,0.16,Rice,255,Belgium,2217.11,4461.81,0.4969082054143947
256,Luxembourg,2014,Wheat and products,746.99,21.61,5.35,Wheat,68,France,57176.08,121644.7,0.4700252456539414
256,Luxembourg,2015,Maize and products,11.56,0.24,0.1,Maize,68,France,4947.4,7198.77,0.6872562951726474
256,Luxembourg,2015,Rice and products,41.3,0.87,0.16,Rice,255,Belgium,2430.38,4626.54,0.5253126526518738
256,Luxembourg,2015,Wheat and products,753.44,21.88,5.07,Wheat,68,France,59566.09,129220.62,0.4609642795399062
256,Luxembourg,2016,Maize and products,11.75,0.25,0.1,Maize,68,France,3165.41,7061.29,0.4482764480711031
256,Luxembourg,2016,Rice and products,43.48,0.91,0.18,Rice,255,Belgium,2463.86,4747.8,0.518947723155988
256,Luxembourg,2016,Wheat and products,758.19,22.0,5.35,Wheat,79,Germany,61843.37,135901.59,0.4550599444789425
256,Luxembourg,2017,Maize and products,14.43,0.3,0.12,Maize,68,France,6317.84,8087.45,0.7811906101428757
256,Luxembourg,2017,Rice and products,43.97,0.93,0.18,Rice,255,Belgium,2630.83,4951.43,0.5313273135235679
256,Luxembourg,2017,Wheat and products,747.44,21.65,5.43,Wheat,79,Germany,54046.52,134699.28,0.4012383733602733
256,Luxembourg,2018,Maize and products,4.14,0.09,0.03,Maize,68,France,13671.45,15706.88,0.8704115648683889
256,Luxembourg,2018,Rice and products,43.08,0.91,0.17,Rice,255,Belgium,2811.6,5235.06,0.5370712083529129
256,Luxembourg,2018,Wheat and products,774.88,22.33,5.8,Wheat,68,France,77477.26999999999,148283.53,0.5224941030200724
256,Luxembourg,2019,Maize and products,7.8,0.17,0.06,Maize,68,France,13832.65,16404.309999999998,0.8432326626356124
256,Luxembourg,2019,Rice and products,49.24,1.03,0.19,Rice,255,Belgium,2865.1800000000003,5737.960000000001,0.499337743727736
256,Luxembourg,2019,Wheat and products,756.41,21.02,6.96,Wheat,68,France,83237.46,141645.54,0.5876461765050985
256,Luxembourg,2020,Maize and products,12.15,0.26,0.1,Maize,68,France,11382.55,15104.5,0.7535866794663841
256,Luxembourg,2020,Rice and products,57.24,1.2,0.22,Rice,255,Belgium,3241.56,6674.6,0.4856560692775596
256,Luxembourg,2020,Wheat and products,867.53,22.92,10.53,Wheat,68,France,84484.66,150025.14,0.5631366849582676
256,Luxembourg,2021,Maize and products,3.8,0.08,0.03,Maize,68,France,12672.27,14949.22,0.8476877054455015
256,Luxembourg,2021,Rice and products,53.08,1.11,0.2,Rice,255,Belgium,2968.39,6322.08,0.4695274340090603
256,Luxembourg,2021,Wheat and products,837.96,21.86,10.84,Wheat,68,France,81546.64,149099.88,0.5469262617783461
256,Luxembourg,2022,Maize and products,2.78,0.06,0.02,Maize,68,France,9007.58,11940.169999999998,0.7543929441540616
256,Luxembourg,2022,Rice and products,56.75,1.19,0.22,Rice,255,Belgium,2898.82,6829.5,0.4244556702540449
256,Luxembourg,2022,Wheat and products,831.1,21.57,10.99,Wheat,68,France,89641.95,148571.36,0.6033595573197957
256,Luxembourg,2023,Maize and products,2.27,0.05,0.02,Maize,68,France,6837.02,10255.45,0.6666718671535622
256,Luxembourg,2023,Rice and products,57.41,1.2,0.22,Rice,255,Belgium,2919.08,7234.41,0.4034993869576095
256,Luxembourg,2023,Wheat and products,862.27,22.59,10.87,Wheat,68,France,83106.44,163559.14,0.508112478458862
272,Serbia,2010,Maize and products,142.59,2.95,1.21,Maize,80,Bosnia and Herzegovina,533.0,1669.0,0.3193529059316956
272,Serbia,2010,Rice and products,16.46,0.34,0.04,Rice,237,Viet Nam,7543.5,25610.1,0.2945517588763808
272,Serbia,2010,Wheat and products,1195.66,37.44,6.08,Wheat,106,Italy,3296.0,5121.0,0.6436242921304433
272,Serbia,2011,Maize and products,123.13,2.55,1.05,Maize,183,Romania,1368.0,3510.0,0.3897435897435897
272,Serbia,2011,Rice and products,17.99,0.37,0.05,Rice,154,North Macedonia,7982.25,26917.35,0.2965466511376491
272,Serbia,2011,Wheat and products,1238.38,38.72,6.43,Wheat,106,Italy,2727.0,4835.0,0.5640124095139607
272,Serbia,2012,Maize and products,123.22,2.55,1.05,Maize,183,Romania,1304.0,6070.0,0.214827018121911
272,Serbia,2012,Rice and products,16.84,0.34,0.05,Rice,237,Viet Nam,7951.3,24562.8,0.3237130945983357
272,Serbia,2012,Wheat and products,1288.68,40.19,7.06,Wheat,106,Italy,2599.0,6009.0,0.4325178898319188
272,Serbia,2013,Maize and products,124.0,2.56,1.05,Maize,97,Hungary,2432.0,8515.0,0.2856136230182031
272,Serbia,2013,Rice and products,15.4,0.31,0.04,Rice,154,North Macedonia,5869.2,21920.2,0.2677530314504429
272,Serbia,2013,Wheat and products,1310.17,40.65,7.63,Wheat,106,Italy,1742.0,4872.0,0.3575533661740558
272,Serbia,2014,Maize and products,127.06,2.63,1.08,Maize,183,Romania,2658.99,8069.610000000001,0.3295066304319539
272,Serbia,2014,Rice and products,15.08,0.31,0.04,Rice,106,Italy,7956.549999999999,21250.17,0.3744228869698454
272,Serbia,2014,Wheat and products,1385.78,43.13,7.79,Wheat,106,Italy,2828.02,7130.97,0.3965827930842508
272,Serbia,2015,Maize and products,151.44,3.13,1.29,Maize,68,France,1625.18,5347.86,0.3038935200248324
272,Serbia,2015,Rice and products,13.42,0.28,0.04,Rice,237,Viet Nam,4964.05,17935.31,0.2767752550694691
272,Serbia,2015,Wheat and products,1376.89,42.85,7.69,Wheat,106,Italy,3005.09,5769.28,0.520877821842587
272,Serbia,2016,Maize and products,164.7,3.41,1.4,Maize,97,Hungary,1607.39,4705.89,0.3415698199490425
272,Serbia,2016,Rice and products,10.09,0.21,0.03,Rice,237,Viet Nam,3520.38,14077.9,0.2500642851561668
272,Serbia,2016,Wheat and products,1327.13,41.54,6.97,Wheat,106,Italy,3395.24,5160.69,0.657904272490694
272,Serbia,2017,Maize and products,164.66,3.41,1.4,Maize,183,Romania,833.04,3377.53,0.2466417766829606
272,Serbia,2017,Rice and products,9.8,0.2,0.03,Rice,237,Viet Nam,3972.12,13172.11,0.3015553316818641
272,Serbia,2017,Wheat and products,1367.12,42.64,7.46,Wheat,106,Italy,2314.3100000000004,4503.9400000000005,0.5138412145810113
272,Serbia,2018,Maize and products,156.68,3.24,1.33,Maize,183,Romania,5819.68,9920.45,0.5866346788704141
272,Serbia,2018,Rice and products,11.26,0.23,0.03,Rice,216,Thailand,3360.23,15488.47,0.2169504153735004
272,Serbia,2018,Wheat and products,1395.64,43.51,7.64,Wheat,106,Italy,2393.71,4514.32,0.5302481879884458
272,Serbia,2019,Maize and products,151.05,3.12,1.28,Maize,183,Romania,1783.86,4151.21,0.4297204911339103
272,Serbia,2019,Rice and products,12.11,0.25,0.03,Rice,237,Viet Nam,3361.6000000000004,16084.41,0.2089974080491606
272,Serbia,2019,Wheat and products,1472.03,45.76,8.36,Wheat,106,Italy,2538.2000000000003,5403.09,0.4697682252192727
272,Serbia,2020,Maize and products,130.82,2.71,1.11,Maize,183,Romania,913.6,3497.39,0.2612233694269155
272,Serbia,2020,Rice and products,15.51,0.32,0.04,Rice,154,North Macedonia,3733.52,20595.33,0.1812799309357995
272,Serbia,2020,Wheat and products,1512.89,46.78,9.02,Wheat,106,Italy,2705.26,8313.99,0.3253864871138888
272,Serbia,2021,Maize and products,142.85,2.95,1.21,Maize,68,France,1402.08,4917.86,0.2850996164998597
272,Serbia,2021,Rice and products,16.25,0.33,0.04,Rice,100,India,4645.889999999999,21108.15,0.2200993455134627
272,Serbia,2021,Wheat and products,1562.24,48.18,9.55,Wheat,106,Italy,2273.32,8066.29,0.2818296887416644
272,Serbia,2022,Maize and products,84.12,1.74,0.71,Maize,223,Türkiye,2290.73,10702.88,0.2140293079993422
272,Serbia,2022,Rice and products,18.77,0.38,0.05,Rice,165,Pakistan,4907.13,24472.28,0.2005178920803456
272,Serbia,2022,Wheat and products,1635.29,50.46,9.82,Wheat,106,Italy,1705.13,7096.89,0.2402643975036953
272,Serbia,2023,Maize and products,65.33,1.35,0.56,Maize,223,Türkiye,3812.81,14431.82,0.2641946753770487
272,Serbia,2023,Rice and products,17.01,0.35,0.05,Rice,100,India,4249.26,22394.550000000003,0.1897452728454021
272,Serbia,2023,Wheat and products,1726.86,53.4,10.08,Wheat,106,Italy,2190.02,8353.67,0.262162618346188
273,Montenegro,2010,Maize and products,35.03,0.86,0.32,Maize,272,Serbia,13779.0,14055.0,0.9803628601921024
273,Montenegro,2010,Rice and products,19.16,0.39,0.06,Rice,106,Italy,1201.55,2461.25,0.4881868969019807
273,Montenegro,2010,Wheat and products,1045.54,31.02,9.23,Wheat,272,Serbia,65733.0,67405.0,0.9751947184926936
273,Montenegro,2011,Maize and products,28.61,0.72,0.27,Maize,272,Serbia,12970.0,13378.0,0.9695021677380774
273,Montenegro,2011,Rice and products,19.64,0.4,0.06,Rice,106,Italy,758.6,2247.7,0.3375005561240379
273,Montenegro,2011,Wheat and products,994.68,29.63,8.48,Wheat,272,Serbia,67281.0,80723.0,0.8334799251762199
273,Montenegro,2012,Maize and products,29.32,0.72,0.27,Maize,272,Serbia,12671.0,12971.0,0.9768714825379692
273,Montenegro,2012,Rice and products,20.83,0.43,0.07,Rice,106,Italy,944.75,2557.0,0.3694759483770043
273,Montenegro,2012,Wheat and products,958.86,28.5,7.8,Wheat,272,Serbia,69357.0,84761.0,0.818265475867439
273,Montenegro,2013,Maize and products,33.46,0.79,0.3,Maize,272,Serbia,10818.0,10972.0,0.9859642726941306
273,Montenegro,2013,Rice and products,22.16,0.45,0.06,Rice,106,Italy,950.5,2336.5,0.4068050502888936
273,Montenegro,2013,Wheat and products,934.15,27.42,8.88,Wheat,272,Serbia,69745.0,82708.0,0.8432678821879382
273,Montenegro,2014,Maize and products,33.99,0.88,0.34,Maize,272,Serbia,12789.07,13155.55,0.9721425558034442
273,Montenegro,2014,Rice and products,20.11,0.41,0.06,Rice,106,Italy,978.6,2860.94,0.3420554083622865
273,Montenegro,2014,Wheat and products,902.16,26.31,8.96,Wheat,272,Serbia,84703.92,89107.75,0.9505785972600588
273,Montenegro,2015,Maize and products,31.35,0.75,0.29,Maize,272,Serbia,15081.56,15324.32,0.984158514048258
273,Montenegro,2015,Rice and products,19.72,0.41,0.06,Rice,106,Italy,764.05,2657.02,0.287558994663194
273,Montenegro,2015,Wheat and products,917.05,26.53,9.54,Wheat,272,Serbia,85207.17,90171.51,0.9449455820358338
273,Montenegro,2016,Maize and products,32.63,0.79,0.29,Maize,272,Serbia,20303.54,20531.120000000003,0.9889153636041288
273,Montenegro,2016,Rice and products,23.62,0.5,0.09,Rice,106,Italy,780.6400000000001,2673.98,0.2919393563153053
273,Montenegro,2016,Wheat and products,919.63,26.5,9.81,Wheat,272,Serbia,73482.59,78561.93,0.9353460384692688
273,Montenegro,2017,Maize and products,35.95,0.87,0.32,Maize,272,Serbia,22965.09,23180.81,0.9906940266539436
273,Montenegro,2017,Rice and products,20.38,0.42,0.07,Rice,106,Italy,1363.0300000000002,3032.17,0.4495229489111759
273,Montenegro,2017,Wheat and products,936.87,26.89,10.24,Wheat,272,Serbia,65202.03,70381.48,0.9264089075705711
273,Montenegro,2018,Maize and products,42.32,1.04,0.38,Maize,272,Serbia,27483.62,27710.66,0.9918067631734502
273,Montenegro,2018,Rice and products,19.91,0.41,0.06,Rice,106,Italy,1550.02,3530.88,0.4389897136124705
273,Montenegro,2018,Wheat and products,962.38,27.46,10.93,Wheat,272,Serbia,65427.4,70461.87,0.9285504344406416
273,Montenegro,2019,Maize and products,51.13,1.24,0.45,Maize,272,Serbia,31009.39,31285.81,0.9911646845646636
273,Montenegro,2019,Rice and products,22.52,0.46,0.06,Rice,106,Italy,1011.89,3987.6,0.2537591533754639
273,Montenegro,2019,Wheat and products,972.23,27.79,10.8,Wheat,272,Serbia,59410.62,66179.47,0.8977197913491903
273,Montenegro,2020,Maize and products,44.74,1.1,0.4,Maize,272,Serbia,28943.33,29169.4,0.992249754880114
273,Montenegro,2020,Rice and products,21.59,0.44,0.06,Rice,106,Italy,727.71,3345.25,0.2175353112622375
273,Montenegro,2020,Wheat and products,1069.91,30.86,11.4,Wheat,272,Serbia,56697.53,63944.95,0.886661573744291
273,Montenegro,2021,Maize and products,43.92,1.07,0.38,Maize,272,Serbia,21906.58,22088.85,0.9917483255126456
273,Montenegro,2021,Rice and products,23.17,0.48,0.07,Rice,106,Italy,1195.84,3489.78,0.3426691653915146
273,Montenegro,2021,Wheat and products,1078.19,30.67,12.54,Wheat,272,Serbia,54596.600000000006,61984.89000000001,0.8808049832789895
273,Montenegro,2022,Maize and products,34.79,0.88,0.3,Maize,272,Serbia,19380.71,20575.48,0.941932338881037
273,Montenegro,2022,Rice and products,29.58,0.62,0.11,Rice,106,Italy,1394.32,3417.31,0.4080168319526177
273,Montenegro,2022,Wheat and products,1052.42,29.66,12.87,Wheat,272,Serbia,53906.91,63461.61,0.8494412606298517
273,Montenegro,2023,Maize and products,40.23,1.03,0.35,Maize,272,Serbia,30526.61,30794.49,0.9913010411927587
273,Montenegro,2023,Rice and products,23.25,0.48,0.08,Rice,106,Italy,1126.19,2957.85,0.3807461500752236
273,Montenegro,2023,Wheat and products,1058.2,29.6,13.47,Wheat,272,Serbia,51074.33,58536.22,0.8725252501784365
