Reporter Country Code,Reporter Countries,Year,hhi,shannon,partner_count,top_share,total_t,eff_suppliers_hhi,eff_suppliers_shannon
1,Armenia,2005,0.438401228825617,1.2806630799285612,12,0.6402910593336031,15199.650000000001,2.2810155041736215,3.5990253760326327
1,Armenia,2006,0.3559897048402037,1.2894797108583191,11,0.5276050834046538,18578.1,2.8090699995070896,3.6308969479676394
1,Armenia,2007,0.3545917877372155,1.2935361900318851,13,0.5255984458637083,27565.15,2.8201442745794503,3.645655519499746
1,Armenia,2008,0.3109617270363424,1.3051696885547812,12,0.4140284273216554,17437.45,3.215829837101236,3.688314905432852
1,Armenia,2009,0.2886889404543268,1.436996576064273,11,0.4216108021727024,12390.1,3.463935952746375,4.208038295620518
1,Armenia,2010,0.300528233237114,1.3856410154427365,13,0.38952303232481195,14643.55,3.327474391435993,3.9973874708266366
1,Armenia,2011,0.37368671721180974,1.3117690781037417,16,0.5466431375809128,13231.85,2.6760383870780964,3.7127360258843765
1,Armenia,2012,0.27557350703893857,1.531349148622116,14,0.4049078300041491,12653.25,3.6287958546708188,4.624411634094428
1,Armenia,2013,0.31874683299981266,1.4013766044635108,15,0.47005300891605906,14771.1,3.1372860730528034,4.060786217365982
1,Armenia,2014,0.3676287807391011,1.272889314375417,13,0.5100585638109711,19081.750000000004,2.7201352353032453,3.5711558624213926
1,Armenia,2015,0.3635193991990785,1.2709851560839227,14,0.4769207641088493,19157.48,2.7508848281638967,3.5643622864504407
1,Armenia,2016,0.38532065476737004,1.2348297588370436,18,0.5561992439187415,18476.85,2.5952411001785793,3.4377932169698835
1,Armenia,2017,0.38212738167415633,1.245834341600688,16,0.5723087437007239,17998.1,2.616928406488048,3.475833622452587
1,Armenia,2018,0.4414749860637113,1.0566379669031156,13,0.6160854069793749,18785.350000000002,2.2651339975481313,2.876683208916536
1,Armenia,2019,0.34665653605993113,1.208081713999939,10,0.4866704298927939,21807.53,2.8846996839174457,3.3470578760570864
1,Armenia,2020,0.33212944613839496,1.3108958489349922,17,0.4879856309594175,21824.7,3.010874258897569,3.7094953716135493
1,Armenia,2021,0.315711644316962,1.3437032471552197,21,0.4724192248033588,17451.829999999998,3.167447314664262,3.8332125869758835
1,Armenia,2022,0.316735292844778,1.2906378158536593,16,0.4711510147842368,21598.68,3.157210524341752,3.635104343693401
1,Armenia,2023,0.3134852738088214,1.3153436204144544,16,0.47196264399565035,18916.37,3.1899425062302886,3.7260311056536635
1,Armenia,2024,0.3287335405094991,1.2740514127325249,13,0.488773458792319,19299.800000000003,3.041977397408598,3.575308309090501
2,Afghanistan,2009,0.7514619914765007,0.5501221682301634,5,0.862818847021815,58492.0,1.3307392939929836,1.733464779256007
2,Afghanistan,2010,0.8620311119939867,0.3631827442671005,10,0.9275319275319275,80808.0,1.1600509379375807,1.437898602959387
2,Afghanistan,2011,0.7417165665277821,0.647081616420685,12,0.8583586377810155,146878.0,1.348223897278346,1.9099586954783196
2,Afghanistan,2017,0.9285596925874147,0.20062704232181516,9,0.9633683726551425,553486.74,1.0769366880588132,1.2221688695485482
2,Afghanistan,2019,0.9572664809528082,0.13712216658814425,9,0.9783341635290995,400347.33999999997,1.044641194377408,1.146968261160858
3,Albania,2005,0.42983696980105074,1.147467074707528,8,0.6211568849292441,36989.85,2.326463450695849,3.1502035654677765
3,Albania,2006,0.580199290957359,0.8662694740959322,9,0.7453600953459871,47490.200000000004,1.723545711939682,2.378023009228736
3,Albania,2007,0.7510309049934558,0.5942504962945296,8,0.8637423843323347,39786.399999999994,1.3315031290339692,1.811672580661903
3,Albania,2008,0.20930091592722935,1.853579207561295,13,0.3839595917764649,29459.35,4.777809956396389,6.382623422326221
3,Albania,2009,0.16691296469448752,2.052131312542622,19,0.25534503020431726,33952.1,5.991146354810544,7.784474586724093
3,Albania,2010,0.14982698662962682,2.1239644895725833,20,0.2651277162240837,33408.05,6.674365029258753,8.364231752974517
3,Albania,2011,0.14680584282558012,2.1278854148916717,18,0.2330972895438106,30884.1,6.811717985830435,8.397091659551254
3,Albania,2012,0.13717923229960463,2.217517996221046,23,0.22384414761309535,39760.700000000004,7.289733170513465,9.184506572587278
3,Albania,2013,0.1464934944412167,2.17789652189898,20,0.24301368738856907,37775.65,6.8262416963592125,8.827717804288067
3,Albania,2014,0.18877180951469552,1.8658239960897254,9,0.33284546175391505,26912.82,5.297401145705243,6.461257744210865
3,Albania,2015,0.19306548436506815,1.8047838585460525,11,0.263531899626873,25838.39,5.17958972981984,6.078657456660667
3,Albania,2016,0.21073417600383332,1.676470855129804,8,0.25310434258071607,25579.489999999998,4.745314779800167,5.346653521151862
3,Albania,2017,0.40432974966396534,1.0257492456976167,4,0.49523340190511117,10470.779999999999,2.473228845592219,2.789184462338597
3,Albania,2018,0.4516136068823506,0.9239419775255069,4,0.6034375503154321,8198.279999999999,2.214282264219973,2.5192014780675462
3,Albania,2019,0.3558792055669304,1.1344440880381352,4,0.4723003010874326,14497.45,2.8099422061116446,3.109444484963714
3,Albania,2020,0.22769258671431394,1.5731681710201968,7,0.28737799447976475,28241.55,4.3918865099227,4.821900625685584
3,Albania,2021,0.2309631108256347,1.573338368393821,7,0.31631471780932435,19237.17,4.329695752820669,4.822721370350264
3,Albania,2023,0.25259615219309156,1.6838681825247748,10,0.43891570629588944,27163.12,3.9588884918388305,5.386351114741223
3,Albania,2024,0.13268860879718125,2.2225964732785117,15,0.24499477637642297,41723.91,7.536441967889886,9.2312685177303
4,Algeria,2005,0.2866281681072619,1.5556906315861285,13,0.4655036355210617,101312.85,3.488840634901523,4.7383578549885765
4,Algeria,2006,0.39431003153028743,1.2861929228199231,14,0.5838791617989795,127413.35,2.536075473705489,3.6189825500865416
4,Algeria,2007,0.21528632032625505,1.6736852406030547,13,0.2767645159882003,140867.95,4.644976970596891,5.3317805302610175
4,Algeria,2008,0.3511868969447451,1.4128084118952842,14,0.5455382029966162,180063.1,2.847486647992273,4.107474701845743
4,Algeria,2009,0.3936174735683843,1.3281588480657642,23,0.5817459428893742,141122.6,2.540537621296091,3.77408831685799
4,Algeria,2011,0.35263960713320475,1.2661953253934302,14,0.41687895809953357,164180.75,2.835756335283869,3.5473304170269686
4,Algeria,2012,0.36233166143011514,1.2809499777136713,18,0.42687741408926555,210742.0,2.7599023393457305,3.6000580765742365
4,Algeria,2013,0.43827953665350805,1.0885395758495982,20,0.5708328524650762,234818.3,2.2816488482111654,2.9699335411574963
4,Algeria,2014,0.24279866790036425,1.6054578498931282,17,0.33759228369508315,225683.15,4.118638741503984,4.980139237052147
4,Algeria,2015,0.2636188731058615,1.5542411408252919,17,0.3952077284165529,213800.07,3.793355112319404,4.731494624352582
4,Algeria,2016,0.26607986119943905,1.625438152106144,18,0.43203053952033316,214423.8,3.75827015051866,5.080644644718814
4,Algeria,2017,0.23663925505921002,1.676011799026186,20,0.3143721716275624,251569.15,4.2258415652542,5.344199670489701
7,Angola,2019,0.6766538445451403,0.82140679579921,32,0.818038659285749,791206.03,1.4778605162174452,2.2736962149639695
7,Angola,2020,0.48806232556937307,1.2236556613574041,33,0.6804328466048049,969769.88,2.0489186474973273,3.399592805485365
7,Angola,2021,0.4316803007593154,1.0489801155780194,29,0.5117851790277409,907699.8300000001,2.316529149560505,2.8547381299125125
7,Angola,2022,0.5207530269755271,0.9188959622631406,27,0.6697286708882395,1061894.9,1.9202960870105423,2.5065215673766086
7,Angola,2023,0.4805831402837604,0.8635392191640027,30,0.5567263213631635,671330.77,2.0808054136263494,2.371539255357688
7,Angola,2024,0.44393646933400116,1.0093334213618659,26,0.5076488479824937,631088.5,2.2525745665820427,2.7437714658684
8,Antigua and Barbuda,2005,0.41501497718558,1.0767013493107216,7,0.5769190709301114,1440.15,2.4095515944544705,2.9349820849046693
8,Antigua and Barbuda,2011,0.43721542522909773,1.040316874030261,7,0.5850487540628385,1661.4,2.2872020114020617,2.8301136618040235
8,Antigua and Barbuda,2012,0.6307823630629936,0.7579918877247929,6,0.7786933490288406,84.95,1.585332847836987,2.1339866302016053
8,Antigua and Barbuda,2013,0.4459610922146816,1.0625756915523736,9,0.6259119649805448,1644.8,2.242348082506285,2.8938149732299374
8,Antigua and Barbuda,2014,0.4995904722845734,1.0017426365723998,12,0.6799460966441342,1832.9099999999999,2.0016394536651347,2.723022935600948
8,Antigua and Barbuda,2015,0.4266371119052084,1.1737018328180981,13,0.6050396359279175,1694.1699999999998,2.343912360400056,3.2339420202784757
8,Antigua and Barbuda,2016,0.4340785132673586,1.079985119256695,11,0.6079658140628514,1467.27,2.303730706394301,2.944635732371037
8,Antigua and Barbuda,2017,0.3101342568435186,1.3883215806140523,13,0.4572223589966736,1746.59,3.2244100028735625,4.008117102771284
8,Antigua and Barbuda,2018,0.2578853338841154,1.5082412547346695,15,0.32837172223329436,1756.15,3.877692402815605,4.5187764248674895
8,Antigua and Barbuda,2019,0.28702169846656533,1.4058484976777064,12,0.4196585559525835,1586.79,3.484057147395385,4.078986283742242
8,Antigua and Barbuda,2020,0.31373370898741854,1.3535122334991077,14,0.4157693752347565,1916.88,3.187416497983334,3.8709975299296104
8,Antigua and Barbuda,2021,0.30972165886189823,1.4485719457214947,14,0.49120657293621844,1411.85,3.2287054243303337,4.25703090114507
8,Antigua and Barbuda,2022,0.33965912121968717,1.3804619553620023,17,0.5188593893398075,1536.3700000000001,2.9441282083315903,3.9767382788078
8,Antigua and Barbuda,2023,0.29207114415104485,1.4780337875649767,17,0.44842126977963304,1648.1599999999999,3.4238233390247177,4.384316702476872
8,Antigua and Barbuda,2024,0.3153110747674733,1.4533613129406415,13,0.4896569342156093,1604.94,3.17147122325929,4.277468287401685
9,Argentina,2005,0.5963291162072751,0.7182035625132424,8,0.7363481491589888,11358.35,1.6769263361818054,2.050745862846799
9,Argentina,2006,0.4994338035511981,0.8974891621008455,8,0.6419926735397314,9704.55,2.002267353330015,2.45343519301027
9,Argentina,2007,0.45681474477561684,0.8942200943753538,9,0.5178196078892519,17007.949999999997,2.1890711966646146,2.4454278426206577
9,Argentina,2008,0.40359399812753216,1.0465167953449024,10,0.45717731435718784,15630.150000000001,2.4777375398035746,2.84771464980868
9,Argentina,2009,0.3410817255143278,1.1584569348898457,8,0.3926195995294063,12877.349999999999,2.931848660294153,3.1850147971166876
9,Argentina,2010,0.4167470389696591,1.0148060359843565,9,0.5510024938274668,16119.8,2.3995371448165326,2.75882823207419
9,Argentina,2011,0.37453874265810494,1.1103588500073929,10,0.46134012541417735,17549.85,2.669950758372794,3.0354474693635374
9,Argentina,2012,0.33918343981272503,1.1958027103039481,9,0.41528803801200015,10091.55,2.9482571453138595,3.306210634962113
9,Argentina,2013,0.36683695024322,1.0899800463267901,8,0.4271021291952364,11084.0,2.726006743151094,2.974214725462283
9,Argentina,2014,0.4310643241900626,1.0447025459144896,8,0.5885032943760646,11172.07,2.319839392598598,2.842552868922137
9,Argentina,2015,0.3668098867345223,1.1391881811219982,9,0.41913095022184077,13563.78,2.726207869974201,3.1242310256695713
9,Argentina,2016,0.4487123968242723,0.983577055185222,10,0.578043998215884,16702.95,2.228599002562496,2.674004215578951
9,Argentina,2017,0.44473795144301365,0.9541423482065344,9,0.4803470062404943,18298.23,2.248515101433017,2.5964427839079214
9,Argentina,2018,0.8859904164656377,0.33185141383452066,11,0.9409255870342113,12628.31,1.1286803800758538,1.3935457715059003
9,Argentina,2019,0.9414682763647984,0.18827422014973383,11,0.9702107821722086,13642.520000000002,1.0621706807383937,1.2071644987959793
9,Argentina,2020,0.7878554490273809,0.5202160232459472,10,0.8848038407107058,17884.190000000002,1.2692683679912535,1.6823910460211606
9,Argentina,2021,0.7535723670871011,0.5922001677723809,11,0.8651853406437734,3811.9,1.3270125653166576,1.807961862092978
9,Argentina,2022,0.5438608645842005,1.0927879257008117,13,0.7288355966483676,2768.7999999999997,1.8387055681319024,2.9825776972572227
9,Argentina,2023,0.19084187840841207,1.7319565408487607,10,0.24745780033725662,587.09,5.239940040099297,5.651700881617
9,Argentina,2024,0.36590418914531897,1.1621548598571059,11,0.48444100044177535,9756.09,2.732955865675672,3.1968145467038918
10,Australia,2005,0.5656997156410644,1.0054193201733783,22,0.7399871166196088,207864.7,1.767722295682571,2.7330530568656144
10,Australia,2006,0.5131196295508154,1.0907569243789286,22,0.6968734292206341,196657.95,1.9488632716612293,2.976526225365356
10,Australia,2007,0.45592738974592356,1.2346634922343676,27,0.651978369352027,239299.35,2.193331706957272,3.437221674286542
10,Australia,2008,0.4106534600692895,1.3423737365728874,24,0.6167403300270036,369654.6,2.4351432466471126,3.8281196765664967
10,Australia,2009,0.3900956928716781,1.405923567798736,27,0.5963791247941062,384967.7,2.5634735739800893,4.079292505230139
10,Australia,2010,0.40774320249195994,1.3608815545331638,31,0.6112799143924569,361416.75,2.452524024651811,3.899629523048171
10,Australia,2011,0.3763896416784148,1.4343016698601914,29,0.5815503076850438,304987.2,2.6568212545402465,4.196713293873374
10,Australia,2012,0.30514833973472916,1.5770168563747915,31,0.4955849395927194,259339.6,3.2770946775241105,4.8404943617734055
10,Australia,2013,0.2934732286063766,1.5868439272845274,27,0.47640507392226733,279570.69999999995,3.4074658351248055,4.888296737076343
10,Australia,2014,0.3182757032376258,1.5390933204516535,32,0.506035916496944,310599.89,3.1419300619796178,4.660362899113415
10,Australia,2015,0.2845228261581821,1.6315656652987462,30,0.45667046557356844,304377.02999999997,3.514656498751507,5.111871936922706
10,Australia,2016,0.2782111953497422,1.6622115702809581,34,0.4570833302667518,323378.54,3.5943916589801126,5.270955051253631
10,Australia,2017,0.2858954855711523,1.6204727667528003,35,0.4569136609938697,318767.51,3.4977817085926834,5.0554798144575095
10,Australia,2018,0.2620670426626519,1.6787585721061726,31,0.40738267543175355,325279.91,3.8158174711318384,5.358899153108241
10,Australia,2019,0.22180237656036536,1.8267836038714569,35,0.3549396728200599,407913.14999999997,4.508517967695633,6.213868220481672
10,Australia,2020,0.2235670331504026,1.8313015625234172,39,0.34223262820833966,534743.49,4.47293138844518,6.24200573437092
10,Australia,2021,0.20643825473450927,1.8878210883359945,37,0.309728693623167,388658.76,4.844063428486421,6.604961363252073
10,Australia,2022,0.2220527070143076,1.8398972197548176,36,0.3401328562025867,479178.23,4.5034353034730925,6.295891134536867
10,Australia,2023,0.23920405677383633,1.7482273792965974,35,0.34624318598857173,434219.26000000007,4.180531105897941,5.744410983833341
10,Australia,2024,0.24843903355214675,1.6935638337659344,37,0.3692808629712325,523682.81,4.025132386413436,5.438829290554293
11,Austria,2005,0.303209926109395,1.542205322025401,21,0.48916666841929257,47547.700000000004,3.2980450634693614,4.674888545984786
11,Austria,2006,0.2943303317245245,1.5649375242231836,21,0.4783801308188577,49197.8,3.3975431418870548,4.782376143897116
11,Austria,2007,0.34806367850743575,1.4765776655926426,19,0.5515753469824071,57625.4,2.873037497874507,4.377937248351578
11,Austria,2008,0.31005421802136146,1.568644540552,18,0.5083882177179118,66533.8,3.2252423669046943,4.8001373906293745
11,Austria,2009,0.2946000687137953,1.6400989160287245,21,0.49041360274624224,66010.2,3.3944323379350685,5.155679466351135
11,Austria,2010,0.2927100757328227,1.6169886569509595,18,0.488203401165568,62802.0,3.4163497703193895,5.037896616366256
11,Austria,2011,0.2733328255924937,1.6712141325718304,18,0.4688961431323891,65785.25,3.6585433814337374,5.318621390096656
11,Austria,2012,0.2831570499508455,1.7120510172010777,23,0.4836637760683662,69835.6,3.531609049372405,5.540313109935891
11,Austria,2013,0.2710802085651266,1.7014641298140927,22,0.4612019114115987,65323.450000000004,3.688945073833199,5.481967831353823
11,Austria,2014,0.25102885754089876,1.7790619389687257,31,0.42650751183371066,72399.09999999999,3.9836057487417573,5.924296459561975
11,Austria,2015,0.26411509099214464,1.777889014479543,32,0.4471817808598847,76021.59,3.7862281789484804,5.9173517807514795
11,Austria,2016,0.24350551483151453,1.873352289215222,32,0.4338818485724156,77263.73,4.106683171803795,6.510083543331838
11,Austria,2017,0.24162800534474724,1.864704250028687,34,0.4200027795031496,74042.01,4.138593117851681,6.454026825454358
11,Austria,2018,0.2501036724108937,1.8925881521593702,35,0.44811014451500725,76305.57,3.9983419290105684,6.636522803552576
11,Austria,2019,0.20368373538511436,2.0508248477098867,37,0.37307043679208646,79427.95,4.909572176243004,7.77431108500963
11,Austria,2020,0.24137971814161147,1.9738848234019533,38,0.4448375051515631,83518.34,4.142850143744575,7.198587479710216
11,Austria,2021,0.2569156678120259,1.9027070624624256,36,0.4566428281449079,71187.29999999999,3.8923278152567042,6.704018096015266
11,Austria,2022,0.25196055613013413,1.9347579997743145,39,0.4546174684606885,71690.69,3.9688751896686316,6.922368637888101
11,Austria,2023,0.26793433700361685,1.8762119555933545,38,0.47032919314611515,81015.66,3.732257728454196,6.528726854479636
11,Austria,2024,0.2694036421005548,1.900333199341333,35,0.4790622048991346,80396.24,3.7119023046717032,6.688122549084905
12,Bahamas,2005,1.0,0.0,1,1.0,10401.1,1.0,1.0
12,Bahamas,2006,0.999651631680738,0.0016820648056660359,2,0.9998257854896734,11480.1,1.0003484897220407,1.0016834802701944
12,Bahamas,2007,0.9915956112208186,0.027285721656399663,2,0.9957799971866648,11374.4,1.008475621194848,1.027661385933364
12,Bahamas,2008,0.9870218879064869,0.03971154355667384,3,0.9934686745985524,10817.1,1.013148758150683,1.0405105889155593
12,Bahamas,2009,0.9957687898865807,0.01681375440376593,4,0.9978809967791151,11798.0,1.0042491893262704,1.016955901128207
12,Bahamas,2012,0.9723639313144856,0.08914209432977208,5,0.9860458457548044,5937.3,1.0284215279850566,1.093235987925186
12,Bahamas,2013,0.9305240303727963,0.17500443806898858,5,0.9641583876027952,4207.4,1.0746632729080297,1.1912515034569815
12,Bahamas,2014,0.9844690735807409,0.05555676363706232,10,0.9921915480597322,8568.92,1.0157759414044054,1.0571290218574867
12,Bahamas,2015,0.9138093916612278,0.21594724551788036,7,0.9554251435977822,3610.7799999999997,1.094320116564008,1.2410369070143956
12,Bahamas,2016,0.9606469796227289,0.1204828232299259,8,0.9800561873389999,2228.2599999999998,1.0409651216440883,1.1280413646921985
12,Bahamas,2017,0.8974757315939892,0.2315305808297185,6,0.946144711398955,4100.99,1.1142362570895588,1.260527873976472
12,Bahamas,2018,0.8238446450260024,0.35788768284303213,14,0.9035136474249159,10939.06,1.2138210839113213,1.4303049636706924
12,Bahamas,2019,0.7937404038453756,0.41326371550992813,11,0.88514980818805,12110.82,1.2598577509162614,1.5117436436167078
12,Bahamas,2020,0.6951232367365114,0.5901574710098969,10,0.8244944234491659,5424.5,1.4385938307786035,1.8042725136435038
12,Bahamas,2021,0.7363467437942317,0.46918773286317467,9,0.8459362555316114,6501.27,1.3580558458739445,1.5986950981926227
12,Bahamas,2022,0.8295836103953907,0.4036929832232567,21,0.9091357257061644,6754.800000000001,1.2054240072599631,1.4973441666019034
12,Bahamas,2023,0.7564656705992895,0.5386657113151435,12,0.8649676796428774,6379.88,1.3219370539416244,1.713718740492418
13,Bahrain,2005,0.46150044658144057,1.0518289744274454,20,0.6184178840804556,99456.05,2.1668451404705866,2.862882471428121
13,Bahrain,2006,0.4589834759024725,1.0186914441586195,23,0.6000112613695199,72815.3,2.1787276721318958,2.769568257017529
13,Bahrain,2007,0.43988036293491917,1.0968057528944277,21,0.5899516842664996,104655.34999999999,2.2733454008447094,2.994585285089658
13,Bahrain,2009,0.4492557955227107,1.0326324631748536,20,0.6200360000235734,118777.7,2.2259033939372923,2.808449251381688
13,Bahrain,2010,0.5221322379692088,0.899557472356652,15,0.6921627217279391,134032.5,1.915223629725334,2.4585149095859946
13,Bahrain,2011,0.43486827132453104,1.0234828353076844,26,0.5944355590058843,118764.85,2.2995469339581356,2.782870183769827
13,Bahrain,2012,0.421481070196688,1.0104624499599133,20,0.4770925337175411,129999.09999999999,2.372585794976132,2.74687101172858
13,Bahrain,2013,0.44381091772946796,0.9545139971253227,16,0.5359815713300223,174532.4,2.2532118072173386,2.5974079283976
13,Bahrain,2014,0.4245923613403836,1.015500614442813,31,0.4765892991724398,142253.11000000002,2.355200166209134,2.7607451203723645
13,Bahrain,2015,0.486658185490266,0.8697707816183347,31,0.6006295671200493,252589.43,2.054830330229803,2.3863637923818826
13,Bahrain,2016,0.4708648054347708,0.974826976453541,31,0.6131181806306594,137566.79,2.123751846512832,2.6507085363114102
13,Bahrain,2017,0.4968626819839891,0.9514029658968574,30,0.6487715837192114,149868.16999999998,2.012628511376558,2.5893398677208874
13,Bahrain,2018,0.5524681938262334,0.8881391349855322,39,0.7129794340760615,157396.77,1.810058952125899,2.4306024173081764
13,Bahrain,2019,0.4757645666668386,0.9726975270786516,32,0.6154995667610568,154995.3,2.1018799424385577,2.6450699923034446
13,Bahrain,2020,0.5634582271704286,0.886219191458416,40,0.7240141147745909,163122.69,1.774754456992836,2.42594027488728
13,Bahrain,2021,0.6080051310733466,0.8044532190618343,36,0.7590149893910308,127161.26999999999,1.6447229618517234,2.2354738501009384
13,Bahrain,2022,0.6074782580213954,0.8126733518506933,36,0.7611942742625907,134956.94,1.6461494494586173,2.253925475501464
13,Bahrain,2023,0.6995131104288393,0.6820438837464203,38,0.8287905350668685,124194.01,1.4295657723797999,1.977916234553513
14,Barbados,2005,0.8630489857461332,0.3443621686750167,9,0.9279564821618539,9118.1,1.15868278222408,1.41108959542436
14,Barbados,2006,0.6617881233672785,0.6642989024520465,9,0.7984806629834253,8688.0,1.5110576401882947,1.9431277215839078
14,Barbados,2007,0.5173239842632351,0.7364074897844635,9,0.6140868678035271,8233.2,1.9330246236779156,2.0884193537732343
14,Barbados,2008,0.6551348218574341,0.5985090679029814,9,0.7837452445908061,9292.050000000001,1.5264033701716637,1.8194041691547043
14,Barbados,2009,0.565567948128221,0.7856219183515433,10,0.711723332010407,9070.8,1.7681341442872716,2.1937708629238672
14,Barbados,2010,0.44588439088172027,0.9304691749486438,10,0.49790529953661,8998.900000000001,2.2427338127323457,2.535698584829316
14,Barbados,2011,0.4140647049652512,1.1038634476878633,10,0.5757071139953471,8167.0,2.4150814788329305,3.0157949115604734
14,Barbados,2012,0.38198193321158447,1.0864810281768393,10,0.5031822207575539,7282.65,2.6179248625512552,2.9638260797850533
14,Barbados,2013,0.33027016400130377,1.1997082674934985,10,0.38201622606725444,7105.85,3.0278242148329584,3.3191484779750766
14,Barbados,2014,0.29913957308615446,1.3045002255246738,13,0.3493805859251868,8438.62,3.3429211310400326,3.6858465412917285
14,Barbados,2015,0.3611018895729185,1.2025494252008349,13,0.5042983278996083,6097.72,2.769301487684591,3.328592111328357
14,Barbados,2016,0.3899713469241074,1.1175199358498564,15,0.5315753595966829,6117.2699999999995,2.5642909610859452,3.0572625859981035
14,Barbados,2017,0.328598583449996,1.3359166312196298,19,0.46225817224132304,5270.28,3.0432267525345966,3.80348073822871
14,Barbados,2018,0.3446015640910473,1.2953243486996433,21,0.5084330903215886,4747.37,2.901902092747872,3.652180362004836
14,Barbados,2019,0.2818291271144312,1.4174197635165484,15,0.408941908629524,4929.820000000001,3.548249289343218,4.126459451006457
14,Barbados,2020,0.31636084194412223,1.306249550334649,12,0.40122046975283354,5858.400000000001,3.160947460674121,3.692299926980331
14,Barbados,2021,0.2772006771262341,1.379873655965378,12,0.3851784142460559,5907.6,3.60749479534861,3.974399454109878
14,Barbados,2022,0.35687771184818307,1.1597560328312895,14,0.4130513416517524,6358.58,2.802080283526933,3.189155132051097
14,Barbados,2023,0.40924358501022795,1.074254321283829,14,0.49075063717832773,6689.65,2.443532499049454,2.9278088815786663
14,Barbados,2024,0.34376215856575776,1.2396100359892839,12,0.4399344479612282,6577.9800000000005,2.908988017099362,3.4542661625932247
16,Bangladesh,2005,0.7900938757748575,0.5001174292881186,15,0.8858939749034416,994526.8,1.2656723848407057,1.648914890233332
16,Bangladesh,2006,0.944946602155198,0.15797318990394774,11,0.9719186231866961,957933.8,1.0582608559248092,1.1711347960503986
16,Bangladesh,2007,0.9182457546868351,0.21173538965000196,10,0.9577883139298279,1186349.1999999997,1.0890330773606973,1.235820830826862
16,Bangladesh,2015,0.9927251573847239,0.02835239798057803,16,0.9963525626791261,2087353.21,1.007328153780691,1.0287581528466698
18,Bhutan,2010,0.999923079511861,0.0004294569792428013,2,0.9999615382766264,51999.75,1.0000769264053557,1.0004295492090938
18,Bhutan,2012,0.9998232256472153,0.0009134429832057582,2,0.9999116050099334,67877.15,1.0001768056074816,1.0009138602993026
18,Bhutan,2022,0.9997604129087574,0.001201620640286709,2,0.9998801921004459,169688.31,1.000239644506973,1.0012023428756236
18,Bhutan,2023,0.9992218123461373,0.0036686276426900655,3,0.9996107839309929,187839.11,1.0007787937015062,1.003675365293872
19,Bolivia (Plurinational State of),2005,0.9327999062386814,0.16052829359812598,4,0.9652677522242741,5957.0,1.0720412741380827,1.1741309930611235
19,Bolivia (Plurinational State of),2006,0.48569131645634345,0.8989598531337331,6,0.6165430003011801,1826.15,2.058920895057603,2.457046092756495
19,Bolivia (Plurinational State of),2007,0.967126042873815,0.10413499896072134,7,0.9833657119775336,25994.5,1.0339913885769223,1.1097502599353455
19,Bolivia (Plurinational State of),2008,0.8232202517473668,0.37222029877020774,8,0.9040021547812137,85391.5,1.2147417387720973,1.4509525891582777
19,Bolivia (Plurinational State of),2009,0.7474139494206152,0.4904473181322922,8,0.8561874384721402,31743.75,1.3379466636596573,1.6330465479304948
19,Bolivia (Plurinational State of),2010,0.45623639894137547,0.9724609283463344,7,0.6058689158320154,4268.25,2.191846162034292,2.6444442461246704
19,Bolivia (Plurinational State of),2011,0.373950033800511,1.1763640259841295,8,0.5475150328625368,8938.75,2.674154056992182,3.242562868714574
19,Bolivia (Plurinational State of),2012,0.6042392332762879,0.6796276331897193,7,0.7423612831900578,5246.3,1.6549736344954462,1.973142862504452
19,Bolivia (Plurinational State of),2013,0.5142612967955484,0.801266477021898,8,0.645977252160844,69729.7,1.9445367680421877,2.2283613105372404
19,Bolivia (Plurinational State of),2014,0.45492345585308613,0.8686143003213327,10,0.5293701008729594,150843.2,2.1981719938462394,2.3836056024930716
19,Bolivia (Plurinational State of),2015,0.4868611860325458,0.7648622714308633,10,0.5208288005180288,79007.19,2.053973552808853,2.148698417116288
19,Bolivia (Plurinational State of),2017,0.6748750744609378,0.5139868077683885,6,0.7961692461237984,44897.69,1.4817557172321982,1.6719436430228436
19,Bolivia (Plurinational State of),2018,0.5352033807835107,0.7515759981548872,9,0.6630789131247519,51757.549999999996,1.8684485859114912,2.1203390351851943
19,Bolivia (Plurinational State of),2019,0.6291315005057028,0.6259476323939775,10,0.7620069809908968,35255.74,1.5894928154069365,1.8700172069355567
19,Bolivia (Plurinational State of),2020,0.5352586138854365,0.6785487788506901,5,0.6379595055658095,32410.379999999997,1.8682557815202838,1.971015276649693
19,Bolivia (Plurinational State of),2021,0.5013151506132155,0.7540182926815443,6,0.5851368570618505,15342.65,1.9947531982163045,2.1255238564585905
19,Bolivia (Plurinational State of),2022,0.5628038527305116,0.6585164351957845,9,0.6818180976191373,16195.39,1.776817971569274,1.9319240727433482
19,Bolivia (Plurinational State of),2023,0.582392196014504,0.6578168802017678,9,0.7103507188446908,4963.52,1.717055975068553,1.9305730582197742
19,Bolivia (Plurinational State of),2024,0.6321268332088708,0.6848014114379146,5,0.7763867470442544,4279.8,1.581961004445408,1.9833779202556645
20,Botswana,2007,0.9648525167755174,0.0965881326961068,4,0.9821381911348822,43245.899999999994,1.036427829759872,1.101406646803695
20,Botswana,2008,0.9733770536506537,0.08936214379540242,7,0.9865716212979686,43214.450000000004,1.027351113578748,1.0934765803902877
20,Botswana,2009,0.9046919000670747,0.2664984950723869,10,0.9507897733966932,31828.75,1.1053486827127104,1.3053856248229883
20,Botswana,2010,0.92571523961506,0.21977365487109812,8,0.961963883415609,35399.25000000001,1.0802458004427256,1.245794719106341
20,Botswana,2011,0.9208603875480879,0.2327398732781546,8,0.9594052418537116,30819.25,1.0859409455787665,1.262053142877719
20,Botswana,2012,0.9322914664978517,0.19561556651146378,9,0.9653307754272793,30910.699999999997,1.0726259286234756,1.2160593215353945
20,Botswana,2013,0.9224930747838531,0.20213903836119979,8,0.9600495984366852,34234.950000000004,1.0840189778490286,1.2240181817628222
20,Botswana,2014,0.9215564003770369,0.20318939587117887,10,0.9594552431064356,34421.96,1.085120780009633,1.2253045138884298
20,Botswana,2015,0.9687364835276137,0.0894947800994951,11,0.98414672259456,44028.119999999995,1.0322724672849541,1.0936216247013806
20,Botswana,2016,0.9792775665570134,0.06635546064530204,10,0.9895499948304677,47683.23,1.0211609396055539,1.0686064972186384
20,Botswana,2017,0.9770781738746186,0.07864881965441647,8,0.9884517739264713,45667.619999999995,1.0234595621294913,1.081824339907537
20,Botswana,2018,0.9842191595885305,0.05616752921467009,9,0.9920660585316833,61754.93,1.016033868328744,1.0577748770881217
20,Botswana,2019,0.9669378126540573,0.1016006230908097,10,0.9832653881123732,65363.93000000001,1.0341926718691385,1.106941296642843
20,Botswana,2020,0.9784236640924597,0.07094635080683052,9,0.9891276524024671,70279.21,1.022052140294004,1.0735236306467701
20,Botswana,2021,0.94195751708553,0.16800230502246388,16,0.9703705300026314,61715.92,1.0616190028336487,1.1829393373464143
20,Botswana,2022,0.9364678301333977,0.17215558085919766,12,0.9673888940247104,84915.55,1.0678423409991054,1.1878626275265036
20,Botswana,2023,0.9504121292392581,0.15294217886590908,19,0.9747886367139409,78827.54999999999,1.0521751240700534,1.1652576004788393
21,Brazil,2005,0.4475424101424834,0.8984395022262275,10,0.5113285338079689,758588.9,2.2344251122069783,2.455767899175782
21,Brazil,2006,0.4409907376375287,0.9218755259539919,12,0.5060408590956349,1002440.2,2.267621323198737,2.514001045286061
21,Brazil,2007,0.4436484229434878,0.9483314938895144,16,0.5501182091935743,1181253.2999999998,2.254037089471139,2.581398984143314
21,Brazil,2008,0.40347008400673867,1.0041694065926794,13,0.48728498160151384,702163.75,2.4784985049431776,2.7296391107463394
21,Brazil,2009,0.38424516180447443,1.0326214263497389,12,0.47761843689598205,1002246.8,2.6025051175760967,2.808418255189507
21,Brazil,2010,0.36354319312606304,1.1616683833777874,13,0.494065721196602,1318871.2999999998,2.7507047825627637,3.195259749834894
21,Brazil,2011,0.3490339608542633,1.106155240761183,12,0.44371150771866885,941243.9,2.8650507175648245,3.022714415456272
21,Brazil,2012,0.3151894779979281,1.2448253842972636,14,0.37108255484445574,1118299.0,3.1726947433396666,3.472328423329209
21,Brazil,2013,0.3072450287997735,1.2809037556498766,14,0.34927665478275977,1183224.8,3.254731260930127,3.599891678305822
21,Brazil,2014,0.2999570011165396,1.3877909305295637,15,0.4487749639315726,949272.05,3.3338111671928568,4.005990759314122
21,Brazil,2015,0.5152081969573242,1.0352105561431018,17,0.6987491700855015,562211.5299999999,1.9409629076278694,2.815699035942143
21,Brazil,2016,0.3776364448777423,1.1399325642337645,16,0.5036633855029223,1179463.6400000001,2.648049502541378,3.1265575162750676
21,Brazil,2017,0.39852623353949757,1.149060093878667,17,0.5543309603944403,1273127.32,2.5092451031856373,3.1552258994155866
21,Brazil,2018,0.5331959547053214,0.8951564565939104,17,0.7028733178202651,962100.6699999999,1.875483096177398,2.447718721239405
21,Brazil,2019,0.5051724142166164,0.9267458335735307,20,0.6763354009681315,1085265.7999999998,1.9795221826408023,2.5262748681177345
21,Brazil,2020,0.3156417581608118,1.4433561276460727,16,0.48175527973195315,1387888.64,3.1681486183159717,4.234884807627252
21,Brazil,2021,0.43276798461547045,1.2268144549166062,15,0.6271491316092306,1075287.8,2.310706973595875,3.410348395744609
21,Brazil,2022,0.4746801503449962,0.9337923094290259,13,0.6376307121430823,1329156.35,2.1066817293143663,2.544139068892719
21,Brazil,2023,0.47708864551831753,0.8928518927982678,13,0.6045282701359296,1597817.22,2.096046530123521,2.442084292236775
21,Brazil,2024,0.33616893744634074,1.2992037414934905,17,0.4810485268633337,1741527.15,2.9746948293211055,3.666376121843763
23,Belize,2005,0.3817983339662299,1.1312133865703544,4,0.5429349170997277,202.05,2.619183770687826,3.0994150079487124
23,Belize,2006,0.3060172817392768,1.4321015656479392,7,0.4546117921774664,342.6,3.2677893036511203,4.1874902368415405
23,Belize,2007,0.30786396793882287,1.3837142572765917,5,0.4865407122554756,299.05,3.248187849637262,3.9896928870554804
23,Belize,2008,0.3924076467473497,1.0642809351238538,5,0.4787390029325513,477.40000000000003,2.548370319204933,2.8987538424007497
23,Belize,2010,0.7240708996598632,0.5612733476425913,4,0.8430832759807295,217.95,1.3810802235937893,1.7529031348825501
23,Belize,2011,0.5337472118724543,0.6864925511690576,3,0.6383658969804618,140.75,1.8735460865301208,1.9867349272423533
23,Belize,2012,1.0,0.0,1,1.0,152.65,1.0,1.0
23,Belize,2013,0.9908235444561209,0.029396157314830553,2,0.9953905249679897,195.25,1.0092614427616535,1.029832489348233
23,Belize,2022,0.9033950475229784,0.26371854556277136,8,0.9500891265597148,291.72,1.1069354461726384,1.3017617581124508
25,Solomon Islands,2005,0.39485724332951644,1.001146202008377,8,0.49266136777193686,63308.8,2.5325608606487675,2.72139931484343
25,Solomon Islands,2006,0.8429491238764297,0.29964792885482416,5,0.9142258413047839,54329.3,1.1863112157959759,1.3493836448902379
25,Solomon Islands,2007,0.8533343705314691,0.3159045121234639,8,0.9213975819169441,71337.5,1.17187357562685,1.3714992878185588
25,Solomon Islands,2011,0.46379484452713504,1.1298928728661084,11,0.6506903922348282,49544.3,2.1561257349023712,3.095324889078928
25,Solomon Islands,2012,0.920652261747592,0.2118983224143883,5,0.959169726440934,83625.45,1.0861864371046994,1.2360222029357264
25,Solomon Islands,2013,0.8916145261996541,0.27502574032243154,9,0.9435566545389958,90083.25,1.1215609107024305,1.3165645632278304
25,Solomon Islands,2017,0.5654300512361251,0.803634420256819,9,0.7161229071674842,81884.24,1.7685653562519925,2.233644195945372
25,Solomon Islands,2018,0.44827190930366184,0.9263254595284451,12,0.5129104738532657,79883.59,2.2307889012126223,2.5252131109156464
26,Brunei Darussalam,2013,0.8823088636661088,0.2978009298113749,11,0.9383122445354631,47572.65,1.1333899512749641,1.346893634819858
26,Brunei Darussalam,2014,0.8253139009071457,0.40492609736629825,11,0.9062384996040328,89073.01999999999,1.211660192444169,1.499191701747491
26,Brunei Darussalam,2015,0.7209523360031295,0.5995028024605791,15,0.8428216016884418,55336.229999999996,1.3870542476412189,1.821213072587898
26,Brunei Darussalam,2016,0.4668273839150149,0.897569822832568,15,0.564278917053897,71878.0,2.142119409563275,2.4536330968695994
26,Brunei Darussalam,2017,0.40945063022029676,1.0725195516359982,16,0.5271089174990492,48066.840000000004,2.4422968880569798,2.9227342105615346
26,Brunei Darussalam,2018,0.4840148165211194,0.9329857849660625,16,0.6333374798903632,71545.3,2.0660524551449684,2.542087985732031
26,Brunei Darussalam,2019,0.429857859589769,0.9726170503210181,14,0.49936293132085496,79261.47,2.326350391625597,2.6448571342119296
26,Brunei Darussalam,2020,0.4145994496095926,1.043806725565122,15,0.510016848851947,68081.79000000001,2.4119665400946615,2.84000759244345
26,Brunei Darussalam,2021,0.4231302503521384,1.0190576726143616,16,0.5356816461972219,56625.05,2.3633384735971434,2.7705827374778362
26,Brunei Darussalam,2022,0.43198168629064276,0.9765465608380886,16,0.5190837544633207,56807.48,2.3149129505624164,2.6552705745991876
26,Brunei Darussalam,2023,0.38817340376163345,1.1009419929068853,15,0.4524970653118128,40498.34,2.576168254469264,3.0069972603250315
26,Brunei Darussalam,2024,0.47932598807661053,0.9203254394970126,12,0.6248680710549297,62372.590000000004,2.086262845903048,2.5101071450336327
27,Bulgaria,2005,0.6584329861113197,0.8033879942255449,14,0.8049523990807325,17862.050000000003,1.5187574454705894,2.2330938356852195
27,Bulgaria,2006,0.5700803569614898,0.9954368037615577,17,0.7436690502108687,30682.600000000002,1.7541386714847853,2.7059060331106295
27,Bulgaria,2007,0.22216107653385342,1.6875995187195123,15,0.28160476254847233,18863.85,4.501238540980952,5.406486945027027
27,Bulgaria,2008,0.1802442029467878,1.9500261780368044,18,0.2471258706528922,24363.899999999998,5.548028639208012,7.028871580239829
27,Bulgaria,2009,0.30085790869581946,1.538621529188504,17,0.48383021609492505,53233.55,3.3238281962899765,4.658164699201038
27,Bulgaria,2010,0.1826128712332576,1.9702129444213068,20,0.26097971478897264,39570.7,5.4760652589634065,7.172203606491677
27,Bulgaria,2011,0.17204766685548503,1.9617891593829486,21,0.23751389440605022,42418.15,5.812342697096675,7.112040262364573
27,Bulgaria,2012,0.20492175918863892,1.875143327890568,21,0.3275503579089243,30419.75,4.8799112595918075,6.521753802560822
27,Bulgaria,2013,0.19355038418995593,1.9893861983046723,25,0.3553945095027837,45839.2,5.1666133559237535,7.311044853075018
27,Bulgaria,2014,0.22452384940449138,1.8737872316361806,21,0.40233400254727203,73568.9,4.453869834551287,6.512915670690336
27,Bulgaria,2015,0.20954081368505528,1.8806863362958701,24,0.3491236290874091,63169.6,4.772339967635247,6.558004314335266
27,Bulgaria,2016,0.1975642767198673,1.9510538906973476,24,0.27897964588907465,50706.71,5.061643818421343,7.036098953747676
27,Bulgaria,2017,0.2607683238139773,1.7292891311186793,25,0.43449768062472455,45926.16,3.834821597094607,5.636645567965566
27,Bulgaria,2018,0.262173463313235,1.6497251368050507,21,0.41034110853158606,53063.17,3.8142685661715414,5.2055488167435735
27,Bulgaria,2019,0.2766088184435758,1.4962955288464,24,0.3431346893819911,81931.18,3.615213736231571,4.465117495868508
27,Bulgaria,2020,0.2990218272707251,1.444023696703571,27,0.40610789626114746,113666.96,3.3442374729876523,4.237712829531827
27,Bulgaria,2021,0.2967257779714789,1.531305618719861,29,0.4438655520745593,66009.2,3.370115016081007,4.624210338289234
27,Bulgaria,2022,0.37272487078682337,1.2539902611368576,27,0.4889040463224847,175491.44999999998,2.6829441187785426,3.504298161256547
27,Bulgaria,2023,0.29062008785404,1.5334639749055354,31,0.38134492425981564,130506.68000000001,3.440918373482278,4.634201809975325
27,Bulgaria,2024,0.30292483448749064,1.611285633700834,30,0.48168467175772856,87637.25,3.3011489523197057,5.009247146777677
28,Myanmar,2014,0.4730717832974058,0.9168297140634872,4,0.6204562024789085,96.00999999999999,2.1138441042283227,2.5013478186658293
28,Myanmar,2015,0.5341298002018999,0.8019645403488872,5,0.6871694597183764,762.01,1.8722040964986453,2.229917390905539
28,Myanmar,2016,0.3117318568567014,1.2616736093440395,6,0.4041497217465754,1495.04,3.2078851679880938,3.531326605760639
28,Myanmar,2017,0.353025024404076,1.4040394120917097,10,0.5379354780367599,2653.98,2.832660380628966,4.07161371926165
28,Myanmar,2018,0.20659550292982432,1.8953665422039723,13,0.37227120434507316,3142.87,4.840376415839394,6.654987291337286
28,Myanmar,2019,0.3013096426279765,1.4923676282974703,11,0.4896573486686761,2757.0299999999997,3.3188449970540383,4.447613358166563
28,Myanmar,2020,0.23540464583816972,1.5377406051508526,8,0.34063426099397076,1761.42,4.248004521913538,4.654063016846714
28,Myanmar,2021,0.46665440676300446,0.9053967902500002,5,0.6181195748336389,779.93,2.1429134398121326,2.4729129561625194
28,Myanmar,2022,1.0,0.0,1,1.0,272.43,1.0,1.0
28,Myanmar,2023,0.9978945397155103,0.008277694251179721,2,0.9989461592774868,1897.82,1.0021099026006195,1.0083120490897628
28,Myanmar,2024,0.5017536400319413,0.6913925140027388,2,0.5296111468195792,4154.01,1.9930099559145014,1.9964937439403159
29,Burundi,2005,0.9703644655870134,0.08872345655815439,4,0.9850020267531415,493.4,1.0305406220693158,1.0927784138329308
29,Burundi,2006,0.7875915220350762,0.5272825040748539,10,0.8852219570405728,10475.0,1.2696937079973596,1.6943217344383952
29,Burundi,2008,0.6550717859749104,0.6554558818647374,4,0.7928209909429942,750.8,1.5265502520639782,1.9260203550169963
29,Burundi,2009,0.42734642631863573,1.0706601947475005,9,0.6004254921549884,6956.65,2.3400219082547924,2.917304853694126
29,Burundi,2010,0.7135498088674168,0.5797930689869307,6,0.8371171728985358,17442.6,1.4014438621842695,1.7856688822450595
29,Burundi,2012,0.2563572815478004,1.550516355082674,12,0.33762046810463514,17432.0,3.900805914161404,4.713903602366656
29,Burundi,2013,0.31256502543943643,1.505058453071517,10,0.5062661933136277,19182.3,3.1993342780245357,4.504416919597718
29,Burundi,2014,0.9817805048273637,0.06228217521890324,12,0.9908308903695601,13914.11,1.0185576053741667,1.0642626108974058
29,Burundi,2015,0.4819726684668215,0.8753266316512559,7,0.6347266413043917,9893.960000000001,2.0748064473884975,2.3996589705453433
29,Burundi,2016,0.48412628924202566,1.0320271062135629,11,0.6670533149154482,11517.79,2.065576735288749,2.806749651561126
29,Burundi,2017,0.26866013410132095,1.4522074597438708,14,0.37443426761013815,24108.13,3.72217487103191,4.272535563311188
29,Burundi,2018,0.3128384666915922,1.238600171049311,14,0.36358927099955757,14150.060000000001,3.1965378509089715,3.4507795810868087
29,Burundi,2019,0.28301275454826036,1.3780526412661802,10,0.4195551326120022,15279.16,3.533409657088357,3.9671686000274295
29,Burundi,2020,0.4776563575888112,0.9886010406751655,14,0.6508804270315214,16898.05,2.093555302075235,2.687472177051493
29,Burundi,2021,0.5313639764588957,0.9252324916062492,14,0.7051864789394197,21963.07,1.881949180417119,2.522454641722479
29,Burundi,2022,0.31571787178087896,1.2943973787871343,15,0.4680380028479887,17977.6,3.1673848374793323,3.6487964693198616
29,Burundi,2023,0.3012406344296474,1.2937424433545923,9,0.38000230956943126,14461.57,3.31960527799759,3.6464075256133026
32,Cameroon,2005,0.2790874644080493,1.4708581267347278,10,0.3926268728408062,866064.0,3.5831061137805746,4.352968937819189
32,Cameroon,2006,0.1855269201749265,1.7548281837995612,16,0.2341119462531434,859734.0,5.390053362914324,5.782454137301447
32,Cameroon,2007,0.2459344350023101,1.5238738838113446,11,0.3438520593003712,941242.0,4.06612437168714,4.5899718162880365
32,Cameroon,2008,0.2711970431928312,1.5680453214125312,19,0.4539783166240037,852846.9,3.687355836283815,4.797261918037975
32,Cameroon,2009,0.3587073447935425,1.2522510978923531,14,0.5173147801343873,932856.2,2.787787912666131,3.4982089113313735
32,Cameroon,2010,0.4051198836446952,1.1966495732101021,17,0.5871804988775764,726374.6,2.468405132336176,3.3090117280122886
32,Cameroon,2011,0.34765524834259753,1.295951164309151,18,0.5220168371076488,983458.7,2.876412781821571,3.654470323281238
32,Cameroon,2012,0.3431371546280714,1.2190368663586857,16,0.45990987044019516,1087046.25,2.9142865659182453,3.3839269896837902
32,Cameroon,2014,0.7430434938060295,0.6167745877769824,23,0.8588122876102195,1162070.3900000001,1.3458162386669772,1.8529418917090055
32,Cameroon,2015,0.5363921293145092,0.9461527366374631,22,0.7077660139620029,1296017.5,1.8643077430646975,2.575780864867658
32,Cameroon,2016,0.6699414465458978,0.7327199625656808,21,0.81004562222431,1205101.26,1.492667762467641,2.0807324321388108
32,Cameroon,2017,0.7276837691061724,0.6440371835409284,25,0.8493471280917562,1427448.46,1.3742233130035575,1.9041527967456926
32,Cameroon,2018,0.742954449759798,0.5972115894669769,22,0.8575612665214377,1086843.98,1.3459775364738802,1.8170450622549679
32,Cameroon,2019,0.4887459339615639,1.0378950879035582,26,0.670755288944401,1749930.95,2.0460528272725074,2.8232680244814548
32,Cameroon,2020,0.31761707411805434,1.384420811334991,25,0.4321172874356024,1138659.05,3.1484453497242164,3.992512816855705
32,Cameroon,2021,0.2784383530328509,1.4691574700332775,24,0.37530244039170635,1528470.6099999999,3.5914592551911024,4.345572323357586
32,Cameroon,2022,0.44607835534194007,1.0857456189585788,24,0.6034965166256586,1644234.71,2.2417586238486127,2.961647256026394
32,Cameroon,2023,0.4642685021645102,0.9565275203262679,22,0.6026119006556494,1236789.0,2.153926004753295,2.602643138363363
33,Canada,2005,0.4923688790976051,1.0061804580159577,39,0.6571180448752605,613636.55,2.0309975761115564,2.735134078844795
33,Canada,2006,0.4601465741994482,1.0909254453368704,37,0.6311506680504595,604714.8,2.173220569423505,2.9770278746842185
33,Canada,2007,0.44165063682485584,1.1224376208607323,44,0.6081407268039357,615237.45,2.2642331214311535,3.0723342689121727
33,Canada,2008,0.4445431154888193,1.1207541229928901,41,0.6144527890024484,657208.1,2.249500588712077,3.0671663520302475
33,Canada,2009,0.3742833425090109,1.3056598958424392,41,0.5517705935315185,676730.7,2.6717726557011416,3.6901233875080037
33,Canada,2010,0.4184172415210671,1.1499506439760885,45,0.5776647826038583,651650.2500000001,2.3899588754151533,3.1580370376916425
33,Canada,2011,0.40779819462671674,1.2294119143693982,45,0.5746847233159603,638165.65,2.452193298490109,3.419218151851503
33,Canada,2012,0.42367304832098385,1.1685275711941077,46,0.5949686340286511,615898.35,2.3603106309523336,3.2172519747566044
33,Canada,2013,0.42212141162164685,1.1351197209933357,49,0.5590855598581713,919673.1000000001,2.36898667650698,3.1115460379894193
33,Canada,2014,0.37269877074747737,1.3471064743488526,62,0.5463280581171231,681041.28,2.6831320049551532,3.8462801035424414
33,Canada,2015,0.33685591456117087,1.4250267557635419,60,0.4966352556282787,684662.71,2.9686282970649946,4.157969090905547
33,Canada,2016,0.36970695542434345,1.356668570259666,58,0.5430713743825811,808284.4,2.704844973371455,3.88323500436896
33,Canada,2017,0.3256282866551754,1.4144452601601503,57,0.4756427640260792,764738.66,3.0709862778566026,4.114203520209411
33,Canada,2018,0.3629805018551978,1.3308793243707189,60,0.5288825104252436,714731.5,2.7549689167572025,3.784369613367596
33,Canada,2019,0.2930011649777269,1.498296424685242,58,0.4327662019106226,1007989.76,3.412955713251233,4.474060675087244
33,Canada,2020,0.3097661570103466,1.4799211658745728,66,0.4580139969033031,881700.74,3.228241618294663,4.392599380538275
33,Canada,2021,0.3520973120931983,1.3870528181871329,71,0.5240197952117273,751036.17,2.8401239249884003,4.003034979074142
33,Canada,2022,0.3048832888281344,1.4645957175764548,78,0.42463996598762316,973104.59,3.279943626440311,4.325794044240023
33,Canada,2023,0.21634714486775763,1.8369142845245423,84,0.303190668285358,1682923.3,4.622201049203819,6.277138881348662
33,Canada,2024,0.2779534006471043,1.5768495792845896,79,0.3976622749073666,892939.04,3.597725365733596,4.839684725680102
35,Cabo Verde,2005,0.2896931734854714,1.5112507356777725,10,0.4371273505251395,58122.65,3.451928079520837,4.532396080171409
35,Cabo Verde,2006,0.32974728442133694,1.4147449357525155,13,0.4982523324983314,53113.65,3.032625429364394,4.115436631343868
35,Cabo Verde,2007,0.5947021807417563,0.8863048102908129,12,0.7589637112330273,67523.65,1.6815139281189897,2.426147989953114
35,Cabo Verde,2008,0.36101293277075647,1.3002445198837034,14,0.5407726280943193,93976.65,2.7699838682372104,3.6701939933162
35,Cabo Verde,2009,0.4361073931332959,1.1431897585980955,15,0.6222186198047018,186294.65,2.2930131791972412,3.1367579251356847
35,Cabo Verde,2010,0.33183773597153066,1.3929993364752276,14,0.48900533710262895,69119.9,3.013521042362081,4.0269100161033675
35,Cabo Verde,2011,0.2892038638709498,1.4948932351649606,16,0.417818951930505,66082.45,3.4577684634470365,4.458860477930858
35,Cabo Verde,2012,0.21333518942413449,1.7890284512106693,15,0.34815597194480663,62156.05,4.687459217109686,5.983636246918633
35,Cabo Verde,2013,0.4734675635158044,1.181342751289495,16,0.6687341197383803,72456.3,2.1120771031796775,3.2587469531481252
35,Cabo Verde,2014,0.42936457276765155,1.1303976695946314,18,0.6055561435002054,60096.36,2.329023080674951,3.096887793397956
35,Cabo Verde,2015,0.4118761523538694,1.1972736550018186,19,0.5659286618458574,71130.52,2.4279142996869494,3.3110774665081615
35,Cabo Verde,2016,0.4041533637713193,1.1948047461033109,17,0.5536235844673771,53058.65,2.474308244446102,3.302912800942502
35,Cabo Verde,2017,0.327170754708382,1.4242135741707556,21,0.50160737231594,71075.63,3.0565079109571784,4.1545892813631475
35,Cabo Verde,2018,0.374468700422541,1.1889711517302215,18,0.48900265629297496,49520.14,2.6704501574407296,3.283701038708794
35,Cabo Verde,2019,0.24920861849161052,1.5891265360041888,19,0.38012694668668706,73564.74,4.012702313638742,4.899467550280222
35,Cabo Verde,2020,0.3401759094598417,1.2659093048923922,19,0.40724857782226115,54652.1,2.9396555493535073,3.5463159528894295
35,Cabo Verde,2021,0.3709861007063399,1.3113048285965372,20,0.5191163541796482,76470.91,2.69551877576019,3.711012790050623
35,Cabo Verde,2022,0.22155139827240633,1.7190596335884747,16,0.35013643394685157,74798.1,4.513625315830595,5.579279429678762
35,Cabo Verde,2023,0.24703685808063153,1.6228004699919933,18,0.31602167330366104,90131.16,4.047978944395436,5.06726117763643
35,Cabo Verde,2024,0.26148309379423446,1.6318224411026896,15,0.3640827283413196,39576.28,3.8243390250955085,5.113184710485996
37,Central African Republic,2005,0.9326383359101617,0.17419775962624004,3,0.9654208871812784,2863.0,1.0722269946410685,1.1902909340366623
37,Central African Republic,2007,0.4914764296922243,0.7862417814495254,4,0.5769383697813121,5030.0,2.0346855710379166,2.195131122070892
37,Central African Republic,2008,0.408857642945583,1.200713135442562,8,0.5947232281427832,4349.25,2.4458390768864633,3.322485460231239
37,Central African Republic,2009,0.42341907444745364,1.1561793637236149,8,0.6081874431061096,7579.9,2.36172638491774,3.1777689538448266
37,Central African Republic,2010,0.48138523944000566,1.013339238279256,6,0.6652471657938654,3475.4,2.0773383105042806,2.7547845555073676
37,Central African Republic,2011,0.5162590701424348,0.6767988247286394,2,0.5901639344262295,1220.0,1.9370119729307655,1.9675691065409335
37,Central African Republic,2012,0.2462866147523612,1.4830432885347038,8,0.3099943865881347,5967.85,4.060309980733181,4.406335045659258
37,Central African Republic,2013,0.7451799654767032,0.4368824683429445,4,0.8507526357486745,8204.5,1.3419577099879283,1.5478741421521536
37,Central African Republic,2014,0.3203436178923343,1.4278809625310278,8,0.49821886754851413,35727.27,3.1216479559648804,4.169853746988526
37,Central African Republic,2015,0.2553582326958531,1.4889881012035797,8,0.3740590431701666,51779.74,3.9160672027013113,4.432607898280308
37,Central African Republic,2016,0.5308457652100405,0.9069480771331375,10,0.6910409195518907,22868.53,1.8837863378345472,2.476752130655159
37,Central African Republic,2017,0.3939805011017977,1.217804519314057,9,0.5758748865711437,22315.75,2.538196680301235,3.3797593857534456
37,Central African Republic,2018,0.3022525710401258,1.3678698958158544,10,0.3826944500466629,28213.03,3.308491294412328,3.92697691017175
37,Central African Republic,2019,0.5099740085683591,1.0843099180174933,9,0.6968924602657007,18706.760000000002,1.9608842474291623,2.9573982671422714
37,Central African Republic,2020,0.645228762852206,0.7661080230470798,11,0.7905315933565727,36248.76,1.5498379141989005,2.1513768296141365
37,Central African Republic,2021,0.4455634623503938,0.9888290047438755,6,0.5931745819272876,34215.34,2.244349199382049,2.688084893979587
37,Central African Republic,2022,0.3022604819953901,1.3256440567331984,8,0.4127318489117773,41006.77,3.308404702455452,3.764609196271198
37,Central African Republic,2023,0.37427528757574724,1.1737795674071922,10,0.4971892884721106,37762.68,2.671830156025506,3.2341934192036454
37,Central African Republic,2024,0.38808499852933537,1.349665198522854,15,0.583861046162755,23347.61,2.5767551020769743,3.8561342751005188
38,Sri Lanka,2005,0.5735736616543812,0.6735574250842423,16,0.6995327121091747,102206.8,1.743455229648552,1.9612017538809616
38,Sri Lanka,2008,0.34846981707540386,1.3225230793305498,13,0.5126173345449353,158632.95,2.8696889974365107,3.752878251568601
38,Sri Lanka,2009,0.9570600881244538,0.14033607858530175,12,0.9782357954752405,102955.75,1.0448664743294178,1.1506604462165664
38,Sri Lanka,2010,0.7550644245005533,0.6001130505837474,13,0.866136408828793,251450.0,1.324390300419017,1.822324803628724
38,Sri Lanka,2011,0.45903606303341415,0.9298689138094923,12,0.534354758008898,55461.75,2.1784780772817145,2.534176960239985
38,Sri Lanka,2012,0.28945155972924114,1.4048066728318007,12,0.4337587922908584,72129.95,3.4548095057266934,4.074738907381017
38,Sri Lanka,2013,0.5110871365839743,0.9650970055318305,13,0.6833266026372623,45562.4,1.9566135173814823,2.625042287747255
38,Sri Lanka,2014,0.6586572929629403,0.6991909488318729,17,0.800447816504837,1169483.47,1.5182402300618958,2.0121241373772802
38,Sri Lanka,2015,0.651739976593459,0.7451479017681601,17,0.7984862489411557,560953.5299999999,1.534354245425976,2.106753004433755
38,Sri Lanka,2016,0.5491030404054001,0.7639367224349438,16,0.6823527783831654,57814.2,1.8211518174470585,2.1467106115014407
38,Sri Lanka,2017,0.5399799560172909,0.8496241964700538,19,0.6984864323607989,1417122.0,1.8519205923413546,2.3387677695716818
38,Sri Lanka,2019,0.5525717796558525,0.7948129482495807,16,0.6924859070499035,48126.899999999994,1.8097196361037666,2.2140268204768327
38,Sri Lanka,2020,0.5454316456851976,0.79007818619475,18,0.682591857303522,31511.919999999995,1.8334103052340345,2.2035687081729773
38,Sri Lanka,2021,0.816715551874665,0.3704503718806631,15,0.8993267251781145,294104.27,1.2244165030341705,1.4483867804719788
38,Sri Lanka,2022,0.9332239421217113,0.19055116488247875,20,0.965814895935067,1566837.1199999999,1.0715541627944858,1.209916277277952
38,Sri Lanka,2023,0.6065548620108381,0.8221494652651462,12,0.7647204663895428,59210.590000000004,1.6486554846577617,2.275385446910489
38,Sri Lanka,2024,0.8007755601081041,0.4386057749909589,15,0.8911636054620404,262675.46,1.2487893609852438,1.5505439036998074
40,Chile,2005,0.7060307006222974,0.540164164699025,11,0.8260071646182062,170225.4,1.4163690036688166,1.7162885930594132
40,Chile,2006,0.695975631363655,0.6252608541010025,13,0.825490612400169,180855.6,1.4368319161414558,1.8687333606196963
40,Chile,2007,0.6629323008809261,0.7531718752822159,13,0.8060664638826506,204026.6,1.5084496541670502,2.123725537255491
40,Chile,2008,0.44170992854424024,1.260026101592146,13,0.6447413331296996,216074.25,2.2639291883153656,3.5255135076801207
40,Chile,2009,0.7153596695894738,0.6650286240807877,13,0.8415253301853898,216522.3,1.3978982077279725,1.9445461813872096
40,Chile,2010,0.4669365481176415,1.1345782760685763,16,0.6552440556418049,222803.69999999998,2.141618607563049,3.1098617631911627
40,Chile,2011,0.46591587712826643,1.0283639568008667,12,0.6344229944275077,190103.45,2.1463102012398267,2.796486916665091
40,Chile,2012,0.3685329423015763,1.2382988198572362,15,0.4851576656286207,216721.3,2.713461634541436,3.4497398412177533
40,Chile,2013,0.2761191579706462,1.4588578899062494,17,0.3484362062346475,202654.6,3.6216248352687956,4.30104445581585
40,Chile,2014,0.16488235196999393,1.9883993142761143,19,0.24887821886305417,199403.87,6.0649304674037205,7.303833258766373
40,Chile,2015,0.2081682360898188,1.8215224653848598,23,0.3413510586982063,260672.02000000002,4.803806857298477,6.181262047243108
40,Chile,2016,0.39226489847126494,1.3575128921209707,23,0.5902985321459707,233404.68,2.549297691170433,3.886515089104498
40,Chile,2017,0.38911622391111084,1.3693143712481755,24,0.5862546431035743,289213.88,2.569926254805656,3.9326534306519636
40,Chile,2018,0.4159516368680968,1.2320016659552135,23,0.5906603243766658,307171.91000000003,2.4041256515528797,3.4280845534158235
40,Chile,2019,0.47425299326348624,1.1002965047462363,24,0.6480853794773825,284197.57,2.1085792060450284,3.0050569054997927
40,Chile,2020,0.3293407643496082,1.3771670973658314,25,0.4404174185588383,366120.76,3.036368734902372,3.9636570531159703
40,Chile,2021,0.34482180976496596,1.3730697826212437,27,0.5056969108681523,335766.18,2.9000485806904446,3.9474499281495405
40,Chile,2022,0.41360601158702115,1.0477427158517212,22,0.49381925295317436,362429.49000000005,2.4177598293674794,2.8512078623584083
40,Chile,2024,0.32682358454972665,1.3663090055274627,24,0.4237080746601095,374797.2,3.0597547033752965,3.9208521113629415
41,"China, mainland",2005,0.8459081828736844,0.29461335246280695,8,0.9159671519148872,999145.0,1.1821613979461,1.3426071425708361
41,"China, mainland",2006,0.8963782821740709,0.22529746865522593,10,0.9453619021004863,1368228.45,1.1156004333065785,1.2526952983591695
41,"China, mainland",2007,0.8787042565645081,0.2605589698383991,11,0.935474301426252,913516.65,1.1380393261206276,1.2976552341156258
41,"China, mainland",2008,0.9693814091969294,0.1020278851259378,11,0.9845390603188813,571488.55,1.0315857004400737,1.1074143516860477
41,"China, mainland",2009,0.9369228382022968,0.17072780425121886,8,0.9676766836026323,591108.9,1.067323753062452,1.1861678352337337
41,"China, mainland",2010,0.6997039473042644,0.5407891306520887,10,0.819719695577578,673977.95,1.4291758733857087,1.7173615502416377
41,"China, mainland",2011,0.48195736302652853,0.8103609444371803,8,0.5426475548319137,1076683.65,2.074872336673808,2.248719503006898
41,"China, mainland",2012,0.5194786730476854,0.8643945467805785,12,0.6750463875655426,4367064.7,1.9250068422119908,2.3735685661156385
41,"China, mainland",2013,0.5227310965511702,0.8904592189929075,12,0.6917598575415191,3964242.75,1.9130294841797495,2.436248165877854
41,"China, mainland",2014,0.40717886119829017,1.0655673415316589,15,0.5573023643950851,4597179.24,2.455923171102477,2.902485217436072
41,"China, mainland",2015,0.3798516497365085,1.152850201972538,15,0.5280015261687193,5824519.85,2.632606704995673,3.1672072375757443
41,"China, mainland",2016,0.33001625641147764,1.2947576995930923,14,0.47508295880692836,6371960.609999999,3.0301537593140853,3.650111443496514
41,"China, mainland",2017,0.4319213827720879,1.1070819553637967,14,0.5977267028485895,6994271.73,2.3152361515004465,3.0255169073991452
41,"China, mainland",2018,0.34996044281708993,1.3285857881637277,16,0.5177397770812352,5371243.65,2.8574658094219503,3.7756999705090153
41,"China, mainland",2019,0.192777218176299,1.7375930775182453,17,0.2365739297520912,4476327.13,5.18733494268746,5.683646848610036
41,"China, mainland",2020,0.2053555009313558,1.727486248785704,15,0.3048496734013799,4787064.01,4.869604152139416,5.6264925143844104
41,"China, mainland",2021,0.1719172439305091,1.8403596749073847,15,0.23157009078735843,7316117.7,5.816752160151028,6.298803375170476
41,"China, mainland",2022,0.18421292515540696,1.7812937483302063,13,0.26686827486901654,8776818.83,5.428500737157141,5.937533125223492
41,"China, mainland",2023,0.23563607598661504,1.643795335639789,11,0.39159923259814916,4347432.83,4.243832341091962,5.17477228683737
41,"China, mainland",2024,0.22326514772073536,1.663957405702569,12,0.3079672249368803,2616239.0500000003,4.47897941173882,5.280165308745355
44,Colombia,2005,0.6570970593775284,0.6429064178685815,6,0.7975021100217814,63861.9,1.5218451912527282,1.902000863023914
44,Colombia,2006,0.8493034138503596,0.31914893181082904,7,0.9190261096931507,388723.45,1.177435512082131,1.3759562333004185
44,Colombia,2007,0.7085402536825666,0.5381022661796673,9,0.8280724749332153,258180.3,1.4113524175974488,1.712753425980934
44,Colombia,2008,0.4337620346670216,1.0427271532494171,9,0.5944646945343717,52743.25,2.305411539227153,2.8369432532557504
44,Colombia,2009,0.4137492951251995,1.126536406791972,11,0.579833536678043,156917.45,2.416922546532442,3.0849529523645582
44,Colombia,2010,0.9673419700490242,0.10300338994474531,7,0.9834801324766299,12590.9,1.0337605841182729,1.108495166807004
44,Colombia,2011,0.5511847786218883,0.8374978712897929,11,0.7109005092498066,67098.7,1.8142736134700086,2.310578373400501
44,Colombia,2012,0.5885742734874919,0.8049003712130471,11,0.7487193070314844,207270.6,1.6990209138341679,2.2364736705612667
44,Colombia,2013,0.4020516279870476,1.0329670520115153,11,0.5516566095260059,293133.35,2.4872427578684393,2.809389084369576
44,Colombia,2014,0.9662779512849159,0.10187402763726161,13,0.9829215952110688,170767.12,1.0348989115090972,1.1072439808017276
44,Colombia,2015,0.9850222960512249,0.05171529806892653,11,0.9924707230074552,505323.42,1.0152054466267595,1.0530758870920593
44,Colombia,2016,0.2648163932721616,1.4355939621591813,15,0.358311098769556,516916.67,3.7762012677676755,4.202140179950408
44,Colombia,2017,0.9842611856227608,0.05727084965204553,8,0.9920905752763755,175276.97,1.0159904856628894,1.0589425857881363
44,Colombia,2018,0.5384191835125245,0.7169155768219346,9,0.6552360263299691,185384.19,1.8572889499891647,2.0481062317873695
44,Colombia,2019,0.4059630363255307,1.0175320942860848,8,0.554708184410344,288555.18,2.4632784527656533,2.766359218970142
44,Colombia,2020,0.34378554485267065,1.0977521242104133,8,0.4209589439777243,317966.02,2.908790130860651,2.9974206161331103
44,Colombia,2021,0.6220830072961594,0.7149500748779568,9,0.7644977527363327,51342.44,1.6075025169815047,2.0440846285365093
44,Colombia,2022,0.40824411515899617,1.0093697386768405,9,0.540554864091653,260108.37999999998,2.449514794868596,2.7438711140904113
44,Colombia,2023,0.6849793227144811,0.6591526924986819,11,0.818535134265075,127297.81000000001,1.4598980828167691,1.9331536646702154
44,Colombia,2024,0.40726425366949454,1.0294213500034728,9,0.4596279509277605,272629.09,2.4554082293987083,2.7994454668217044
45,Comoros,2016,0.44850810305238176,0.9836504106091716,14,0.5577991430866537,91747.9,2.229614121114795,2.6742003754864365
45,Comoros,2017,0.8083254494534475,0.4403183898975052,13,0.8966580956870025,61716.01,1.237125468060116,1.5532016635124632
45,Comoros,2018,0.7609160542113578,0.5509619821667764,13,0.8683932568191867,57515.29,1.3142054165704755,1.7349211786028902
45,Comoros,2019,0.8861794422758095,0.2965590752084626,15,0.9405941988909862,55366.310000000005,1.1284396277935385,1.3452220269216348
45,Comoros,2020,0.8783135641476674,0.2906661679815577,11,0.9357404786097298,67297.42,1.1385455500398876,1.3373180698332758
45,Comoros,2021,0.751180919533438,0.44274303244878715,8,0.855533283740503,64256.6,1.3312372212823307,1.5569721916007488
46,Congo,2005,0.24224556221993004,1.7949131235821316,16,0.4365864653611351,32719.75,4.128042597916074,6.018951794121341
46,Congo,2008,0.40431171253822795,1.3192983298047165,11,0.6051473184785308,14300.65,2.47333918110386,3.740795651356585
46,Congo,2009,0.46301193450895956,0.8894977439087806,11,0.5490422503542723,72049.09999999999,2.1597715425208968,2.433906899682531
46,Congo,2010,0.46302347978719616,0.8894211736993295,11,0.5490491087910594,72048.2,2.159717689607439,2.43372054205625
46,Congo,2012,0.34605770893079485,1.410278690895129,15,0.5447473560351349,70920.95,2.8896914421865443,4.097097068627515
46,Congo,2013,0.566111327511465,0.9513803326016854,12,0.7387322550158875,65444.55,1.7664370087697068,2.5892812630905713
46,Congo,2014,0.7092411181321358,0.6764262964578566,12,0.8376525210784782,63257.65,1.4099577343084813,1.9668362679340528
46,Congo,2015,0.5700901807853513,0.9430534106110138,16,0.7443094503433464,52891.2,1.7541084440753014,2.5678100386698137
46,Congo,2016,0.8465414177743736,0.39775647268619946,17,0.9188037664525784,125138.44,1.181277110609758,1.4884814998647817
46,Congo,2017,0.8382324540114264,0.4435470743021174,17,0.9146512771903866,155716.80000000002,1.1929864982134997,1.5582245658204417
46,Congo,2018,0.8753003486981658,0.3607610303108322,16,0.935108166135148,140176.96,1.1424649852902493,1.4344206368641859
46,Congo,2019,0.8137837460086846,0.515371850628362,19,0.9010922376549904,156751.6,1.2288276890569994,1.6742609610498334
46,Congo,2020,0.3517436266066695,1.3128010355769804,20,0.4798226907532231,145661.89,2.8429797282957754,3.716569389166203
46,Congo,2021,0.5687698852635352,0.7282632092096508,16,0.7033411914404637,163779.9,1.7581802868073044,2.07147975465481
46,Congo,2022,0.5940445179433231,0.888413303147578,18,0.7564071256222861,320923.55,1.6833755211851116,2.4312689024659244
46,Congo,2023,0.6035048081669767,0.8166562558481407,17,0.7561648348368655,132349.45,1.656987627053539,2.2629205456470847
48,Costa Rica,2005,0.9930081388551085,0.02344681478451448,3,0.9964918259086879,109458.65,1.00704109147882,1.023723852325033
48,Costa Rica,2006,0.9885256248934917,0.040481080711722815,5,0.9942373343190889,102391.85,1.011607564657461,1.0413116086416427
48,Costa Rica,2007,0.888350180123039,0.27081732179881857,7,0.9416568040770479,126150.1,1.1256822167374325,1.3110355508916371
48,Costa Rica,2008,0.8481301789172793,0.36184461361039216,7,0.9195099317506233,72630.7,1.1790642814722114,1.4359757935295656
48,Costa Rica,2009,0.840237929993945,0.3471669501069607,7,0.9138846611915971,86105.45,1.1901390835893428,1.4150529488922814
48,Costa Rica,2010,0.8315066734853419,0.3647550372528519,7,0.9086033214277229,75762.59999999999,1.202636168641199,1.4401611790972269
48,Costa Rica,2011,0.562210589763379,1.0094596824884277,10,0.739617478474546,74696.45000000001,1.778692927895357,2.744117919416056
48,Costa Rica,2012,0.6691560555387864,0.7395925566068606,8,0.8121221739781405,83487.5,1.4944197122968976,2.095081713366164
48,Costa Rica,2013,0.2627387643983718,1.6004092273162556,12,0.44553996871959184,116590.54999999999,3.8060618968420368,4.955059755352788
48,Costa Rica,2014,0.2305601103837338,1.6443158080023081,10,0.3690390953258951,116509.57999999999,4.337263711123512,5.177466313817476
48,Costa Rica,2015,0.27395097807343377,1.570207639892702,12,0.4519397514004919,131153.91999999998,3.650288117357791,4.807646349315259
48,Costa Rica,2016,0.2516563589918399,1.5444507307107451,15,0.3885618219579067,169627.19,3.973672686063242,4.68539737522184
48,Costa Rica,2017,0.2915868995867356,1.358350912475081,14,0.3539836810304295,164020.16,3.4295093552463918,3.8897734329442653
48,Costa Rica,2018,0.2385113843903599,1.5280181638278374,15,0.3316926936416567,175535.19,4.192671987360356,4.609033415783483
48,Costa Rica,2019,0.24571268178470393,1.529398674419318,15,0.29849571805681113,201184.36000000002,4.069794007930819,4.61540062922203
48,Costa Rica,2020,0.2617975632028521,1.4693905258842568,15,0.38148590316508607,206716.97,3.819745255707964,4.346585202437511
48,Costa Rica,2021,0.2586748236489787,1.601784211296685,15,0.3607801574755772,152899.9,3.865857472689334,4.961877569256782
48,Costa Rica,2022,0.32000585573840334,1.31897649416089,15,0.45125145115586907,180786.91999999998,3.1249428161010733,3.739591923691331
48,Costa Rica,2023,0.43130888217806995,1.137084196857064,12,0.6174075572060177,262006.09,2.318524012188417,3.117664602998857
48,Costa Rica,2024,0.39422772593754546,1.2564819153908418,16,0.5840495066199634,246654.69,2.5366049473608623,3.5130405476564266
49,Cuba,2017,0.5819358383022425,0.8794961456175846,12,0.748058957104262,472887.54000000004,1.7184025010685555,2.409685270009813
49,Cuba,2018,0.49820762108454064,1.0146204424338352,14,0.6813666510153774,545216.0,2.0071953091024883,2.758316258858254
49,Cuba,2019,0.41381175604624887,1.196301100270524,14,0.6084296870674387,568199.74,2.416557735223542,3.307858827857249
49,Cuba,2020,0.3440044321135037,1.279625613033987,11,0.5127572844676442,1164683.6,2.9069392910323075,3.5952934425657133
49,Cuba,2021,0.3981057650975038,1.1525668334189643,17,0.5739764244654125,759618.8300000001,2.511895299368701,3.1663098777897414
49,Cuba,2022,0.3030291755511384,1.3632976828604721,28,0.3697939881103196,661720.06,3.3000122782937864,3.9090629199644793
50,Cyprus,2005,0.15928637433996368,2.155687947666259,20,0.3036460733552008,9222.25,6.278000890808825,8.633827758019766
50,Cyprus,2006,0.17321587080341333,2.070714551504331,20,0.28335518296188966,10869.75,5.773143046083364,7.930487835755227
50,Cyprus,2007,0.18466649136957491,2.0284396566975342,18,0.32087314203307055,12204.2,5.415167595287712,7.602215034205116
50,Cyprus,2008,0.2122206506940389,1.9190267851582825,16,0.38229118019601055,14881.85,4.712076778247713,6.8143234404516635
50,Cyprus,2009,0.1592616944096767,2.082663895511564,15,0.28388042571454747,10368.45,6.278973758923165,8.025820409559346
50,Cyprus,2010,0.16954873550543892,2.0482493165776514,19,0.316136904354837,13891.45,5.898009189032974,7.754313867560617
50,Cyprus,2011,0.15693146223336302,2.055643080104488,17,0.2664657664371054,12211.7,6.372208515542678,7.8118599093636325
50,Cyprus,2012,0.167460728556976,2.0512034454819554,19,0.28165003430021096,11588.85,5.971549321545947,7.777254979106494
50,Cyprus,2013,0.164810701341241,2.1112708565016924,23,0.2669581644654075,12201.35,6.067567165614429,8.258730279282574
50,Cyprus,2014,0.1698326266947094,2.1697573569302104,22,0.3372975237385961,11601.36,5.888150112625867,8.756159161619122
50,Cyprus,2015,0.1560454240039215,2.2310850039017396,25,0.29954494476170834,11635.949999999999,6.408390418259683,9.309961946502602
50,Cyprus,2016,0.13543484765158145,2.254089647465368,25,0.2320560671501915,12271.0,7.383624062343183,9.526616781662474
50,Cyprus,2017,0.1436329848339506,2.286485128431682,27,0.28824439219332515,14540.89,6.962189090173593,9.840289471154115
50,Cyprus,2018,0.14512543349844312,2.2645958329762332,30,0.29076033992789824,14673.7,6.890590959101099,9.627232804665597
50,Cyprus,2019,0.1436777915487212,2.3111178650877693,30,0.28495450428820635,16452.100000000002,6.960017892959466,10.085692799574081
50,Cyprus,2020,0.1290366448684695,2.3533126570173466,27,0.25945555863545566,16739.36,7.749736526545051,10.520362417168421
50,Cyprus,2021,0.16232428120672268,2.20938029145752,28,0.30917567165523474,14654.84,6.160507796898748,9.110069055753025
50,Cyprus,2022,0.17496562355640508,2.0832547510740125,29,0.30481845547582564,16819.29,5.715408430945991,8.030563911415774
50,Cyprus,2023,0.18550297481517763,1.97320250913309,29,0.28250445942640573,18438.47,5.3907491294753145,7.193677456037245
50,Cyprus,2024,0.18590412728137531,1.989012053212351,25,0.2913822842995752,17473.54,5.379116723355202,7.308309973176347
52,Azerbaijan,2005,0.3133089956707737,1.3759760890703194,18,0.43074773103379177,28944.9,3.191737274759911,3.9589391147946835
52,Azerbaijan,2006,0.24442643001943007,1.6419071240013556,14,0.4020168055047268,27598.1,4.091210594208276,5.165010440695231
52,Azerbaijan,2007,0.24077869867061658,1.5675656609954167,13,0.3492760313138831,26537.75,4.153191314352904,4.794961413160034
52,Azerbaijan,2008,0.26139623162484643,1.6237073734532514,14,0.4226880999329376,39962.8,3.8256098559033216,5.07185877881262
52,Azerbaijan,2009,0.25527037796515417,1.56813722692903,13,0.37126047319114674,35769.9,3.917414969850147,4.797702833133287
52,Azerbaijan,2010,0.3785676745219738,1.2465692438535503,14,0.5524223226507632,29075.4,2.6415356283727163,3.4783889592586816
52,Azerbaijan,2011,0.23940015830138586,1.5966429439140923,11,0.3324696677211706,34060.25,4.17710667818807,4.936432695451306
52,Azerbaijan,2012,0.3820835995186865,1.157778884622027,12,0.4484808496464403,23567.45,2.617228274806109,3.1828559289737695
52,Azerbaijan,2013,0.31150944440389583,1.502062330752306,16,0.4715191154495356,28407.649999999998,3.2101755435171446,4.490941332863548
52,Azerbaijan,2014,0.2837000559843627,1.52289651234661,17,0.46081885089764235,7318.0599999999995,3.524849498285327,4.585487900393524
52,Azerbaijan,2018,0.37871387627563236,1.2853630284205728,21,0.5720527398351252,20278.41,2.640515868692882,3.6159804226335615
52,Azerbaijan,2019,0.4346428481750654,1.1372632719097298,28,0.6105428962320604,90474.38,2.3007395708883727,3.118222948943256
52,Azerbaijan,2020,0.3829079949364496,1.3203060718317838,27,0.5766036283362194,109896.1,2.6115934198918143,3.744567308458624
52,Azerbaijan,2021,0.4698769014119064,1.0490075152468612,25,0.6528417996319472,92557.37,2.1282169797986596,2.8548163498634977
52,Azerbaijan,2022,0.58298992707672,0.8892567742874484,22,0.7496668327639638,100242.45,1.7152955026415104,2.4333204727169364
52,Azerbaijan,2023,0.6920741839622503,0.7278968170336598,25,0.8271809324386747,108847.48,1.4449318052507298,2.070720919704064
52,Azerbaijan,2024,0.5343573344513016,1.0657444657088302,19,0.7189004386067789,124915.99,1.8714068948390836,2.9029993632744473
53,Benin,2005,0.37371207481854446,1.506950970790701,18,0.5800640912604393,754237.0,2.6758568089766674,4.512949680086097
53,Benin,2007,0.2931131575646425,1.7775168672339285,18,0.5116394208640571,1315297.4,3.411651692160773,5.915150064291709
53,Benin,2008,0.37317606258516056,1.4331177506868635,20,0.5744555293430512,1362178.55,2.6797002816111637,4.191747664571679
53,Benin,2009,0.2562635679828142,1.8337764951059863,29,0.44585990241259277,1346505.7000000002,3.9022324081082918,6.257473410576072
53,Benin,2010,0.39678619327905323,1.4821780761691683,24,0.6064254834059065,1197102.15,2.5202489827984422,4.402524278890053
53,Benin,2012,0.20480742538683444,1.8754005376060503,19,0.3257914502811978,1099590.55,4.882635471400651,6.523431476748624
53,Benin,2013,0.36387869231974135,1.4150554302442164,25,0.5190424725175378,2130654.25,2.7481686097775047,4.116714650147476
53,Benin,2014,0.36289471511137544,1.3458414484652357,24,0.4403122945987092,1485172.02,2.7556201795143025,3.841417535941218
53,Benin,2015,0.38238455359639134,1.2324700203200787,19,0.43963389721333057,1202853.45,2.6151683968267836,3.4296904878233816
53,Benin,2016,0.3306454055181406,1.3351708169080863,27,0.39294178833502696,1731448.5,3.0243880099677836,3.8006451054196657
53,Benin,2017,0.32503727985436937,1.2805632671431384,26,0.38623442406992464,2424457.9499999997,3.0765701720370133,3.598666165212258
53,Benin,2018,0.48357606091251126,1.0223202791261548,25,0.6377136123576637,2480180.13,2.0679270146520348,2.77963682068258
53,Benin,2019,0.3172606666370192,1.3461617646094703,30,0.42324019139483265,2718382.69,3.1519822819514816,3.8426482010851606
53,Benin,2020,0.4060313303335248,1.3390224662201275,30,0.6050667271470479,1715244.92,2.4628641321313154,3.8153120854246945
53,Benin,2021,0.4556028443198354,1.1717205453666357,27,0.6468802295714147,2745373.16,2.194894111104353,3.2275409947646394
53,Benin,2022,0.45746067990081535,1.1401375276800585,28,0.6379445517905736,3090609.81,2.185980225047573,3.1271984119564897
53,Benin,2023,0.5470609040281305,1.0620784964428318,26,0.7283918464599988,2937911.14,1.8279500374396687,2.8923765401978954
53,Benin,2024,0.5419666778184324,1.0634476719559178,30,0.7238066568220483,3540567.23,1.845131888966458,2.896339423653771
54,Denmark,2005,0.3959061542111,1.3480805011793413,18,0.5830388951306443,61458.850000000006,2.525851112349198,3.8500283086907214
54,Denmark,2006,0.3629085660486158,1.4845158784873762,16,0.5646124213007772,78264.75,2.7555150072319825,4.412828550337036
54,Denmark,2007,0.23781998945901572,1.7873389616194468,16,0.4134893871925805,59680.25,4.204861005480505,5.97353549072564
54,Denmark,2008,0.2332987383720717,1.8272774939074472,19,0.4126807847449996,64742.049999999996,4.28634979759372,6.216937946071766
54,Denmark,2009,0.29926209432544815,1.6638157604569956,23,0.49782489424062604,69261.0,3.3415525018430765,5.279417451399999
54,Denmark,2010,0.27186079193945956,1.7492139345782172,25,0.45850143264418,69626.5,3.6783531485580645,5.750080959241451
54,Denmark,2011,0.23153419404061668,1.8917737809440796,24,0.41523951951372473,76697.3,4.319016481101603,6.631120410487018
54,Denmark,2012,0.21621115879954764,1.9401720069676736,27,0.38242885927547454,68339.9,4.625108183833906,6.959948027238614
54,Denmark,2013,0.19178008326294022,2.060335528998337,25,0.3077661660054646,64781.0,5.214305797484451,7.848602802407784
54,Denmark,2014,0.14423865514140474,2.2210859049641414,40,0.2289869551399397,70387.11,6.932954269572518,9.217334582735877
54,Denmark,2015,0.12215431799218449,2.3957860101185684,42,0.2110163681056958,68739.17,8.18636636376604,10.976822562766873
54,Denmark,2016,0.10268102019050174,2.486019018914888,37,0.1674203967935366,67382.65000000001,9.738898173632508,12.01335585646668
54,Denmark,2017,0.10706717107023882,2.429165370684007,38,0.15979851746464682,68150.81999999999,9.339931091893465,11.349405579253363
54,Denmark,2018,0.12384562862808439,2.333691750820485,33,0.21233104123161875,66381.58,8.07456840485713,10.315955257556132
54,Denmark,2019,0.11497755285349942,2.4017190968413162,39,0.21853048519077195,72519.31,8.697349832050842,11.042142586039837
54,Denmark,2020,0.13183475190205848,2.2715873931483217,38,0.25399393081434063,75888.27,7.585253399216856,9.694778030219755
54,Denmark,2021,0.15790791431707657,2.1572962460211973,42,0.2995393688049014,78781.03,6.332804814279391,8.647724701219738
54,Denmark,2022,0.14172438889177733,2.2155800507738763,36,0.274353214871433,74432.37,7.055948576102971,9.166724735570646
54,Denmark,2023,0.1266783709912755,2.319810662622143,32,0.25069374277886725,75871.06,7.89400741559008,10.17374785296284
54,Denmark,2024,0.1268561100045649,2.3816631241419772,34,0.2697599548589132,83648.85,7.882947064702009,10.822887710106434
55,Dominica,2005,0.6529881513314688,0.7109607887882244,6,0.7978528293446656,1117.75,1.531421355748891,2.0359464337481588
55,Dominica,2006,0.5639051435870044,0.9329932740041469,7,0.7377480860194081,1025.35,1.7733478961354978,2.5421070235970578
55,Dominica,2007,0.6159647701807444,0.7881958632540832,7,0.7715477293790547,1079.0,1.6234694716494371,2.199424781569845
55,Dominica,2008,0.7635804024978793,0.5664841785957148,7,0.8712534669410396,1117.7,1.3096197816611426,1.7620610562638297
55,Dominica,2012,0.5769200591964216,0.7819600218540449,5,0.7281941331254264,513.0500000000001,1.7333423999728428,2.185752191816952
55,Dominica,2019,0.5651476153360416,0.9726803852473992,11,0.7392409054238263,1078.39,1.7694492073639758,2.6450246513486
55,Dominica,2020,0.5678502230304563,0.9744635259100456,12,0.7428945688307685,908.46,1.7610277489428152,2.649745309906423
55,Dominica,2021,0.5556597703177876,0.9346812434950915,13,0.7285639822778213,920.8799999999999,1.7996624074981884,2.5464016462719297
55,Dominica,2022,0.6583222878671015,0.7244430316288766,10,0.801513017401972,1320.54,1.519012827653003,2.063581430243487
55,Dominica,2023,0.6776046710740194,0.6470973307852055,11,0.8112438694279104,1374.2599999999998,1.4757867569227,1.9099887095013046
56,Dominican Republic,2014,0.9640024723543378,0.1073365641094206,11,0.9817421499786929,145867.12000000002,1.0373417378876084,1.1133088912466367
56,Dominican Republic,2015,0.9514130909103835,0.14349322409904358,9,0.9752656565198451,161619.40999999997,1.0510681527864252,1.154298989364983
56,Dominican Republic,2016,0.9439659108965819,0.16425814932333085,10,0.9714050893649517,193180.88,1.0593602888161466,1.1785185095830137
56,Dominican Republic,2017,0.9531245201238949,0.1435273723804523,11,0.976181976800882,396134.89,1.0491808561068303,1.1543384073647263
56,Dominican Republic,2018,0.9477307939943675,0.1540356345941612,12,0.9733639163357835,210033.88,1.0551519548977988,1.1665324549484106
56,Dominican Republic,2019,0.9735029491101874,0.08838325464073775,12,0.9866274721183393,44989.25,1.027218254360741,1.0924067117516987
56,Dominican Republic,2020,0.9931074165096498,0.02720722720851494,10,0.99654537182566,73874.81000000001,1.0069404209210064,1.0275807233860854
56,Dominican Republic,2021,0.9850655137931337,0.0530484261972861,8,0.9924940038819642,73972.86,1.0151609065567213,1.0544807083737644
56,Dominican Republic,2022,0.9618796490182125,0.11964074066695925,8,0.9806847035408434,44184.67,1.039631102519631,1.1270918605652285
56,Dominican Republic,2023,0.9017278440028775,0.2678093972289306,10,0.9491336868965939,44917.94,1.108982057780184,1.3070979797733702
56,Dominican Republic,2024,0.20636550801662282,1.7151167111192662,15,0.31136659637121955,427770.71,4.84577102836124,5.5573240760264255
57,Belarus,2005,0.2190063577554416,1.687746102908552,12,0.3254096009180161,50195.2,4.566077488566211,5.407279508618645
57,Belarus,2006,0.22986086364278133,1.6738727019079902,15,0.34957480355116594,58825.75,4.3504578559056695,5.332780126486729
57,Belarus,2007,0.2541621707665458,1.6486714657883825,15,0.36291079887569566,62296.3,3.9344958259682343,5.20006676947387
57,Belarus,2008,0.27228007344352373,1.6776353366178118,18,0.46554636590104775,63845.95,3.672688887412908,5.352883226684454
57,Belarus,2009,0.30919617766754337,1.5226264165151222,15,0.48361114602017613,52517.4,3.234192633116017,4.584249546470934
57,Belarus,2010,0.38044153489073357,1.37731047803568,15,0.5777174907759176,58461.100000000006,2.6285247752646397,3.964225405663707
57,Belarus,2011,0.2381743398506172,1.7318761891108152,20,0.35546168062789524,52078.75,4.198605108456265,5.651246775873151
57,Belarus,2012,0.24681605178274496,1.605617749603785,13,0.3311246385068397,48444.9,4.051600342753358,4.98093562354447
57,Belarus,2013,0.2606033218292447,1.4990116407790184,13,0.3730459304587892,58208.65,3.837249628979137,4.477261739876671
57,Belarus,2014,0.17845411888293367,1.867380556020954,15,0.27388994919914683,60967.479999999996,5.60368125017054,6.471322910605977
57,Belarus,2015,0.32039018412747217,1.3829349192254297,13,0.49570035020488024,56249.93,3.1211942485795214,3.98658477886695
57,Belarus,2016,0.2441959692110387,1.5467755846020497,13,0.3715422455448734,51402.58,4.09507168865585,4.696302911519196
57,Belarus,2017,0.2650152626154132,1.5073795675578754,12,0.39763413936261527,56407.380000000005,3.7733675794031054,4.514884330292199
57,Belarus,2018,0.18548752306565286,1.8001178853302315,14,0.2689737946731275,55939.39,5.391198197444539,6.050360671139552
57,Belarus,2019,0.22837458963662272,1.608943314679521,12,0.28436488178771174,51633.380000000005,4.378770867595847,4.997527622693635
57,Belarus,2020,0.21846282659930125,1.6897166478637768,14,0.30523887581304227,56771.340000000004,4.577437798304119,5.417945301236447
57,Belarus,2021,0.3425660104236769,1.3631559332125107,16,0.5056605903288842,53333.66,2.919145418902551,3.9085088509421873
58,Ecuador,2005,0.29256115908681524,1.323484877189021,5,0.3582677165354331,165.1,3.4180887275718574,3.756489498200318
58,Ecuador,2006,0.40608810703537135,1.0862360452785793,6,0.5296843963804899,226.55,2.4625197898565823,2.963100082014239
58,Ecuador,2007,0.5276899286867976,0.799927019524178,3,0.6787825059101655,169.2,1.8950522752795134,2.225378513383183
58,Ecuador,2008,0.6531059055565376,0.6581360322020122,4,0.7912936383875705,1055.55,1.5311452422832712,1.9311893028055385
58,Ecuador,2009,0.4476641523988683,0.8938694250707135,3,0.5501330967169477,338.1,2.233817460346928,2.444570456477825
58,Ecuador,2010,0.6300838333148514,0.566923732284339,3,0.7559427137162262,338.65,1.5870903951606425,1.7628357469472924
58,Ecuador,2011,0.7465077534281686,0.48885187073572295,3,0.8562091503267973,306.0,1.339570815450644,1.6304431853833496
58,Ecuador,2012,0.9774631183883262,0.07328308943545966,6,0.9886382132519974,84784.2,1.0230565032968542,1.076035107973496
58,Ecuador,2013,0.704132080078125,0.5262538745960548,3,0.82421875,512.0,1.420188098643436,1.6925798012113074
58,Ecuador,2014,0.8338613863374366,0.34920120932411425,4,0.9102014913533238,378.18,1.19924008520444,1.4179344632762307
58,Ecuador,2015,0.7466491862837203,0.42066373656917533,2,0.8511760144740244,386.9,1.3393170693418643,1.5229720724813764
58,Ecuador,2016,0.5813850449436863,0.6296324982335397,3,0.7048852389976837,189.96,1.7200304835788498,1.876920680836949
58,Ecuador,2017,0.5715189026045341,0.6539970667360245,3,0.6958070151861309,297.64,1.749723404497709,1.9232126958106766
58,Ecuador,2018,0.6768052455498043,0.5342029756115156,4,0.7994943820224719,356.0,1.4775299195378544,1.7060879065454408
58,Ecuador,2019,0.5802706681891268,0.6990054109238234,5,0.7163553848839239,458.32,1.7233337041155965,2.011750846704951
58,Ecuador,2020,0.3907322890923778,1.083612967516009,6,0.5010708203287747,1368.11,2.5592970632728482,2.9553378250333817
58,Ecuador,2021,0.4389289863033376,1.124823623633736,7,0.6218230738464895,1100.1200000000001,2.2782728669209242,3.0796736193707486
58,Ecuador,2022,0.2474589586368083,1.524880052559477,6,0.3535302374716004,1382.06,4.041074146229172,4.594592426651451
58,Ecuador,2023,0.9682692853019252,0.09947385483506362,8,0.9839565967434879,34705.23,1.0327705475942888,1.1045895906853822
58,Ecuador,2024,0.30824211526201223,1.34035444691698,6,0.45273125332228153,1109.93,3.24420301602842,3.8203973934891864
59,Egypt,2005,0.3419208743668031,1.4652990859677586,14,0.5097758543421114,7475.05,2.924653260354114,4.328837741332713
59,Egypt,2006,0.4096337926136892,1.4271529803660676,15,0.6146416906404794,9246.2,2.4412048469425565,4.166819272485897
59,Egypt,2007,0.9501952599208717,0.15142207807948765,12,0.9746512585412057,234378.5,1.0524152689240691,1.1634876370861627
59,Egypt,2009,0.39845925871851345,1.4060709381563525,19,0.5973662730970039,28423.6,2.509666868367181,4.079893716324716
59,Egypt,2011,0.17978863885800309,1.9787861336638577,21,0.3248873686311486,181621.25,5.56208671666845,7.233956597099211
59,Egypt,2013,0.2656866966159544,1.6471490162864022,20,0.4463760280771412,33849.6,3.763831658630176,5.1921559538470845
59,Egypt,2017,0.8064680745834039,0.41664720053180304,15,0.893862477608329,109772.95999999999,1.2399746890372179,1.516867268557998
59,Egypt,2018,0.3964579393455003,1.0321303022596162,17,0.462046186425104,141478.8,2.522335664789228,2.8070393119730763
59,Egypt,2019,0.7712925027028346,0.4260039165300596,16,0.8697456273361952,977724.95,1.2965249843551019,1.5311267718255313
59,Egypt,2020,0.5023648502078012,0.8970419734220836,15,0.6651508190351174,153122.25,1.990585128689545,2.4523382898474972
59,Egypt,2021,0.8372573137657464,0.34518187836610614,16,0.9117048483079314,274465.24,1.194375950569226,1.4122467534427523
59,Egypt,2022,0.7636368046677017,0.5105932844484073,12,0.8696208306981684,424546.5,1.3095230532205062,1.6662794794518427
59,Egypt,2023,0.7045304775524855,0.6073171433844746,12,0.830512477298588,433772.5800000001,1.4193850115242215,1.8355004027633002
59,Egypt,2024,0.8852626724731548,0.2611235334921158,9,0.9394398981204568,346338.42000000004,1.1296082293928693,1.2983880499369873
60,El Salvador,2005,0.8792699194601958,0.2861812884453935,8,0.9362270195421258,60807.1,1.137307188461449,1.331333788809011
60,El Salvador,2006,0.8312046971798905,0.3162919985898573,4,0.9070767267534475,69116.7,1.2030730858389007,1.3720308282069593
60,El Salvador,2007,0.852204481620572,0.32391431962510675,7,0.9208962988414816,67374.85,1.1734272954049438,1.38252884645481
60,El Salvador,2008,0.9193547569754348,0.1745446246925674,2,0.9579054252656518,67362.6,1.0877193949481245,1.1907038759938753
60,El Salvador,2009,0.7477567592605363,0.5976531690322686,10,0.8613609260856612,70313.15,1.3373332806632325,1.8178476094048437
60,El Salvador,2010,0.7264949833040948,0.6338749583304193,8,0.8482943732025379,69594.65,1.376471996340575,1.884900356690113
60,El Salvador,2011,0.7142905766505427,0.6402251261977672,9,0.8403822329766502,69015.5,1.3999904698298111,1.896907874896591
60,El Salvador,2012,0.5751854179712822,0.9522813616715858,9,0.7484001262755607,71747.85,1.738569805067499,2.5916153321528923
60,El Salvador,2013,0.6465345447443531,0.8083124824171494,9,0.7975103734439835,70854.0,1.5467077639222062,2.2441178013259826
60,El Salvador,2014,0.6509728951819411,0.6907844398216904,7,0.7930159179680891,76836.44,1.5361622694298338,1.995280096673181
60,El Salvador,2015,0.6547360012985096,0.7993814798779626,11,0.8026540226963759,70351.32,1.5273331510971495,2.2241648122674365
60,El Salvador,2016,0.5599090796794567,0.9509661931912639,10,0.733470917996379,71475.98999999999,1.7860042572849357,2.5882091616899037
60,El Salvador,2017,0.49303434534441637,1.092555255968523,13,0.683482419015726,60637.39000000001,2.0282562653955383,2.981883822427837
60,El Salvador,2018,0.5401583893691515,1.0071614058476968,12,0.7200035769058286,74365.95,1.8513088377057245,2.737818419072564
60,El Salvador,2019,0.526468264121931,1.034735794534556,12,0.7118947515498352,64842.37999999999,1.8994497259352334,2.8143625674157353
60,El Salvador,2020,0.2648110918049999,1.6766375102282174,13,0.45075486342739457,91166.15999999999,3.776276866591277,5.347544642473506
60,El Salvador,2021,0.5913626748358931,0.8981721547553686,13,0.7584220734949595,69260.26,1.6910096672528518,2.4551114435937005
60,El Salvador,2022,0.24636118923064498,1.7243069252236345,17,0.34220555813140424,83834.29,4.059080909305862,5.608632480618952
60,El Salvador,2023,0.3390028870388358,1.3413755524610294,14,0.4623002878116171,86435.01,2.949827385645365,3.8243004148073774
60,El Salvador,2024,0.32005075616576484,1.4422887249794192,15,0.45957614825369303,101357.61,3.124504412925264,4.230366891937205
63,Estonia,2005,0.2941476443665201,1.5314601333446163,12,0.48232138502804195,5741.4,3.399653266486672,4.6249249016182645
63,Estonia,2006,0.1961042762782415,1.8595153606874724,12,0.2874734295975958,6139.35,5.09932786259671,6.420624330322949
63,Estonia,2007,0.159426488898091,2.1237390459650047,13,0.2853220289994701,6227.7,6.27248336779983,8.362346302932817
63,Estonia,2008,0.14644992699982673,2.1627102142172974,13,0.2557124297298795,8120.45,6.828272437453541,8.694670173699876
63,Estonia,2009,0.15994429909291397,2.056435821988357,12,0.2345309381237525,5711.4,6.252176574415357,7.818055153194891
63,Estonia,2010,0.14142107358664294,2.0722332338474754,13,0.19889683151671772,7197.45,7.07108194442705,7.94254087765828
63,Estonia,2011,0.12197018329550727,2.2473519548793384,15,0.17761376418146724,7201.3,8.198725073465022,9.462645119108263
63,Estonia,2012,0.15074582381480522,2.0962091899708852,15,0.22958573592325884,7526.6,6.633682941880522,8.135272114605554
63,Estonia,2013,0.14209474266714583,2.1710389307328013,16,0.20311489545160594,7422.4,7.037558049156544,8.767388019580181
63,Estonia,2014,0.134504928900833,2.2560913059661813,21,0.24491897968938287,5941.72,7.434671786171302,9.545704912714104
63,Estonia,2015,0.1662939135693481,2.0852091117190774,19,0.27664258321806556,6990.97,6.013449190868784,8.04627387594975
63,Estonia,2016,0.13737231226732685,2.224203695081087,22,0.2453457518318156,6508.57,7.279487281643753,9.246117143078255
63,Estonia,2017,0.1413623963097149,2.1690499369818,23,0.24460134905614597,6594.24,7.074017037805949,8.749967070419386
63,Estonia,2018,0.1411986240713238,2.2482470623581414,18,0.2846481110463678,6264.05,7.082221987481047,9.471118995472906
63,Estonia,2019,0.16284970713655142,2.1274212251271662,19,0.2983828762460525,7241.87,6.140631245725779,8.393194720080958
63,Estonia,2020,0.1783490622179664,2.102977215523631,24,0.346750229824113,7864.71,5.60698210331976,8.190518588042085
63,Estonia,2021,0.16174873884101149,2.203800798307691,22,0.30738420794996263,7619.91,6.182428420557486,9.059381026115323
63,Estonia,2022,0.15392448874262663,2.1943667529067516,21,0.2787825608330834,8102.91,6.496692034963167,8.974316297371438
63,Estonia,2023,0.16775614521266047,2.2117225112074883,21,0.34015123811513953,7656.8,5.961033491395048,9.1314318478294
63,Estonia,2024,0.16540981980889102,2.182487104479671,24,0.3308070772801785,8857.64,6.0455902869331855,8.868335329590499
64,Faroe Islands,2009,0.2840137207298927,1.461117750288467,7,0.39646017699115044,282.5,3.52095665459429,4.310775206711704
66,Fiji,2005,0.6206725825790167,0.8045926221952663,11,0.7727708855344374,32726.000000000004,1.6111554273024327,2.2357855038825996
66,Fiji,2006,0.7860834259050913,0.509855060233648,9,0.8840667231284751,27157.0,1.2721296074250728,1.66504984552017
66,Fiji,2007,0.5074131729512883,0.9324328045410721,9,0.6703079996152127,35344.2,1.9707805262201974,2.540682649434861
66,Fiji,2008,0.2883513442447679,1.4791243702417431,11,0.39241746783425074,74901.1,3.4679914623569332,4.38910077055877
66,Fiji,2009,0.5005411290977053,1.0136452385279846,14,0.6676931212553444,55595.899999999994,1.9978378236422618,2.7556276492534155
66,Fiji,2010,0.8441012738989371,0.4262298610283002,11,0.9179300481346304,98307.6,1.1846919687503379,1.53147276058139
66,Fiji,2011,0.694506458865969,0.6593909659493663,13,0.8260155987567005,59985.55,1.4398714183779642,1.9336143387456208
66,Fiji,2012,0.5411553881614924,1.081709303562607,15,0.722285695764559,61705.5,1.8478980748900506,2.9497172065275596
66,Fiji,2013,0.5424161428442866,0.9413710273907794,10,0.7143054595715272,75967.5,1.843602948017485,2.563493630092789
66,Fiji,2014,0.31815536075789397,1.2764872000218417,8,0.3888924981757409,84966.0,3.1431184991440957,3.5840276145008043
66,Fiji,2015,0.4063050428629961,1.0869625938576064,11,0.5508258652119422,48663.51,2.461204992568095,2.965253700427804
66,Fiji,2016,0.4394472875898249,0.9850837320897864,13,0.5048224165625558,43423.25,2.275585782960592,2.678036112593603
66,Fiji,2017,0.6806247700937614,0.6191344806800155,10,0.8103712367800505,74569.12,1.4692383291637212,1.8573197997943445
66,Fiji,2018,0.5654340848014326,0.8144259815655177,16,0.7148144421250209,77912.08,1.7685527400619594,2.2578792359918207
66,Fiji,2019,0.561773391272928,0.8507921574640592,13,0.7190569030304654,73162.36,1.780077190438105,2.341500954916812
66,Fiji,2020,0.3629040360254487,1.2888132382399484,14,0.5423632043186354,81759.16,2.7555494035064267,3.62847786078892
66,Fiji,2021,0.2589713174147611,1.4218089901476019,12,0.30664761562878845,97443.51,3.8614314897214213,4.144611223701214
66,Fiji,2022,0.270843272819044,1.3692854327926531,13,0.3790296949872712,75010.64,3.6921721909191394,3.932539627382229
66,Fiji,2023,0.34308454906272434,1.2679240400887206,16,0.5101298662126933,84874.26999999999,2.914733416972314,3.553468042821385
66,Fiji,2024,0.5280343635718515,1.0768389945134185,13,0.7130330295217957,95788.54999999999,1.8938161396079791,2.9353860989133147
67,Finland,2005,0.24996958008221173,1.762632272991993,16,0.4237968082564461,47710.6,4.000486777915589,5.827757470839355
67,Finland,2006,0.2969947765720053,1.6254634361365476,14,0.4918643688078868,45082.55,3.3670625845419666,5.080773105516477
67,Finland,2007,0.2733603009276882,1.6626227700630098,15,0.46531594374086316,47917.55,3.6581756626926207,5.2731229125034025
67,Finland,2008,0.2868484214697701,1.6208125586342208,14,0.4845994575896576,48321.35,3.4861617675152043,5.057197917337322
67,Finland,2009,0.2997077972883162,1.619638864955304,16,0.5053211945998992,45243.6,3.33658319552497,5.051265798035161
67,Finland,2010,0.30401718756512736,1.5782976401676307,17,0.5033451642594399,45685.35,3.2892877143196957,4.84669796038754
67,Finland,2011,0.2842586930243688,1.6158176723997637,19,0.4522912641127826,47638.55,3.517922317029272,5.032000769904233
67,Finland,2012,0.21077982459332942,1.9373820593193285,20,0.38153036130971923,46133.55,4.7442870869133795,6.940557198883272
67,Finland,2013,0.19313734757192155,1.9736178130617426,19,0.35155794821599196,47199.9,5.177662490304287,7.19666563900531
67,Finland,2014,0.19444411437463566,1.9901175433794036,21,0.34526547238809424,43206.0,5.142865872881599,7.316393705409449
67,Finland,2015,0.21291795155705498,1.896968760198175,22,0.3387021456186149,46512.46,4.69664484693313,6.665658578307803
67,Finland,2016,0.2600701629875311,1.8033072589683734,22,0.43000696376461794,49987.33,3.8451162121505815,6.069688337155991
67,Finland,2017,0.26319420228786694,1.754747063848326,22,0.4035776736968171,49798.84,3.799475791287593,5.781985083928861
67,Finland,2018,0.2518556420999172,1.7986765328570007,24,0.3979745692331261,49609.2,3.970528480768662,6.041646250606742
67,Finland,2019,0.22038908584126765,1.9355444412727167,25,0.3413768529024939,55398.22,4.537429774177824,6.927814817122152
67,Finland,2020,0.2336218456381997,1.8257552559512171,23,0.3298089756532456,57204.75,4.2804216243914865,6.2074814864756425
67,Finland,2021,0.21218485105905516,1.9343751174760064,27,0.35988062292402734,57099.74,4.712871795553777,6.919718692815193
67,Finland,2022,0.17931842107123785,2.078894294069108,26,0.32304603437237284,70645.69,5.576671900332704,7.995623216815479
67,Finland,2023,0.17841757930841726,2.047214242719765,23,0.3302267846820659,67365.22,5.604828873232127,7.746291732457852
67,Finland,2024,0.14820582038942648,2.181020239421284,28,0.25353029881892797,66306.70999999999,6.747373331036488,8.855336214674033
68,France,2005,0.25165249121994393,1.7937932709556998,33,0.4232477955336401,697753.9,3.973733759408729,6.0122152278310645
68,France,2006,0.23179023520108008,1.8825271971900317,36,0.3962494185623049,691282.15,4.314245589908009,6.57008780662313
68,France,2007,0.21698069751027677,1.875917611195361,37,0.33516069947928867,761131.9,4.608704882389999,6.526805443096201
68,France,2008,0.20824530367384358,1.9081211871016865,37,0.31382537996993726,759444.9500000001,4.80202906071876,6.740412919724205
68,France,2009,0.2091312631582328,1.9522789802260698,38,0.3255640015328376,754678.7999999999,4.7816858412191605,7.044724087100495
68,France,2010,0.18403015644037937,2.0576311868255663,40,0.3180586252350523,715691.8,5.433892028038199,7.827406169244803
68,France,2011,0.1723168724489857,2.121199890466065,45,0.3063381274896652,781719.05,5.8032622446536655,8.341139939854067
68,France,2012,0.16398697704254642,2.187715253732315,37,0.32034272577300466,754685.0,6.098045210873971,8.914821723331995
68,France,2013,0.15559404344857639,2.233212038826363,43,0.30495888743746896,802011.5499999999,6.426981250927505,9.329785636075767
68,France,2014,0.1400328080605724,2.305149651729131,50,0.2638273380417533,839599.4199999999,7.141183654386488,10.02567850028809
68,France,2015,0.1319866346070356,2.325189292792657,49,0.24348126407305765,890411.51,7.576524721440959,10.228616105855592
68,France,2016,0.1328200837147358,2.337175484513923,55,0.24665366024618818,906101.21,7.528981852983536,10.35195597050531
68,France,2017,0.1415222123622736,2.2742411856804168,52,0.2625817407029617,904852.14,7.066028599384556,9.720540128269002
68,France,2018,0.14564673947533707,2.274656049622467,63,0.2797035626600837,905209.85,6.865927816869075,9.724573666492404
68,France,2019,0.13813473103412477,2.3336411947626856,57,0.27047568886083134,948478.59,7.239308988504566,10.315433736709007
68,France,2020,0.14023461726849237,2.3024785014644293,55,0.27078333116756464,1011727.01,7.130906900721994,9.998934141510588
68,France,2021,0.15303466752122852,2.182818906147585,65,0.2835264501365309,922461.59,6.5344670994974585,8.871278346266397
68,France,2022,0.15686637155576344,2.1193543042798044,67,0.245935345381299,1049031.32,6.374852621898737,8.325759844215057
68,France,2023,0.14173749257016913,2.2240357479491433,67,0.24567941206525434,959716.03,7.055296251307226,9.244564414614254
68,France,2024,0.15212060360394342,2.1561241618244718,67,0.2468155948397549,995508.53,6.573731475609771,8.637594777481262
70,French Polynesia,2005,0.7649324512572593,0.5105984520040773,13,0.8702659744349621,26927.4,1.3073049762189834,1.6662880900660624
70,French Polynesia,2006,0.6233364493762804,0.6702675212089024,12,0.7598056609438545,16486.65,1.6042700551212987,1.9547601905027092
70,French Polynesia,2007,0.5086037776815507,0.7284169824209531,10,0.5861924453802303,19805.100000000002,1.966167071268048,2.0717983172413987
70,French Polynesia,2008,0.6696856618964532,0.5469171387257477,9,0.7935272393900868,23124.6,1.4932378829317388,1.7279178672501994
70,French Polynesia,2009,0.9788862247698462,0.0764116009985702,10,0.9893722761679027,17002.7,1.0215691820927586,1.079406767639196
70,French Polynesia,2010,0.7916316423903491,0.4493274071604956,11,0.8857021142165145,20891.9,1.2632137808191675,1.5672577046020002
70,French Polynesia,2011,0.6854543195097851,0.5607191371842967,9,0.8088019316456326,20086.5,1.4588864225338427,1.7519319267845221
70,French Polynesia,2012,0.6066350306893958,0.6356424981324459,10,0.7365890292891668,19840.100000000002,1.648437609782564,1.8882349392289397
70,French Polynesia,2013,0.5616963404078991,0.7262639435687802,12,0.6917190731636718,21419.1,1.7803213730639735,2.0673424535156637
70,French Polynesia,2014,0.5388409266657793,0.6953437237047597,14,0.648687487625181,19192.2,1.8558352762618913,2.004397914625985
70,French Polynesia,2015,0.5058790253151559,0.7713109975606104,15,0.601544715076255,21919.899999999998,1.9767571888892077,2.1625995588973574
70,French Polynesia,2016,0.4129579102596381,1.0359048968041864,17,0.5510858791561825,22084.87,2.4215542919889157,2.817654769166151
70,French Polynesia,2017,0.35762036999032887,1.1807143346438902,18,0.4926680456673722,19956.48,2.7962612980548145,3.2566997456359634
70,French Polynesia,2018,0.37521609722696375,1.1789931355343728,17,0.5313329290151036,19225.780000000002,2.6651308602975843,3.2510991381967402
70,French Polynesia,2019,0.4553603406492653,0.9925783028861,18,0.6058313865397964,21680.95,2.196063009295391,2.698182242835982
70,French Polynesia,2020,0.4381908107242364,0.9988897568579511,22,0.555947650507729,20417.39,2.2821108419576674,2.7152655494122375
70,French Polynesia,2021,0.43839825621119316,1.015858263889699,21,0.5216283184427731,20041.78,2.2810309708856638,2.761732675926481
70,French Polynesia,2022,0.4939651332967389,0.8215820886941597,22,0.5862159239609399,24293.829999999998,2.0244343833054943,2.2740948126903806
72,Djibouti,2021,0.7018399361462294,0.7001420583119318,16,0.8327753044107364,1062934.75,1.4248263008385553,2.014038798101043
72,Djibouti,2022,0.6771945260782638,0.727002293889229,15,0.8158722433084299,885568.3300000001,1.4766805718161244,2.068869440134853
72,Djibouti,2023,0.49880978569426204,1.1116272293364517,23,0.6817155609798915,835657.85,2.0047722171451845,3.0393000109136628
73,Georgia,2005,0.3014330120205025,1.3217033974913752,16,0.3413400374062942,9864.65,3.3174866724019707,3.749803345815522
73,Georgia,2006,0.23225792717887744,1.7694624731277633,16,0.37670139894443816,16919.9,4.30555810148875,5.867698467933864
73,Georgia,2007,0.2193957852987386,1.6904607366003506,15,0.31836657066782587,18403.0,4.557972700516364,5.42197823355415
73,Georgia,2008,0.30063353707641355,1.4465095709149922,19,0.4080401242425786,13747.3,3.3263088666845073,4.248260355049411
73,Georgia,2009,0.6772353169361116,0.7831801675901989,17,0.8172132990283016,16013.2,1.4765916292199763,2.188420755721452
73,Georgia,2010,0.48265585351707146,1.0488823041660584,16,0.6533123487927701,17504.95,2.071869620378757,2.854458917600545
73,Georgia,2011,0.28304420380986,1.5701146637029744,16,0.4314672496162626,19121.15,3.5330170571935393,4.807199373455519
73,Georgia,2012,0.4041210990855599,1.308022332243807,15,0.6012685379083742,15734.65,2.474505791117532,3.6988513749224623
73,Georgia,2013,0.3513953769267985,1.4422292456623476,17,0.5505064615880022,21117.1,2.8457972576239006,4.230115280086435
73,Georgia,2014,0.2740517511075482,1.6232577401047057,22,0.4498253211639881,18851.739999999998,3.648945850404592,5.06957881457894
73,Georgia,2015,0.40904076030772674,1.3230576158159657,22,0.6098047961480392,23294.11,2.4447441356398976,3.754884838168484
73,Georgia,2016,0.3526610295207868,1.339873905757247,19,0.48238949885286514,19431.02,2.8355840773188046,3.818561976327144
73,Georgia,2017,0.2441401414859115,1.7030369119814055,18,0.4059648141192788,19409.489999999998,4.096008112036367,5.49059655637448
73,Georgia,2018,0.2810515242115379,1.5070994577033594,21,0.41941557679995145,21913.23,3.558066453492471,4.513619843805115
73,Georgia,2019,0.33330066377075873,1.4696730400433768,17,0.516474822936044,22158.66,3.0002940548831045,4.347813347777077
73,Georgia,2020,0.3580475698687677,1.3420132943428833,21,0.49231710841283377,22596.309999999998,2.7929249746521725,3.8267401092156548
73,Georgia,2021,0.3655834851313421,1.3624106274276928,21,0.542565761800841,18686.38,2.7353533205711766,3.905596901966571
73,Georgia,2022,0.33350543622434187,1.4778019157603943,20,0.48811903361776876,21477.63,2.9984518732921694,4.383300220902471
73,Georgia,2023,0.40301084810737603,1.3309392175505013,24,0.599019208810083,23242.46,2.48132278497269,3.78459627808498
73,Georgia,2024,0.2910836892176229,1.5782524405060319,23,0.39944488133489237,21782.73,3.4354381129626606,4.846478896230709
74,Gabon,2005,0.5157047985320059,0.726988765598356,6,0.6122502172024327,115100.0,1.9390938437000749,2.0688414520566045
74,Gabon,2006,0.5370571316005962,0.7026911603785572,6,0.6510637116256559,75626.70000000001,1.8619992942272101,2.0191793376599843
74,Gabon,2020,0.33418360851515727,1.1545809723378582,17,0.39244876813255064,300786.42000000004,2.99236699383071,3.172693692530605
74,Gabon,2021,0.3751542886684731,1.0914319418662204,17,0.5134867089379382,155893.11000000002,2.665569954029522,2.978536110896484
74,Gabon,2022,0.3372762781421703,1.1398709429203646,16,0.40684284815786415,143684.03,2.964928353420916,3.1263648596304328
74,Gabon,2023,0.3839808280107233,1.0758543089989054,16,0.5123773088428738,203501.83,2.604296691531884,2.932497089358575
75,Gambia,2007,0.3223414298965126,1.4890458431887217,22,0.500900802173087,98551.05,3.1023005647181283,4.432863853249314
75,Gambia,2008,0.13430583731042545,2.156992980066527,25,0.19839409141747674,118512.35,7.4456927563667055,8.645102538358953
75,Gambia,2009,0.16695256688103596,2.0566009240220957,20,0.2531656509973883,127272.4,5.9897252176575515,7.819346036561368
75,Gambia,2010,0.35188828204921363,1.3259558039932478,21,0.5156642521829565,123221.65,2.841811026432941,3.765782985826625
75,Gambia,2011,0.20093103298077986,1.9362233707681276,25,0.3105965069456955,61613.7,4.976832026218943,6.932519911973344
75,Gambia,2012,0.14909161698567927,2.1789691250726912,31,0.24444888861837394,103506.3,6.7072852264795895,8.837191522283293
75,Gambia,2013,0.33927931907001824,1.4249799770324811,23,0.41380728613581996,69779.1,2.9474239772145574,4.157774590936951
75,Gambia,2014,0.19905726298846244,1.781636276383526,25,0.28217326643054697,141634.36,5.023680045565386,5.939567245238093
75,Gambia,2015,0.25341051773807977,1.670830720859723,33,0.3925490638366702,124574.95,3.9461661217770794,5.316582559244218
75,Gambia,2016,0.2655863901824153,1.6311894747651623,32,0.41438921334530077,131200.63999999998,3.7652531792504886,5.109949260760104
75,Gambia,2017,0.20163387080024026,1.9442863246443627,31,0.3638954105777455,164557.75,4.959484217761734,6.988642452950057
75,Gambia,2018,0.24208624104023993,1.6692608002400362,36,0.34683174112853105,205449.91,4.130759334785072,5.30824249499056
75,Gambia,2019,0.34473704648704084,1.530688203063395,39,0.5461909269388369,147870.49,2.9007616390238797,4.621356159625547
75,Gambia,2020,0.21531906398035836,1.866862843191712,47,0.36692856692060677,266829.32,4.644270607135934,6.4679734908066004
75,Gambia,2021,0.3503528769565962,1.4052511346226781,40,0.435210828745417,191886.31,2.8542651303071387,4.076550375667549
75,Gambia,2022,0.3367407473377852,1.4621598903999646,36,0.44598653690100515,220622.31,2.9696435845849636,4.315269980151317
75,Gambia,2023,0.3069301892532712,1.5020851518359077,32,0.399511069249373,254584.11000000002,3.258069864137166,4.49104382218061
75,Gambia,2024,0.29655524832442987,1.5544738591583223,26,0.45315175719548234,244741.41,3.3720529501673338,4.732595858027966
79,Germany,2005,0.17236449073213625,2.081094451503907,35,0.32989869767956853,289909.45,5.801659006169978,8.013234213059848
79,Germany,2006,0.15497673325790687,2.174802740626631,38,0.29951863304536325,313690.0,6.4525814874148555,8.800448979906923
79,Germany,2007,0.16526864667064503,2.117322150848083,35,0.30515963684646663,330174.39999999997,6.050754454308844,8.308857802363747
79,Germany,2008,0.14825224524604727,2.296209489307913,45,0.2922828725016964,352881.95,6.745260406278145,9.93644677350874
79,Germany,2009,0.15309380370700953,2.2417214557283454,43,0.2910501824236972,350475.3,6.531943003479077,9.409515417530837
79,Germany,2010,0.15552120337950912,2.26246208797611,41,0.31096972125090505,330221.7,6.42999139840604,9.606712644983148
79,Germany,2011,0.13811757861347157,2.3612059874794737,43,0.28564918616503865,386331.39999999997,7.240208017247003,10.603731712148758
79,Germany,2012,0.1890937916171903,2.155000915654923,46,0.3768343802775505,596601.35,5.2883809216986,8.627898079142485
79,Germany,2013,0.1707513949729083,2.1274866961751036,43,0.31044357661636934,631922.4,5.856467527885565,8.393744249323754
79,Germany,2014,0.1799763229565223,2.1060031957980265,55,0.3241406871971508,663791.46,5.556286424640282,8.215340472052018
79,Germany,2015,0.15643793296204508,2.1855982841095636,59,0.27763177429020325,736424.57,6.392311513363064,8.89596927861854
79,Germany,2016,0.149487132099844,2.2188427712966603,50,0.23828494289556815,772757.01,6.689538998795493,9.196682041074359
79,Germany,2017,0.1484216634818469,2.236418549124526,57,0.26041638808242235,737359.24,6.7375609229868765,9.359749704170477
79,Germany,2018,0.15262170596897515,2.245139878429553,52,0.2667853891664666,432083.22000000003,6.552147963824225,9.441736159322494
79,Germany,2019,0.1682169017658176,2.2030345792316366,57,0.270148661727378,402427.72000000003,5.944705850022999,9.052442214220367
79,Germany,2020,0.17620265757901685,2.1589051349546837,57,0.28256086185093426,460816.58,5.67528330014862,8.661649128215975
79,Germany,2021,0.20335723931753447,2.0213710162341445,58,0.307613171016738,394925.32,4.917454639706918,7.548667187603239
79,Germany,2022,0.20675057392794516,1.9883103542975604,59,0.302598405721585,411869.08999999997,4.836745944649764,7.303183538816277
79,Germany,2023,0.20496835863331245,1.9826539751851544,54,0.32029028738409415,394173.52,4.878801814425396,7.261990575331757
79,Germany,2024,0.21618773542635636,1.9550060380464125,64,0.33369356329259664,395978.54000000004,4.625609302155102,7.063961676100898
80,Bosnia and Herzegovina,2005,0.3310812554336351,1.4121804301953467,20,0.4665869184733515,14169.599999999999,3.0204065726712486,4.104896092644465
80,Bosnia and Herzegovina,2006,0.39687701326282254,1.3694471623610616,21,0.5886458767066249,13689.3,2.5196722576063464,3.933175686752332
80,Bosnia and Herzegovina,2007,0.3210688051061276,1.5704340112023008,21,0.5150641527828554,14360.25,3.1145971956679355,4.808734785706178
80,Bosnia and Herzegovina,2008,0.2348656569894643,1.7760325993045636,19,0.40175322658980706,12559.7,4.257753188857485,5.9063769092208975
80,Bosnia and Herzegovina,2009,0.22442705396998558,1.7899828091861494,24,0.35632445966224224,12061.9,4.4557907895263735,5.989349503705705
80,Bosnia and Herzegovina,2010,0.43157231616930497,1.2317764053481568,17,0.6130309245066351,13628.35,2.3171087730467446,3.427312427976267
80,Bosnia and Herzegovina,2011,0.4116736553257055,1.3502406437475825,23,0.5998790373923009,14136.6,2.429108559810139,3.858353907732286
80,Bosnia and Herzegovina,2012,0.37355087308903423,1.497769507185776,24,0.56561552803617,14829.949999999999,2.677011545256526,4.471703835208485
80,Bosnia and Herzegovina,2013,0.48846793035238517,1.1250693557728293,19,0.6645144097978702,13884.65,2.047217305092252,3.0804304871465065
80,Bosnia and Herzegovina,2014,0.48007579860714056,1.1891467798096604,35,0.6724702577742072,14140.670000000002,2.0830043982665494,3.2842777994618833
80,Bosnia and Herzegovina,2015,0.444502779237711,1.218577443374569,25,0.6382749322344167,14181.240000000002,2.249704718865707,3.3823726929153257
80,Bosnia and Herzegovina,2016,0.3760243390182094,1.3996322406270485,23,0.5769086427837601,14415.61,2.6594023211661675,4.053708903240788
80,Bosnia and Herzegovina,2017,0.5127933436075531,1.177952148863718,25,0.7042740395770242,13188.460000000001,1.950103316405979,3.247716548249886
80,Bosnia and Herzegovina,2018,0.4311739273990505,1.3446775956597845,24,0.6364501665706485,13973.05,2.319249695899405,3.8369492920585655
80,Bosnia and Herzegovina,2019,0.28035384308183015,1.6059414504196485,22,0.4437760689249057,13891.060000000001,3.566920963191927,4.982548217454477
80,Bosnia and Herzegovina,2020,0.26086757052814014,1.7012364795420978,21,0.443034934170032,15986.64,3.83336264440784,5.480720001925691
80,Bosnia and Herzegovina,2021,0.3292296732452367,1.3441933887166884,24,0.4826021081747895,13853.69,3.0373932888337185,3.8350918642970426
80,Bosnia and Herzegovina,2022,0.31388235093124267,1.4323676310186149,20,0.4860689335067081,14650.349999999999,3.185907066877597,4.188604531214605
80,Bosnia and Herzegovina,2023,0.27843756730954866,1.6503146053204258,23,0.45333843837458554,13920.88,3.591469389934245,5.208618228448194
80,Bosnia and Herzegovina,2024,0.31387298177757356,1.606828594840029,29,0.5160485278313169,13603.740000000002,3.1860021666619622,4.986970418580363
81,Ghana,2005,0.3224788708124117,1.3345694414835152,27,0.444834217068766,532333.15,3.100978360165827,3.7983601779742187
81,Ghana,2007,0.32984392903935134,1.4140519962395222,29,0.48707644337469913,511856.0,3.031736866925015,4.1125858705052725
81,Ghana,2008,0.4327891933421647,1.2492847058075085,31,0.6234775923678965,511266.64999999997,2.310593737975792,3.4878472281113315
81,Ghana,2009,0.27405798096968736,1.7331641481781082,39,0.43205171887042243,477226.2,3.648862902885527,5.658530039665654
81,Ghana,2010,0.3017003163476183,1.4176631950800511,26,0.4216250919797209,397030.45,3.3145474028863884,4.1274640837570455
81,Ghana,2011,0.36693877938011554,1.2630613658808232,32,0.5295442315744714,732103.15,2.725250249344973,3.5362306293496557
81,Ghana,2012,0.3407882293773544,1.3438333134950085,30,0.4778272991534946,535212.2000000001,2.9343736484886076,3.8337111913318225
81,Ghana,2013,0.2872573138950493,1.3899514688701653,36,0.40648620170810273,823779.5,3.4811994390693015,4.014655212512966
81,Ghana,2016,0.49262916914847976,1.0236578109674044,58,0.6704976393172029,774422.13,2.02992445966714,2.7833571609194787
81,Ghana,2017,0.4221102643329425,1.0792176290997388,60,0.5628310106117695,1001034.75,2.369049237834318,2.9423766204645894
81,Ghana,2018,0.4125357816158637,1.2026555201489455,60,0.5788232588943008,1169001.4,2.4240321556668234,3.3289452768698986
81,Ghana,2019,0.4972795215934194,1.086796562348124,68,0.6815631291957737,1530614.6199999999,2.010941445559083,2.9647614157484385
81,Ghana,2021,0.4433315830110613,1.2629941020791657,54,0.6444383478010981,1241630.41,2.255648003257755,3.5359927770335036
81,Ghana,2022,0.4695350109229108,1.1903764927109568,63,0.6635296097371146,1157855.94,2.1297666345144646,3.2883190024938185
81,Ghana,2023,0.6914568400685035,0.7220606898712575,62,0.8260814838893132,1069749.87,1.4462218638272908,2.058671125366537
83,Kiribati,2005,0.7546362122423005,0.4792725833107937,5,0.8611966564012319,18184.0,1.3251418150589858,1.614899270158883
83,Kiribati,2009,0.2499754547312078,1.5128719959461936,7,0.3541486336094967,16174.0,4.000392762862555,4.539750233744581
83,Kiribati,2011,0.31224291434986345,1.391727294094035,7,0.4780469341408024,21136.0,3.202634724577017,4.021790872471733
83,Kiribati,2012,0.7018682208853347,0.6930547939920743,6,0.8334042100786732,18812.0,1.4247688814555568,1.999815235399273
83,Kiribati,2014,0.7803714778769965,0.4948672388542286,11,0.8801495547313254,18436.06,1.281440991052753,1.64028045908787
83,Kiribati,2015,0.6725493676402847,0.7160269365152026,11,0.8096045585182322,20852.390000000003,1.4868796970378735,2.0462870104737445
83,Kiribati,2016,0.45594935165270334,0.9064670691581118,10,0.5103060530734561,29902.33,2.193226059813986,2.4755610796036436
83,Kiribati,2017,0.6242539334565557,0.8442483200341679,9,0.7808209358656921,26785.04,1.6019122129722134,2.326228577801601
83,Kiribati,2018,0.3349079558870219,1.345313043265377,10,0.48443428180692444,28312.86,2.985895027042418,3.8393882471309952
83,Kiribati,2020,0.31240307401296863,1.3185173574758355,10,0.40555989765444383,24309.800000000003,3.2009928300465043,3.737875333956847
83,Kiribati,2021,0.3589939814333755,1.2864239977656804,8,0.5441001795738211,15297.329999999998,2.785562019750982,3.6198189029093695
84,Greece,2005,0.31371029188234545,1.5714961683190665,18,0.5151785335951072,28319.6,3.1876544247233114,4.813845131095869
84,Greece,2006,0.42657012258048255,1.3956889967262596,21,0.6336149956397985,34746.1,2.3442804525329275,4.0377556148577645
84,Greece,2007,0.2331124679988232,1.9754314828685768,23,0.4411691528222295,35369.2,4.289774839521017,7.209729857693031
84,Greece,2008,0.24298782480966558,1.9324387444131539,27,0.4511950465303014,40973.3,4.115432535697245,6.906332500449737
84,Greece,2009,0.26891222940156756,1.8002465846744136,27,0.47484601973142626,35532.15,3.71868546932723,6.051139398699781
84,Greece,2010,0.35670955684126077,1.6111124466014934,24,0.5724086783637597,41394.9,2.803401200840295,5.0083796849132165
84,Greece,2011,0.2655469979009977,1.8675111643734637,23,0.47265627470199517,31627.0,3.765811731649943,6.472168174627958
84,Greece,2012,0.25064938526866637,1.8232620106955775,20,0.4502115012820337,29172.4,3.989636754656784,6.192023990381748
84,Greece,2013,0.26235480912717873,1.808251578326604,22,0.46601066102248645,35812.7,3.81163205403733,6.0997731278178025
84,Greece,2014,0.2893332936422178,1.826587584644022,25,0.5059940111927965,35549.65,3.456221672285577,6.212650302205311
84,Greece,2015,0.21055351012833692,1.965533916638432,28,0.3412603489305512,52632.25,4.7493865069762,7.138723055849081
84,Greece,2016,0.1721302406360603,2.1453212679352998,27,0.29730254716532817,33668.799999999996,5.809554418240357,8.544785962118075
84,Greece,2017,0.1496440189279479,2.2142307979505818,26,0.2747582679346045,40188.090000000004,6.682525684380944,9.15436484652349
84,Greece,2018,0.14898070243173042,2.142653724054929,30,0.2044567563937837,49888.3,6.712278729241758,8.522022745054127
84,Greece,2019,0.13448829261975714,2.2820534035587863,34,0.23867594388153132,51144.66,7.435591459453876,9.796776505511243
84,Greece,2020,0.1521691957859585,2.229503378416506,33,0.26816645567373576,56060.33,6.5716322862519565,9.295248711902008
84,Greece,2021,0.1437314267687648,2.3887359705072915,30,0.2922326297618272,31762.23,6.957420673272802,10.899707679786754
84,Greece,2022,0.13196934601138657,2.316107899395344,32,0.20756456725706687,54985.3,7.577517281276199,10.136146530891416
84,Greece,2023,0.1813927819324418,2.0689670913189184,30,0.3079127071668053,51277.52,5.512898525214975,7.916641725298114
84,Greece,2024,0.14700498817380736,2.2296360398092205,29,0.2566117813846207,44720.55,6.802490258478013,9.296481914339127
86,Grenada,2005,0.6934828352278988,0.6802389678992915,8,0.8262515307826475,2694.7,1.4419967578164652,1.9743494820098588
86,Grenada,2006,0.7001890008994529,0.6622884142532892,9,0.8297091870456047,1513.0,1.4281858165658332,1.9392250107226334
86,Grenada,2009,0.7558628093850549,0.5984411865669734,8,0.8669358762284713,2055.4,1.3229914047677078,1.819280669760663
86,Grenada,2016,0.4963351628231984,0.9317059161156208,12,0.6459021905675301,2617.1299999999997,2.014767590335352,2.5388365276677995
86,Grenada,2017,0.7827938643311422,0.47983927333519694,11,0.881141230575984,1974.3600000000001,1.2774755214189748,1.615814676817111
86,Grenada,2018,0.6572583545365622,0.6209047546159843,9,0.7888019513703395,2328.6200000000003,1.5214717212763427,1.8606106766440043
86,Grenada,2019,0.6393959670944158,0.7247875081981336,10,0.7828352789694332,1638.71,1.5639760828399718,2.0642924081455436
86,Grenada,2020,0.7149833226809827,0.5311902408099555,8,0.8324673435243014,1924.5800000000002,1.3986340216304436,1.700955651079137
86,Grenada,2021,0.7266964170842093,0.5271068950173485,10,0.8412070518724302,1986.99,1.3760904505520912,1.6940242223191755
86,Grenada,2022,0.8728305185935313,0.28284851136707023,9,0.9323612720793679,2079.43,1.1456977943569022,1.3269041356974098
86,Grenada,2023,0.7998011488641225,0.40704655593588557,9,0.8889256047095666,1967.06,1.2503107821490378,1.5023740484636878
86,Grenada,2024,0.6714665981986108,0.6857786725142945,11,0.807715265342384,2161.17,1.4892773559887689,1.9853171457073213
89,Guatemala,2005,0.9354656349581171,0.1957730504178153,9,0.967050869895569,64358.3,1.0689863557037798,1.2162508463883503
89,Guatemala,2006,0.8498721176136673,0.40134611203341414,11,0.9210019694186895,74565.15,1.1766476147115787,1.4938342130314939
89,Guatemala,2007,0.8722201526710822,0.29493967770938523,6,0.932292596020877,71734.4,1.1464995356248138,1.3430453406713565
89,Guatemala,2008,0.8680976424725507,0.33924330660684565,7,0.9307577740668864,72010.25,1.1519441489919955,1.4038848781285331
89,Guatemala,2009,0.8836386063806483,0.31699202872106536,10,0.9394556638766207,64043.149999999994,1.13168437048712,1.372991627382601
89,Guatemala,2010,0.8372640046709093,0.3666300482728709,9,0.9126110455857767,50362.2,1.19436640584239,1.4428640303246958
89,Guatemala,2011,0.9665198274501321,0.10645934138821374,5,0.9830706825401015,56824.5,1.034639923154184,1.1123326996228498
89,Guatemala,2012,0.8454182050217639,0.3607256117146651,8,0.917634780715131,80822.95,1.182846541581461,1.4343698325986283
89,Guatemala,2013,0.6332268668170392,0.6641555141314689,10,0.7695950062962913,73853.0,1.5792128420364924,1.9428491197378448
89,Guatemala,2014,0.9475100730801291,0.15827411043371728,8,0.9732800734399055,68496.82,1.0553977508114913,1.171487267583958
89,Guatemala,2015,0.8246648697874025,0.47036212836981095,12,0.9071045351950359,71725.03,1.2126137982060503,1.6005737014281058
89,Guatemala,2016,0.7567847114456218,0.5982455171113563,7,0.8674164238911797,83983.63,1.3213797594956493,1.8189247269271018
89,Guatemala,2017,0.7387628701601381,0.6858113850792729,12,0.8574108920105095,99235.49,1.3536143198198831,1.9853820915857203
89,Guatemala,2018,0.6253179123586429,0.9327175461542588,17,0.7854816476079955,95866.25,1.5991865581270335,2.541406190517295
89,Guatemala,2019,0.5913536118931152,0.9926308142418129,13,0.7616867020044727,97974.39,1.6910355832590163,2.69832393176362
89,Guatemala,2020,0.25361540415227846,1.6219984154188942,20,0.38601771156119735,153155.33000000002,3.942978161529847,5.06319858706328
89,Guatemala,2021,0.6202305829299881,0.9850336766925294,17,0.7828965917739527,91541.17,1.6123035972782407,2.6779020657870296
89,Guatemala,2022,0.4046919231985598,1.2197764041138972,19,0.5585400461872537,121851.8,2.471015463062147,3.386430457043758
89,Guatemala,2023,0.3387561974553082,1.4725827414061794,18,0.5340400057611463,104076.51,2.951975513693529,4.360482609145304
89,Guatemala,2024,0.49348314364727985,1.1187390247372802,19,0.6795575696996456,139451.56999999998,2.0264116674971095,3.060991933583857
90,Guinea,2008,0.18285134784981555,1.8935362351572511,14,0.27455609614347015,193400.55,5.46892331808977,6.642817761587491
90,Guinea,2014,0.38704379675574746,1.275722451338907,20,0.5753067582004618,679408.08,2.583686932543895,3.5812877818782383
90,Guinea,2015,0.40804085371986915,1.316901774290771,25,0.6009053928060148,592832.19,2.450734995977943,3.7318413609245673
90,Guinea,2016,0.41595069900796927,1.0708796458109457,19,0.5753014525349093,695268.66,2.404131072227963,2.9179451295987078
91,Guyana,2005,0.3481754777406481,1.1472975623952915,4,0.46227929373996796,31.15,2.8721149648134854,3.1496696124344634
91,Guyana,2006,0.8172830615932205,0.3902817431389567,3,0.9013254786450663,33.95,1.2235662856521081,1.4773969817139698
91,Guyana,2007,0.6056483392756614,0.6971993832473182,3,0.7534246575342466,14.6,1.6511231603408212,2.0081208479233768
91,Guyana,2010,0.43801652892561993,0.9164648855394713,3,0.5454545454545455,9.9,2.283018867924528,2.5004354220773655
91,Guyana,2011,0.7306720686661454,0.5916623374304147,6,0.8486352357320099,100.75,1.3686030202653257,1.8069897467864136
91,Guyana,2012,0.49830717143736536,0.7535579959965801,3,0.5789473684210527,51.3,2.0067943174799256,2.1245457100097047
91,Guyana,2013,0.43375,0.9522402870850517,4,0.5,36.0,2.3054755043227666,2.591508884810824
91,Guyana,2014,0.44181064963055455,0.9915474731100823,7,0.5269792127377267,45.22,2.2634130726278503,2.6954023093042396
91,Guyana,2015,0.39342289523660895,1.0045629246128647,4,0.4462558717877867,36.19,2.5417941154608927,2.7307134843038336
91,Guyana,2016,0.3959104316740361,1.0854760734958235,9,0.4529819253125249,125.59,2.525823822756273,2.9608490650254646
91,Guyana,2017,0.39284794984068305,1.1204576657442216,6,0.5441779741243294,63.38,2.5455141115170474,3.0662572031008692
91,Guyana,2018,0.6337772334694803,0.7266911591508207,8,0.7774858249204812,72.31,1.5778414673018626,2.0682258431106835
91,Guyana,2019,0.832598313158751,0.402721313228218,7,0.9108221797323136,130.75,1.2010593634355955,1.4958899488272748
91,Guyana,2020,0.5180061774866493,1.0597922084828688,7,0.7053050397877983,37.699999999999996,1.9304789082863267,2.885771288169653
91,Guyana,2021,0.5266208653760615,0.8947735945941708,9,0.6808819844650464,199.54999999999998,1.8988993139986907,2.4467817621294556
91,Guyana,2022,0.37321373580173367,1.183934810734249,7,0.47039574598629713,97.79,2.679429785326124,3.2672047758201517
91,Guyana,2023,0.33769455301273,1.2752864275136901,8,0.45385779122541603,211.52,2.9612559369955345,3.5797265954623523
91,Guyana,2024,0.30171244203551745,1.4092382874089147,9,0.43492542613636365,225.28,3.3144141927109536,4.092836651214824
95,Honduras,2005,0.9951907034959869,0.01812108101797044,5,0.9975903281352735,115741.9,1.0048325376102476,1.0182862640631827
95,Honduras,2006,0.9661060310147664,0.10072206993347878,7,0.9828130000768833,111857.8,1.035083073593519,1.1059692169460662
95,Honduras,2007,0.7661142118953561,0.5130726345734284,7,0.871102808210472,93621.90000000001,1.305288408011664,1.6704158953802766
95,Honduras,2008,0.6930253254394633,0.69656673941882,9,0.8271957627363,112714.25,1.4429487109520522,2.006850824440678
95,Honduras,2009,0.6815528157048147,0.7153562056026752,10,0.8188015747007451,123794.95,1.4672377209180323,2.0449149627087793
95,Honduras,2012,0.6656949679105966,0.7124429774020584,11,0.8068312127473469,130502.45,1.502189513522507,2.0389663278440953
95,Honduras,2014,0.8618469162375495,0.336315389028913,12,0.9271678984681513,106729.86,1.160298866491937,1.399780430590697
95,Honduras,2015,0.8156932551166233,0.5018138914520645,16,0.9021347655212725,127474.89,1.2259510468270645,1.651714586073755
95,Honduras,2016,0.6998430577493049,0.7680537295878339,17,0.8337436260034825,138657.12,1.4288917907051901,2.1555668525387754
95,Honduras,2017,0.8603389831648796,0.38098574348694836,15,0.9268477299102629,114621.46,1.1623325451572095,1.463726737621639
95,Honduras,2018,0.855879212506909,0.4117461998528389,16,0.9245762064674076,145871.74000000002,1.1683891668205781,1.5094512887501284
95,Honduras,2019,0.8093731692323851,0.45912677140218516,12,0.8975388470132674,124681.4,1.2355240302176147,1.5826913300645025
95,Honduras,2020,0.6116065708187494,0.7915284774707747,11,0.7660782148993002,124717.67,1.6350380256073993,2.206766843199661
95,Honduras,2021,0.8996889491368737,0.2858746631718701,17,0.9481539466114134,123634.29,1.1114952572879335,1.330925630800845
95,Honduras,2023,0.8143211646405576,0.4013264336554601,8,0.8987533927496987,126361.37000000001,1.2280167130881356,1.4938048170864824
95,Honduras,2024,0.9320159345206486,0.18537245783277637,7,0.9651428470385484,168527.81999999998,1.0729430291492996,1.2036666717287656
96,"China, Hong Kong SAR",2005,0.8325308767879201,0.4171987620055311,14,0.9110624909507514,652678.5,1.2011566512202059,1.5177041448772455
96,"China, Hong Kong SAR",2006,0.810541730671067,0.45101555764536844,14,0.8978650891717478,637483.2999999999,1.233742770001584,1.5699057059394481
96,"China, Hong Kong SAR",2007,0.8130244750026692,0.46908945150394377,17,0.8999210256387984,690730.5,1.2299752722655946,1.598537983986202
96,"China, Hong Kong SAR",2008,0.7444351039657787,0.5371417483258121,16,0.8549304906542057,684800.0,1.343300436361434,1.7111090855716098
96,"China, Hong Kong SAR",2009,0.6565777056285073,0.7184598851285984,18,0.7990148141658885,673476.9999999999,1.5230489726158958,2.0512715827638677
96,"China, Hong Kong SAR",2010,0.47780471438654126,1.015721812211483,22,0.6512884091243228,672014.8,2.0929052600159275,2.761355858577332
96,"China, Hong Kong SAR",2011,0.4524782583074374,1.0409323740936747,20,0.6102088602808119,689525.55,2.210050939774763,2.8318561331329284
96,"China, Hong Kong SAR",2012,0.382472350818043,1.2302131449178306,23,0.5065216723929299,625422.4,2.6145680801793145,3.4219588316981095
96,"China, Hong Kong SAR",2013,0.3746442155418216,1.237502446498977,22,0.4518401015413655,685119.7999999999,2.6691990921407136,3.446993653955607
96,"China, Hong Kong SAR",2014,0.38833675852810207,1.2026658620781825,24,0.49100384994512064,684446.1199999999,2.575084583262892,3.3289797047644107
96,"China, Hong Kong SAR",2015,0.4211606249240632,1.1496190383579732,25,0.5664982380587785,653208.5099999999,2.3743910062349816,3.1569899884810226
96,"China, Hong Kong SAR",2016,0.43636793505813415,1.173600007220223,28,0.6011203323812443,650751.52,2.2916440912799363,3.2336127389636853
96,"China, Hong Kong SAR",2017,0.45412140840346366,1.2645860747622275,27,0.650446442554016,658982.88,2.2020542997866137,3.5416264640901702
96,"China, Hong Kong SAR",2018,0.3813451039539462,1.3565356658898078,24,0.5631272372970516,643005.25,2.622296679914282,3.882718939762073
96,"China, Hong Kong SAR",2019,0.36408820254188357,1.3674071173834674,24,0.522620655324153,623744.75,2.746587208864487,3.925160010396682
96,"China, Hong Kong SAR",2020,0.37276187391409177,1.3471854104745877,23,0.5483727025238494,615814.88,2.682677789709964,3.846583725975539
96,"China, Hong Kong SAR",2021,0.38145257894714796,1.3162957769524548,23,0.5500330700617598,567658.45,2.621557842812631,3.7295805600816627
96,"China, Hong Kong SAR",2022,0.4149703371330673,1.2576618685663823,21,0.5976373159736421,568658.35,2.4098107997520146,3.5171882175533393
96,"China, Hong Kong SAR",2023,0.3942871484092777,1.291856716731283,20,0.5773184454111839,524932.89,2.536222659131615,3.6395378770381095
96,"China, Hong Kong SAR",2024,0.3706815997272098,1.3671532955645394,21,0.5658196238609531,528734.79,2.6977330429563136,3.9241638455727914
97,Hungary,2005,0.5406512971796712,1.0458404422718255,17,0.7233488829224822,69798.2,1.8496210130569175,2.845789240455701
97,Hungary,2006,0.37612027070650544,1.4166166210833608,21,0.5759956867844344,78827.5,2.6587240249550947,4.123146646827403
97,Hungary,2007,0.3932078756925187,1.4333923555506285,17,0.6037788548426846,69994.75,2.5431840556062046,4.192898896927814
97,Hungary,2008,0.37819585139969564,1.5502253293854191,20,0.5881067798716882,83671.2,2.6441326532245637,4.712531934888909
97,Hungary,2009,0.48519938838900656,1.2257128927014218,18,0.6766458029618985,72230.7,2.0610083687868426,3.406593753177103
97,Hungary,2010,0.41546354454923234,1.4391863957763162,17,0.627824066544297,53798.75,2.4069500516224,4.2172632376228485
97,Hungary,2011,0.3046982412247078,1.6927492416762375,19,0.5006337194420795,64657.95,3.2819355831546253,5.434400667242642
97,Hungary,2012,0.3211925039472812,1.6024408983589318,18,0.5133081990149726,42597.8,3.113397690514392,4.965137040170021
97,Hungary,2013,0.2235084014841938,1.8243289970069079,18,0.3694507778969957,26841.6,4.474104746665278,6.198634321158008
97,Hungary,2014,0.2330591514721406,1.7862984994219242,20,0.3837300442926122,32456.88,4.290756203665051,5.967323485100898
97,Hungary,2015,0.2806468827955042,1.696711394842755,22,0.48209212416909364,66144.64,3.563196533804577,5.455975307845372
97,Hungary,2016,0.21689771497235708,1.9242099242355304,21,0.4008363184901277,70236.4,4.610468119165971,6.849734718072523
97,Hungary,2017,0.3027758040619267,1.7272312846469156,25,0.5146229056347974,81240.01000000001,3.3027738233517168,5.625058143430429
97,Hungary,2018,0.23013761614231623,1.9410480112576995,28,0.42702967349859644,80392.61,4.345226203184462,6.96604764282348
97,Hungary,2019,0.22577189870311154,1.849678432972945,25,0.37435797098885165,86477.79,4.429249192411643,6.35777474312979
97,Hungary,2020,0.1971086585451819,2.0046901620418045,28,0.3453326310578721,87107.31999999999,5.073343846895375,7.423793367401549
97,Hungary,2021,0.23859914381021485,1.9532594998011548,28,0.43532560543781385,70350.33,4.191129875953847,7.051634964540588
97,Hungary,2022,0.16922145225355045,2.1763153150108376,32,0.31848137659418896,92727.4,5.909416251207116,8.813770385872346
97,Hungary,2023,0.14712474469555237,2.245525039889364,31,0.25371189651455134,91186.54000000001,6.796953171061172,9.445373452632403
97,Hungary,2024,0.16214205064418577,2.176190458398774,28,0.27639820399605186,79075.55,6.16743155786564,8.812669997059299
98,Croatia,2005,0.32701533415214695,1.35469368139153,14,0.47061584701416576,20877.75,3.0579605772698737,3.875573614473356
98,Croatia,2006,0.253671493008984,1.6245241730492086,17,0.4012386693179883,20844.949999999997,3.9421063365783247,5.0760031633492995
98,Croatia,2007,0.21797518612734781,1.7374792468705804,16,0.32015209873144546,20342.05,4.587678156245588,5.6829999122294526
98,Croatia,2008,0.22938211898196184,1.6770412788029865,19,0.30084028582152966,21712.85,4.359537720020095,5.349704248913578
98,Croatia,2009,0.277459850798767,1.455133552153741,18,0.32287004331671,22889.550000000003,3.604125054926483,4.2850557058077205
98,Croatia,2010,0.23942502642662084,1.5892209670579325,17,0.29689126019923817,20804.25,4.176672818730922,4.89993023400929
98,Croatia,2011,0.20683123551216645,1.818782671816069,20,0.3096751263813091,21383.7,4.834859674476861,6.164349843791428
98,Croatia,2012,0.1848896881942049,1.8989492617586146,20,0.28759638782764607,20691.15,5.408630463747754,6.678873006802284
98,Croatia,2013,0.1989241676285233,1.9568384649024486,23,0.35632843450173696,20913.149999999998,5.027041268647803,7.076917736077011
98,Croatia,2014,0.26009549233532253,1.7162283585894074,20,0.43516573188826724,22327.93,3.8447417562730055,5.563505296308698
98,Croatia,2015,0.262966929676008,1.7061296595231499,22,0.42916668615665265,21378.5,3.802759537984733,5.50760387148655
98,Croatia,2016,0.3097094758336861,1.5190002923788504,21,0.4234445509072454,23576.31,3.228832431775513,4.567656590783756
98,Croatia,2017,0.2891307304724725,1.6144508111734102,21,0.47613104370463644,24357.37,3.4586430794329135,5.025127421687584
98,Croatia,2018,0.32034915910910394,1.439941044577245,18,0.4698046209986656,21574.989999999998,3.121593959481635,4.220446991425222
98,Croatia,2019,0.3038959458057418,1.5043848638697848,20,0.4424716961351481,23083.420000000002,3.2906000024074884,4.50138381464863
98,Croatia,2020,0.3366345942502197,1.3989127515864972,21,0.4786134685052542,22237.359999999997,2.970580020830249,4.050793353090285
98,Croatia,2021,0.30160004171571075,1.6812918848970897,23,0.5079715088924458,23128.62,3.3156494087709825,5.372492131241122
98,Croatia,2022,0.27723736061848464,1.6879961964137293,21,0.4550465011373343,25005.84,3.6070174588631025,5.408632003222436
98,Croatia,2023,0.2783620657301328,1.6936255454463098,20,0.46479681479692553,27080.22,3.5924435227085962,5.439164940205733
98,Croatia,2024,0.30066037394206896,1.7259187977171893,21,0.5155869017566502,30652.66,3.326011961232641,5.617680170943577
99,Iceland,2005,0.22912984998839397,1.7523765223609322,16,0.33493266578587494,2157.1499999999996,4.364337514516998,5.768294881415399
99,Iceland,2006,0.24302516048315898,1.7064596759085533,16,0.3395090207124299,2059.15,4.11480028657073,5.50942177096026
99,Iceland,2007,0.247339148778763,1.640944059435677,14,0.3607838059476024,2316.9,4.0430316225211405,5.160038596646131
99,Iceland,2008,0.20999094920749087,1.7793987930330282,14,0.33679667206999586,2560.15,4.762110004140729,5.926292419057172
99,Iceland,2009,0.2275922878357254,1.7899687334185648,17,0.3943583400033957,2061.45,4.393821994187225,5.9892651996074315
99,Iceland,2010,0.19338644512396597,2.0011248799892876,19,0.35851139156149775,2400.9,5.170993237705843,7.397372576918954
99,Iceland,2011,0.22327874861971575,1.889672761037705,20,0.3956965794937399,2384.15,4.478706577235354,6.617202920084856
99,Iceland,2012,0.2084045281518036,1.9626350869142477,21,0.3939915097420268,2296.75,4.798360231748859,7.118059078408394
99,Iceland,2013,0.20355922838310503,2.0061156269100673,18,0.3934309381622038,2595.5,4.9125751160638504,7.4343832700099055
99,Iceland,2014,0.18758800215706598,2.061971488657271,28,0.37081691934264455,2513.1,5.330831335165603,7.861453308560297
99,Iceland,2015,0.19439390788603209,2.0388212157094485,28,0.38335173993308425,2453.83,5.14419413074546,7.681548970647066
99,Iceland,2016,0.18940218696883082,2.0794340368947486,27,0.37523459904208517,2664.1200000000003,5.279770080820482,7.999939961944588
99,Iceland,2017,0.21932202451678426,1.9893184047941472,27,0.41779381541843896,2929.2200000000003,4.559505604615975,7.3105492284790765
99,Iceland,2018,0.1796505475993918,2.1072589650342275,29,0.3502921206379283,2849.85,5.566362103331465,8.225663524210816
99,Iceland,2019,0.2182399429971947,2.040740447592295,28,0.4247963663672338,2769.68,4.582112633766836,7.696305800700871
99,Iceland,2020,0.18310251451976323,2.1603546623373595,27,0.366725696598138,3337.29,5.461421448103951,8.674213529828593
99,Iceland,2021,0.14274348310354631,2.304335417990179,34,0.2821031022479503,3137.08,7.0055737625135475,10.017518577090474
99,Iceland,2022,0.1957676483401489,2.18932174866134,35,0.4011400128025669,3764.87,5.108096299254138,8.929154849188086
99,Iceland,2023,0.20538067758573564,2.080343445623788,34,0.3986035581620379,3400.07,4.869007210196551,8.007218486252917
99,Iceland,2024,0.22344899462646628,2.0497827599472562,40,0.429380179128988,3702.36,4.475294246329787,7.766213790343669
100,India,2005,0.8323751792845197,0.34612433113422114,3,0.9090909090909091,503.8,1.2013813300626826,1.4135783566928175
100,India,2006,0.6085799158983063,0.6746387360229616,5,0.7453416149068323,322.0,1.6431695721077657,1.9633235697550846
100,India,2007,0.2952711578157253,1.3354683358690158,5,0.410958904109589,292.0,3.3867175087384807,3.801776037630838
100,India,2008,0.4206228373702422,1.0763995649433566,6,0.5411764705882353,170.0,2.3774267851266866,2.9340964868294974
100,India,2009,0.4449035812672176,0.9198226614167077,4,0.5,132.0,2.2476780185758516,2.508845435388448
100,India,2010,0.3760850694444444,1.1098927031059738,4,0.4791666666666667,192.0,2.658972879399885,3.034032834670678
100,India,2011,0.2532393744840563,1.6821792938851095,11,0.42047531992687387,2188.0,3.948833004493774,5.377261845076905
100,India,2012,0.2406959854596098,1.5491224122593745,7,0.2866762643384572,1076.65,4.154618524652568,4.707337267881069
100,India,2013,0.36052731501321666,1.2298072058620766,8,0.4899407390631487,2649.3,2.7737149401934795,3.4205700068693323
100,India,2014,0.3684373809706231,1.1474142473704316,7,0.49554752412534003,3220.68,2.7141654230783216,3.150037152997704
100,India,2015,0.2596019231610927,1.4882341664660212,6,0.3822922241761602,2615.8,3.852051586611177,4.429267260677426
100,India,2016,0.26675846459294006,1.4406088009034805,9,0.34929179185497516,1980.35,3.7487095358940135,4.223266162758279
100,India,2017,0.24345949337678457,1.505983640061377,7,0.3035879493347239,2972.45,4.107459463297135,4.508586275948358
100,India,2018,0.3204930374126736,1.7141522926818304,20,0.5387367306023909,12310.279999999999,3.1201925884972623,5.551967073835755
100,India,2019,0.1356286552540189,2.300506453066062,24,0.2181354189805607,7743.08,7.373073176366012,9.979235189478905
100,India,2020,0.1727746356629574,2.033668978759586,20,0.2607120698407525,7978.150000000001,5.787886608256343,7.642073590788264
100,India,2021,0.12428733563577157,2.4887454604464714,25,0.28111687111841094,6234.56,8.045872050315209,12.046154259954962
100,India,2022,0.41110991385807166,1.376194984559813,21,0.5987994074149339,22045.78,2.432439516273091,3.959805803563762
100,India,2023,0.46815460730411385,1.2349621315813877,13,0.6680175600880446,6551.22,2.136046477804711,3.4382483172132705
100,India,2024,0.4450912217378519,1.2919635839624262,12,0.6477606973021494,8533.460000000001,2.2467304479641617,3.6399268451572717
101,Indonesia,2005,0.46506219090512646,1.0212478787660844,9,0.6168386563124885,311307.5,2.150250051619444,2.7766575349342952
101,Indonesia,2006,0.5576525101162482,0.7060257375475193,9,0.6819272684353402,762530.0,1.7932314153692954,2.0259236855041287
101,Indonesia,2007,0.6250390320269197,0.6279405573703456,13,0.7558682026543861,2404763.15,1.5999000842509483,1.8737477270221
101,Indonesia,2008,0.4816287066860785,0.8049972228215527,10,0.49645730092086465,487036.85,2.0762881990167408,2.2366902871233028
101,Indonesia,2009,0.7799276128600391,0.45817639999034254,10,0.8771260789209515,385865.85,1.2821702726140736,1.581187899992277
101,Indonesia,2010,0.5994472056519153,0.6378851095708403,12,0.7284836476457519,1230604.15,1.6682036225566728,1.8924742683092337
101,Indonesia,2011,0.5478977374435445,0.6904048313242015,15,0.6630040684696383,5180129.6,1.8251581119241986,1.9945228151379601
101,Indonesia,2012,0.4560755970627987,1.04255846805457,13,0.6345480643425729,3344460.6,2.192618957120625,2.836464743290213
101,Indonesia,2013,0.2991685030851075,1.395405532006701,14,0.44393529258643144,742585.7,3.342597866044474,4.036611215800794
101,Indonesia,2014,0.3867085870043951,1.1256969079006147,11,0.4497790296896509,1348635.9300000002,2.5859265441877417,3.082364224550259
101,Indonesia,2015,0.5554895773389577,0.883650981419755,10,0.7248458596903726,1367841.42,1.8002137948122179,2.419717944266158
101,Indonesia,2016,0.4187812467729336,1.014813674281426,10,0.46497296461535603,2281265.8600000003,2.387881519781156,2.7588493049042704
101,Indonesia,2017,0.2589329867662356,1.4819207974179789,9,0.35827806181190636,294006.14,3.8620031093326816,4.401391748635731
101,Indonesia,2018,0.30370587149570905,1.3055534510138884,12,0.3727046721025289,4105308.88,3.292659424314517,3.6897306138614216
101,Indonesia,2019,0.27699724009204796,1.411750761537907,13,0.36477798268336026,504666.04000000004,3.610144273162049,4.10313272631016
101,Indonesia,2020,0.2492263562696673,1.4544316115623588,14,0.30436993763382714,390195.5,4.01241672416854,4.282048906692115
101,Indonesia,2021,0.31912364604465265,1.2951317754964236,13,0.46318257527719947,482592.01,3.133581645842932,3.651477117648971
101,Indonesia,2022,0.26853838872795616,1.3796984129148906,10,0.34377597540898136,529455.09,3.723862367451135,3.973703029249276
101,Indonesia,2023,0.3668671227020394,1.1759633075871232,12,0.44913962328882806,5780011.75,2.725782546647484,3.2412637744225052
101,Indonesia,2024,0.24526323366808345,1.4875720028677841,19,0.3084110781435144,8528795.45,4.077251959228865,4.426335331945909
102,Iran (Islamic Republic of),2005,0.1520699150751541,1.936199371546233,13,0.22834844476942806,2210026.0,6.575922657060684,6.932353538886108
102,Iran (Islamic Republic of),2010,0.32637971662466836,1.2462412788296748,14,0.4139221532883239,2260821.25,3.063915890183778,3.4772483563897576
102,Iran (Islamic Republic of),2014,0.6270097569964752,0.7615291092160793,12,0.7788328903574199,2404156.3,1.5948715133082396,2.141548379478758
102,Iran (Islamic Republic of),2016,0.5136199206055756,0.8767076103644924,4,0.6700139533747325,1609739.61,1.9469649830188938,2.4029751377538333
102,Iran (Islamic Republic of),2017,0.4732824009413648,1.0609543219409943,8,0.6531635748682945,2529161.2600000002,2.1129034124467485,2.889126831203926
102,Iran (Islamic Republic of),2018,0.6254150880643645,0.7716005526142539,7,0.7756454745682103,3200858.1,1.5989380798198543,2.16322584119587
102,Iran (Islamic Republic of),2020,0.5421615079919875,0.9114171536145537,6,0.7163492568362368,2058080.03,1.8444688257263349,2.487845695884318
102,Iran (Islamic Republic of),2021,0.3670493132645967,1.167574102412346,4,0.5297902169797138,1672990.5,2.724429562626984,3.2141858873771945
102,Iran (Islamic Republic of),2022,0.3778598253708724,1.1104661404614524,4,0.4920568049839772,3509682.18,2.646484047406977,3.0357731613723087
103,Iraq,2014,0.17775289306481185,1.9351307427320852,27,0.28468266663938346,1860974.84,5.625787478099624,6.924949382996369
103,Iraq,2015,0.28859067618074596,1.5398112515101303,23,0.47903088998548304,1981174.4500000002,3.4651154127158783,4.6637099197037175
103,Iraq,2016,0.575735512184766,0.9679725610751482,25,0.7477137128514856,1846694.98,1.7369086652398094,2.632601606060183
104,Ireland,2005,0.2940373639193033,1.5241449406092609,14,0.44306738202753837,15302.3,3.4009283264913357,4.591216127983039
104,Ireland,2006,0.30972792713828257,1.625400435013859,17,0.5154980948761271,15655.15,3.2286400817629057,5.080453021189644
104,Ireland,2007,0.19997610048062672,1.9348314875054982,18,0.36590759450561927,22022.5,5.0005975593912435,6.922877365746115
104,Ireland,2008,0.21430533731220638,1.8043558004883784,16,0.33430085875130694,31609.850000000002,4.666239359886638,6.0760559951844995
104,Ireland,2009,0.17150540318122434,1.9827042335837108,20,0.2592347457855783,31501.95,5.830720090744498,7.262355560520113
104,Ireland,2010,0.146657104016423,2.1124483431312404,19,0.25045625503588825,35122.9,6.818626391859051,8.268460551271826
104,Ireland,2011,0.13411177184729867,2.1637403885275863,22,0.21441138072892177,30409.3,7.456466991865654,8.703631814782916
104,Ireland,2012,0.19408403540750527,1.9028432807623268,17,0.3439395047556055,31447.1,5.152407295635454,6.70493136816359
104,Ireland,2013,0.1983563604234486,1.8896539244622725,16,0.36229759217885277,30726.949999999997,5.041431481527554,6.617078275816839
104,Ireland,2014,0.1978083447713733,1.9271598924130877,27,0.3616511541884814,35604.670000000006,5.055398452253362,6.8699710511095535
104,Ireland,2015,0.21182896928743752,1.9182510879962809,25,0.394281512595661,40310.31,4.720789622702965,6.8090396386779055
104,Ireland,2016,0.22917019736790964,1.8989234023883528,22,0.43037524130818555,39726.17,4.363569135451765,6.6787002975853555
104,Ireland,2017,0.2516797289938951,1.834154950216568,23,0.4572322297412099,46613.84,3.9733037062522287,6.259842031547717
104,Ireland,2018,0.31966625133090876,1.6407185130128694,24,0.5356398825123748,47218.590000000004,3.1282626671929483,5.15887489963789
104,Ireland,2019,0.39228963192956995,1.468860560836101,23,0.6086169230217674,52717.89,2.5491369605698266,4.344282274490949
104,Ireland,2020,0.3986155742897392,1.444409112335145,30,0.610926077147439,49045.05,2.508682712113843,4.23934642508486
104,Ireland,2021,0.12072954188840082,2.3487267069252056,46,0.19558455727417695,39651.29,8.282976845256096,10.472227017802652
104,Ireland,2022,0.1327427218813219,2.2223792861629614,50,0.2235043943848193,58721.53,7.5333697081640825,9.229263822852893
104,Ireland,2023,0.11083391008524192,2.4105295328249885,44,0.20785775240858512,68352.37,9.022509439853778,11.139858504248593
104,Ireland,2024,0.1385560265139472,2.2967466389437816,47,0.2859541470221732,76734.82,7.217297039759862,9.941785566011815
105,Israel,2005,0.30979797514593654,1.4975562006000298,17,0.4273366838179305,150435.95,3.2279100582530598,4.470750093054287
105,Israel,2006,0.28931153799902787,1.535929094168266,13,0.40368657226885685,189612.44999999998,3.456481573173069,4.645639762290575
105,Israel,2007,0.2974818273871599,1.600729192671302,19,0.46593977749292176,213948.25,3.3615498761157694,4.95664545647787
105,Israel,2008,0.34223073009353067,1.42807285297904,16,0.5122970175676109,193526.6,2.9220052790896447,4.170653978868153
105,Israel,2009,0.41904483950753035,1.351113942995818,17,0.6192315689508213,217864.7,2.3863794652028636,3.861724877017567
105,Israel,2010,0.36381050359544276,1.4569911605032413,17,0.5604295834242194,175127.8,2.748683696917118,4.293023058884618
105,Israel,2011,0.34191936985209115,1.4505611533314517,17,0.5215570687054173,178678.05000000002,2.924666129422805,4.265507447419524
105,Israel,2012,0.3183629990882633,1.4695239354964789,17,0.48851157348294866,253949.05,3.1410685376875684,4.347165117366111
105,Israel,2013,0.5097326375711686,1.1395393191048089,26,0.6940905266568421,382716.0,1.9618127745653338,3.1253282544778407
105,Israel,2014,0.2489893678371515,1.7525905973193558,25,0.37272331919630447,235025.81,4.016235748082376,5.769529861086708
105,Israel,2015,0.30882402686486066,1.5296260606489356,24,0.4347520181044916,213904.93,3.2380900221782074,4.616450227096814
105,Israel,2016,0.27742082390206474,1.6151325421951837,24,0.3935490285135116,213941.73,3.604632074602376,5.028554374936758
105,Israel,2017,0.32972528290424663,1.4670420726681392,23,0.49501385609519094,272634.52999999997,3.032827786792448,4.336389427276208
105,Israel,2018,0.27250811369035643,1.5414243731502613,25,0.3573848492495673,321132.08,3.669615507801991,4.671239122225562
105,Israel,2019,0.2661184992338314,1.5990117261125936,27,0.3446807951324663,334756.8,3.7577244831871908,4.948139889766922
105,Israel,2020,0.22934405616399633,1.771589667250608,25,0.33476949875379125,320845.12,4.360261245597458,5.8801934865829795
105,Israel,2021,0.2083519575377188,1.8172761599511424,27,0.2973042606063285,362711.99,4.799570936687581,6.155070169337112
105,Israel,2022,0.25452704347771926,1.6688664713683745,26,0.322675009809677,403147.83,3.9288555995329344,5.3061497143660326
105,Israel,2023,0.25611467601024446,1.6507335696809213,23,0.3204411548792305,272576.38,3.9045009664342722,5.210800911054525
105,Israel,2024,0.24276738852579352,1.7279377203999942,31,0.3170235131020594,382197.55,4.119169407689007,5.629033289543447
106,Italy,2005,0.1634337168208157,2.190414998108834,27,0.3118543064458294,122566.84999999999,6.1186884778272095,8.938921980776351
106,Italy,2006,0.20207786829982383,2.0523802207488724,34,0.36062401670977084,223103.0,4.948587435197483,7.786412447494794
106,Italy,2007,0.2015499962108062,2.0712051452734883,35,0.36186568210559356,149413.45,4.961548096255358,7.934379438193728
106,Italy,2008,0.11585234892459485,2.5318228141841836,41,0.24496444159187541,211349.45,8.631676520006279,12.576409713856354
106,Italy,2009,0.13120583697986424,2.4506970220736926,38,0.2759354372141806,151691.1,7.621612140269849,11.596426868378312
106,Italy,2010,0.15342100127057057,2.2427760971863195,36,0.2517904098167903,126297.9,6.51801247364054,9.41944431738402
106,Italy,2011,0.12219186628292517,2.401721877289909,31,0.1900077624870966,140612.15,8.183850778451838,11.042173288192334
106,Italy,2012,0.1806001434854298,2.1548725506198503,32,0.3385463268054491,130986.8,5.537094161172007,8.626790629783363
106,Italy,2013,0.1520497745323344,2.2538015455591625,35,0.2964803109615106,144815.35,6.576793705059677,9.523872540537518
106,Italy,2014,0.12670169586318353,2.4122006185228084,36,0.25213754627214885,189422.8,7.892554185540116,11.15848972531863
106,Italy,2015,0.11581622499799255,2.4617436586204646,39,0.1792891239190587,256269.7,8.634368802966364,11.725238539204673
106,Italy,2016,0.11626872679794216,2.519542323188291,46,0.22039289329022982,269877.35,8.600765034073625,12.42290968458102
106,Italy,2017,0.1253630886067751,2.4589745563161944,42,0.25501427299790896,266506.73,7.976829632338494,11.692815066822087
106,Italy,2018,0.12324181086557727,2.5231514100371357,47,0.2656983904397755,235214.56,8.114129393073616,12.46782604932381
106,Italy,2019,0.14092019371532394,2.4475760783166205,40,0.30615501781631904,258830.12,7.096215053607736,11.560291489911773
106,Italy,2020,0.16617902029163656,2.2746777618539022,40,0.3304508996610248,283917.49,6.017606784809814,9.724784810978662
106,Italy,2021,0.1899370588734824,2.1803733271384957,46,0.3743224767375259,277579.03,5.2649019940132,8.849609441468225
106,Italy,2022,0.18704503800330777,2.2397033770101062,48,0.3724288034486384,621768.88,5.346305952164931,9.39054542262744
106,Italy,2023,0.1409454870175333,2.3975555602597116,46,0.2957695027999724,435202.51,7.094941605867823,10.996263796728233
106,Italy,2024,0.15725661876540215,2.263050566376287,44,0.31147265916441125,448713.06,6.359032820690463,9.612367651632862
107,Côte d'Ivoire,2005,0.22464757739505403,1.7982902815945445,16,0.39490040999214965,1499297.0,4.4514167995742495,6.039313107733829
107,Côte d'Ivoire,2006,0.19632153178593578,1.7775084596671529,16,0.2711937588234476,1606408.65,5.093684787924208,5.915100332481618
107,Côte d'Ivoire,2007,0.21328366651449604,1.6962382237294331,22,0.3227506630738286,1422051.3,4.688591566068347,5.453394308609997
107,Côte d'Ivoire,2008,0.4017707507352333,1.305412192292963,19,0.6004324187283089,1285073.85,2.4889815850706354,3.6892094440451055
107,Côte d'Ivoire,2009,0.26942036945940023,1.5319043245278732,18,0.38309207649339666,1887718.5,3.7116718457721993,4.626979708812622
107,Côte d'Ivoire,2010,0.28434487152715854,1.5027086080715764,15,0.43970872758282686,1455661.35,3.5168561142995234,4.49384466446678
107,Côte d'Ivoire,2011,0.331687955994277,1.2981156385294976,18,0.4100856260220173,1574276.1,3.0148818548517156,3.6623888967675793
107,Côte d'Ivoire,2012,0.2624404117094433,1.512734794418455,20,0.35025710388401887,2246309.9,3.810388779252236,4.539127415803723
107,Côte d'Ivoire,2013,0.2776698621853315,1.4778166068774055,20,0.40595223947417564,1402285.65,3.6013991296345558,4.383364616951935
107,Côte d'Ivoire,2014,0.2404711382068705,1.5690113269621384,24,0.3232925717340032,1558224.76,4.15850320939442,4.801898338717226
107,Côte d'Ivoire,2015,0.24737722526561035,1.4802989612579498,24,0.2976552242416123,2022984.92,4.042409316081116,4.394259197821179
107,Côte d'Ivoire,2016,0.22898557542044162,1.646353363399218,28,0.3080179344122249,2217118.66,4.367087307416176,5.188026443018156
107,Côte d'Ivoire,2017,0.2057165118854613,1.6716868844606296,23,0.24399494950354048,2404444.81,4.861058506362286,5.321136372839212
107,Côte d'Ivoire,2018,0.19793857636188375,1.7195103287642006,25,0.3017976953576537,2765056.37,5.052072306369109,5.5817945507356335
107,Côte d'Ivoire,2019,0.23397492329796704,1.606120525539682,26,0.34560876982327154,2400712.46,4.2739622943545115,4.983440547769284
107,Côte d'Ivoire,2020,0.3364250897725261,1.2997124738986134,27,0.4092467883022616,1961268.0,2.97242991203822,3.668241800711725
107,Côte d'Ivoire,2021,0.2877309611117803,1.5225993600284722,22,0.45695644496130366,2488603.46,3.47546887598068,4.584125514462222
107,Côte d'Ivoire,2022,0.3859226703333151,1.1648018386674772,20,0.4811147394453478,2779711.4499999997,2.591192684110307,3.205287656193108
107,Côte d'Ivoire,2023,0.35979219721742545,1.2544885727831947,17,0.4826012944178077,2438565.0300000003,2.7793821203845943,3.506044828998834
107,Côte d'Ivoire,2024,0.23034845803995202,1.6554827674188335,26,0.30789822770667447,2863225.25,4.3412489430537375,5.235606892585059
108,Kazakhstan,2005,0.5054136330292879,0.9798161923579501,15,0.6677937986474416,6269.6,1.9785774159005554,2.6639665395171446
108,Kazakhstan,2006,0.3902734651564841,1.1991717694725834,15,0.5171415962491374,16881.45,2.56230589389171,3.3173682389755705
108,Kazakhstan,2007,0.4159827693653961,1.1181382438216894,15,0.5707977525499027,26020.600000000002,2.403945724784595,3.0591535003504795
108,Kazakhstan,2008,0.31473352206307326,1.2644159119942744,13,0.3911358877070763,38584.8,3.17729104114813,3.5410238623996246
108,Kazakhstan,2009,0.5312579112104496,0.8987952292765147,15,0.6918329434012583,65994.4,1.882324910176943,2.456641637643736
108,Kazakhstan,2011,0.6905740552119412,0.5792203263421287,11,0.8144925319536622,30074.8,1.4480706195848818,1.7846464463509704
108,Kazakhstan,2012,0.8799146249425328,0.32820944209891445,12,0.9374279072974021,48591.95,1.1364738937772627,1.388479747950728
108,Kazakhstan,2013,0.8700201242737152,0.3809996967117266,14,0.9322897922109892,32092.65,1.1493987002137345,1.4637471614723119
108,Kazakhstan,2014,0.8434539405990187,0.38826249176208516,18,0.9168811992711824,46919.83,1.1856011951165972,1.4744167557497738
108,Kazakhstan,2015,0.7365576151535915,0.6537644890680414,17,0.855538530592279,40926.829999999994,1.3576670438625142,1.922765451498385
108,Kazakhstan,2016,0.6402877292496403,0.6939269911479569,19,0.7834747938414409,17157.910000000003,1.5617978516813218,2.001560229438676
108,Kazakhstan,2017,0.5822641686811111,0.8271180277712636,16,0.7366521779131562,15108.27,1.717433518646878,2.286718974082534
108,Kazakhstan,2018,0.6432845554716501,0.6535291847653334,15,0.7772168177546226,18226.69,1.554522009729908,1.9223130697403235
108,Kazakhstan,2019,0.7676074403070582,0.4746343995919115,17,0.8686784758613783,42737.32,1.3027492276520667,1.6074264142924046
108,Kazakhstan,2020,0.5022907375793005,0.8670296873748113,13,0.6473858983554611,18222.13,1.9908788380596452,2.3798315012305515
108,Kazakhstan,2021,0.5365097980076956,0.8392678913702869,15,0.6897560753482764,10101.89,1.8638988583497522,2.3146717651430597
108,Kazakhstan,2022,0.3466607362051125,1.1437661828377113,16,0.4020945952298132,21273.8,2.8846647328652737,3.1385665496549677
108,Kazakhstan,2023,0.4297771490238526,1.2060245863707886,15,0.6164896378869366,56160.36,2.3267872716622726,3.340179627966577
108,Kazakhstan,2024,0.2957141556824768,1.4397392104305924,16,0.4501293528983104,37366.77,3.38164399905749,4.219595247066654
109,Jamaica,2005,0.4272100024776757,0.9756289748017382,10,0.4679419698780207,71007.95,2.340769163175799,2.652835252876678
109,Jamaica,2007,0.45071116002577394,0.9127965416591547,11,0.47518299235419464,89846.65,2.2187158621561864,2.491279768408821
109,Jamaica,2008,0.41099517716477035,1.0512915168058845,14,0.47113123379753347,83918.55,2.433118575498744,2.8613442068372614
109,Jamaica,2009,0.4144649289676453,1.066730098105957,17,0.5712962748742311,77801.4,2.412749379038688,2.9058620640492903
109,Jamaica,2010,0.35621894062063986,1.1885045909602683,14,0.48825599557128446,91042.20000000001,2.8072622928407487,3.2821693499646023
109,Jamaica,2012,0.448209281489784,1.015577641662682,15,0.5942632013396928,115996.75,2.2311006070113986,2.760957781083981
109,Jamaica,2013,0.46071933245654256,0.969422025381056,13,0.5882901653374577,107846.1,2.1705188594279905,2.6364202349344072
109,Jamaica,2014,0.4380782206247575,0.991155160420152,14,0.4960206127366037,110743.18000000001,2.2826973652647413,2.694345076170379
109,Jamaica,2015,0.47783569533193565,0.9180869264677524,17,0.5921625624486748,141121.88999999998,2.0927695644531856,2.5044945217934713
109,Jamaica,2016,0.44923688928708067,0.9310020598378667,15,0.49478956379768047,126810.87999999999,2.225997071582782,2.537050180379234
109,Jamaica,2017,0.4751758556230191,0.9043999664358122,13,0.5917772853775586,151746.48,2.1044840308413106,2.4704491258437873
109,Jamaica,2018,0.43827452304828546,0.9558357129201477,18,0.508018144590393,143485.19,2.2816749489447923,2.600843233230392
109,Jamaica,2019,0.4446019850243369,0.9592098983727079,14,0.545018217800501,142736.77,2.2492027334184335,2.609633782764401
109,Jamaica,2020,0.43125828959519813,0.9960149720117436,15,0.52760470996919,138360.99000000002,2.31879600723421,2.707470954417274
109,Jamaica,2021,0.423159296282351,1.0142167543164526,11,0.506268544917326,147439.32,2.3631762525022135,2.7572029840835874
109,Jamaica,2022,0.42779354113975915,1.0193839740219182,12,0.5207425028141717,136825.34,2.3375761993407522,2.7714869300364566
109,Jamaica,2023,0.4075315502204027,1.0896466090837882,13,0.520048390160617,132134.3,2.453797747583411,2.973223176822938
110,Japan,2005,0.32467231392626716,1.3142104951942184,12,0.4907634839725762,1397648.2,3.0800285614347125,3.721811436994448
110,Japan,2006,0.30055468341644537,1.3729205445403987,9,0.46004504917077504,1109276.8,3.3271815585532254,3.946860862254657
110,Japan,2007,0.3339778580602746,1.3359985175129387,13,0.5193572075013851,1171687.6,2.9942104719395055,3.8037922039202474
110,Japan,2008,0.44620425392314356,0.9456679537058523,9,0.5696485129731481,1074523.3,2.2411261013487445,2.5745324728928103
110,Japan,2009,0.43814371477460634,0.9391575307063262,8,0.5732440418447782,1246807.9,2.282356145436044,2.557825620816065
110,Japan,2010,0.43228481163265603,0.9149720609032936,9,0.4779498506178498,1303569.4,2.313289694873141,2.4967054952341448
110,Japan,2011,0.41313926939911305,1.0163958877499788,11,0.4947446387748598,1443126.3,2.4204912824056684,2.7632178485051084
110,Japan,2012,0.3437733106326708,1.2638280703764435,12,0.46382528014703134,1210953.4,2.908893649014311,3.5389429128978587
110,Japan,2013,0.3917702971989408,1.104865180093943,14,0.49148462613037097,1357673.8,2.552516122712081,3.018817444685413
110,Japan,2014,0.4370678170409653,0.9430614202818061,14,0.47824546407119595,667435.52,2.287974453873533,2.56783060606525
110,Japan,2015,0.41253226228414686,1.0053028862115854,13,0.4653120860688682,688022.0599999999,2.4240528351967123,2.7327348551955133
110,Japan,2016,0.4393830866651288,0.9208087885064052,13,0.499604939997733,685756.5900000001,2.275918282585464,2.5113206960963796
110,Japan,2017,0.48212227698493,0.7897377812755827,10,0.4974161536051767,678391.72,2.074162609232134,2.2028187302003297
110,Japan,2018,0.41139201183503815,0.9838184252392806,12,0.4863555382703165,609537.42,2.430771554215264,2.674649718020364
110,Japan,2019,0.4157898418106365,1.0232008540252528,14,0.5052871358551916,677955.91,2.4050611617766045,2.782085577093964
110,Japan,2020,0.3937097384936118,1.067660427554262,17,0.4686924840701804,676388.7,2.5399422524475495,2.908566731020776
110,Japan,2021,0.4096643160084659,1.0235363821912913,15,0.4825156310855734,662273.26,2.441022956901461,2.78301920178534
110,Japan,2022,0.38219284905294526,1.1222429178527873,14,0.4393272432272785,669312.92,2.616480142100905,3.071736134419785
110,Japan,2023,0.37612212764570524,1.171631626029284,15,0.5214177166183648,708770.7,2.6587108986631263,3.227254016717248
110,Japan,2024,0.4000241811474821,1.1006251692271873,15,0.4586805370208954,754030.25,2.499848876964058,3.0060447232892855
112,Jordan,2005,0.3904595774357981,1.1379901340893452,14,0.5075726502934378,260873.0,2.561084572613477,3.120490291195292
112,Jordan,2006,0.24604748072636345,1.6491537690061973,15,0.3517367750159337,276144.0,4.064256203915898,5.202575383317274
112,Jordan,2007,0.24802313371452434,1.6074444442355613,13,0.3283368751264926,316224.0,4.031881966103227,4.990042587197678
112,Jordan,2008,0.3752106436086739,1.2683612989638793,13,0.5571175410641688,268604.0,2.6651695974886853,3.5550221680134566
112,Jordan,2009,0.35491842752267777,1.3404592934060113,15,0.5129873256219833,332324.0,2.817548829402791,3.8207979697417382
112,Jordan,2010,0.41038235246110033,1.4608482175231159,21,0.6216482944768653,265732.25,2.436751955835598,4.309613468119773
112,Jordan,2011,0.32242036532439755,1.6413882788172984,17,0.5337708709174906,280204.5,3.1015410549326425,5.162331294993495
112,Jordan,2012,0.4012103260624898,1.3240699636574882,21,0.5942100257753166,365815.1,2.492458281954206,3.758688012472412
112,Jordan,2013,0.34507605413548137,1.4394120383350977,16,0.5386741586265488,297207.5,2.8979118893233515,4.218214939058976
112,Jordan,2014,0.32519660882375767,1.4548066268773638,20,0.4902406125639337,392208.53,3.0750628169740732,4.283655041755525
112,Jordan,2015,0.30387294316718416,1.5246453368406911,20,0.4623400578114414,417367.20999999996,3.290849094944995,4.593514130139022
112,Jordan,2016,0.3196630868022792,1.4356369991568014,23,0.4734644846497443,361903.08999999997,3.128293635663128,4.202321031338954
112,Jordan,2017,0.4558579484879829,1.08099691451075,21,0.6103506529494039,390936.11,2.193665819180866,2.947616608593878
112,Jordan,2018,0.3565905353535246,1.3873024753568497,22,0.4965136607892532,368945.74,2.8043369098638524,4.004034490219666
112,Jordan,2019,0.2730844860394589,1.6465650588558767,22,0.3794783850946532,413107.06,3.6618704141820295,5.189124840903987
112,Jordan,2020,0.30429540678144196,1.5347377837338216,24,0.3894247948385915,398291.28,3.286280297744497,4.640108658452101
112,Jordan,2021,0.27364474618962864,1.5898403213319627,21,0.3990569243899912,398877.88,3.654373102076757,4.902965966742153
112,Jordan,2022,0.22749467575166676,1.9210142931830838,27,0.40400416074391804,401601.26,4.395707269613642,6.82788043082401
112,Jordan,2023,0.2510027767339146,1.7533548586314858,29,0.4207080078322541,402903.17,3.9840196710655897,5.773940974955842
113,Kyrgyzstan,2005,0.8990749559746551,0.22493862351657284,7,0.9468884798583693,7117.1,1.1122543157883156,1.2522458553861757
113,Kyrgyzstan,2006,0.9830351447259218,0.0545076321434554,9,0.9914534977900169,54016.25,1.0172576284429873,1.0560205360831918
113,Kyrgyzstan,2007,0.9887344828133731,0.042912710484735224,8,0.9943468463125934,52696.25,1.0113938750821876,1.04384677399481
113,Kyrgyzstan,2008,0.9952474522713737,0.020361301885044415,10,0.9976201596230511,62735.3,1.0047752422955516,1.0205700072901105
113,Kyrgyzstan,2010,0.44679184714524106,0.9680909313670457,11,0.5876367723466261,38791.65,2.238178709816351,2.6329132463248532
113,Kyrgyzstan,2011,0.47912616132839386,0.876163166457321,9,0.5883786326412058,19452.100000000002,2.087132953098335,2.4016672086603195
113,Kyrgyzstan,2012,0.45394895372085997,0.8680860298346256,8,0.4832458356155925,43724.950000000004,2.202890857668801,2.3823467465388246
113,Kyrgyzstan,2015,0.40347927947256007,1.165621921911217,18,0.5382008564947851,27752.65,2.4784420188992833,3.20791733702253
113,Kyrgyzstan,2016,0.3491539195722736,1.246796933700626,11,0.47756010129833076,2242.88,2.8640663728622515,3.479181043280208
113,Kyrgyzstan,2017,0.5703593248043112,0.833992970888683,11,0.7245946812204523,8985.52,1.7532807065845684,2.3024942017167778
113,Kyrgyzstan,2018,0.3133087696936195,1.342674649571229,13,0.4375676796616335,7064.530000000001,3.191739576833061,3.8292717808692696
113,Kyrgyzstan,2019,0.5737975234411262,0.9049967472126977,12,0.7416750818117,23043.769999999997,1.742775036746222,2.4719238824017777
113,Kyrgyzstan,2020,0.37688210615332257,1.2103680190483284,10,0.5520171783579416,8680.689999999999,2.653349638184153,3.35471902590196
113,Kyrgyzstan,2021,0.6514135892860442,0.7686184226377335,13,0.7981219997900685,13528.22,1.5351230254438044,2.1567844299053816
113,Kyrgyzstan,2022,0.4833596499282274,1.0210501791308488,10,0.6631781648891487,13927.66,2.0688528720766968,2.7761086450119214
113,Kyrgyzstan,2023,0.2297240527276444,1.7103578367171832,17,0.3305066125788674,20845.12,4.35304874751438,5.530940297074602
113,Kyrgyzstan,2024,0.219527944561007,1.6153394173081066,12,0.25842279212550134,18196.46,4.555228729534701,5.0295947653026385
114,Kenya,2005,0.34326072965221016,1.384313609297461,16,0.49919204042605314,350852.95,2.9132374128936753,3.992084834287585
114,Kenya,2006,0.5081678681657767,1.0566668541387685,18,0.6914043263341445,401353.65,1.9678536614475113,2.8767663095425586
114,Kenya,2007,0.5324291833229983,1.114037326655417,13,0.7196500868571911,390439.75,1.8781840502408182,3.0466338538091193
114,Kenya,2008,0.40991042962311786,1.3582421909516857,17,0.613925614705842,404048.95,2.4395573465145195,3.88935055383942
114,Kenya,2009,0.6102468262004637,0.8713400036489204,16,0.7679017283073746,433076.89999999997,1.6386811976167557,2.3901114667154033
114,Kenya,2010,0.7185534332345848,0.6309713589963909,18,0.8421917066562631,439593.5,1.3916849516652883,1.8794352992778562
114,Kenya,2013,0.7471040150048682,0.608770807647813,15,0.8608672707245341,784108.1,1.3385017078157235,1.838170544378664
114,Kenya,2016,0.7916268889534969,0.4614107638406613,17,0.885548331722851,965890.77,1.2632213659669458,1.586310316390273
114,Kenya,2017,0.5382909587605195,0.8781635901023717,20,0.6903099190185497,1210592.0499999998,1.8577313694857924,2.4064763691074695
114,Kenya,2018,0.4292590624934832,1.1011325180865659,21,0.5825415047726683,1181735.18,2.329595545848683,3.0075702235985857
114,Kenya,2019,0.5127578242534179,0.9345792921543261,22,0.6698259519411465,1208319.71,1.9502384024193353,2.5461420504432613
114,Kenya,2020,0.3659220915052844,1.3839758337155306,16,0.5688561770240774,1180819.26,2.7328221586358055,3.990736633217087
114,Kenya,2021,0.3107657907546813,1.244022731344766,19,0.3339965575283913,1214662.16,3.2178574017801096,3.4695424668958323
114,Kenya,2022,0.3808937207144456,1.1662390581075148,19,0.489823393802169,1346746.6199999999,2.6254042679524656,3.2098976699306454
114,Kenya,2023,0.5377016196312757,0.8031067850192222,18,0.6729052341830785,1805030.29,1.8597675057883245,2.2324659574267534
115,Cambodia,2010,0.5715148151218313,0.6742802878216244,9,0.6972468523819497,12890.7,1.7497359185462713,1.9626199460667193
115,Cambodia,2011,0.3864368155869819,1.1326234584591384,11,0.5040481175345815,16526.2,2.587745162119299,3.103788488659549
115,Cambodia,2012,0.9221782166641994,0.20315739892799578,11,0.9598844346972517,222696.6,1.0843890930511304,1.2252653085167462
115,Cambodia,2013,0.8073955519317076,0.4026914657868638,12,0.894244080123395,81591.65000000001,1.2385502962054757,1.4958453010060697
115,Cambodia,2014,0.3284136392623685,1.2102343618332863,10,0.4095875033035955,39426.74,3.0449405275799264,3.354270673463146
115,Cambodia,2015,0.7870837648809549,0.4531219396307584,14,0.8819533636952748,134517.09,1.270512802600176,1.5732160121979915
115,Cambodia,2016,0.47368726749625845,1.0208295500335884,11,0.65012947379636,43738.58,2.111097486925588,2.7754962222293025
115,Cambodia,2017,0.22411328726319776,1.5736909788836742,11,0.308484767194359,14239.989999999998,4.4620290577666815,4.824422212344831
115,Cambodia,2018,0.5360172653539836,0.9700968536278055,11,0.7150194877588157,50562.51,1.8656115476795399,2.638199966218174
115,Cambodia,2019,0.7273387464306613,0.6280114375832572,11,0.8485651645102537,43230.740000000005,1.3748751938589758,1.8738805433669037
115,Cambodia,2020,0.5977064298736643,0.9395758781109883,12,0.7648053042575977,28227.89,1.6730621422482732,2.558895904385679
115,Cambodia,2021,0.5245850356990331,0.9299614916856451,8,0.7008478402648874,14750.419999999998,1.9062686351078526,2.534411579820883
115,Cambodia,2022,0.5666242807074676,0.8632124023491142,8,0.7347247309191276,10358.41,1.7648378900237638,2.370764323089215
115,Cambodia,2023,0.2803389309110811,1.4343898422259138,10,0.4338016782960634,17144.77,3.5671106997164927,4.197083344326627
115,Cambodia,2024,0.333525598085057,1.2351841928981555,8,0.446952160841315,11102.619999999999,2.9982706147339733,3.439011903940365
117,Republic of Korea,2005,0.48447995209742256,0.8704707076915232,4,0.6353961698955048,120445.8,2.064068896289259,2.388034655292329
117,Republic of Korea,2006,0.39457981952316046,1.0901068592045418,5,0.5525999815823012,253560.45,2.53434147039875,2.974591918106607
117,Republic of Korea,2007,0.4591839568939565,0.9090117036309187,3,0.6089748922646878,276464.6,2.1777764335763563,2.4818684993016764
117,Republic of Korea,2008,0.4033369824201762,0.9958715482926853,4,0.5400944011186485,329826.6,2.4793164117994277,2.7070826667092485
117,Republic of Korea,2009,0.47748826407830985,0.8718925527036723,4,0.6218985722979223,310905.2,2.094292310891219,2.3914324854773126
117,Republic of Korea,2010,0.39499994444678665,1.0513575831745487,6,0.5307578648696046,400861.7,2.5316459256735855,2.861533251703191
117,Republic of Korea,2011,0.34772683032203655,1.2392802790761928,8,0.48714139780436444,635415.1,2.8758206523030756,3.453127282233609
117,Republic of Korea,2012,0.28747352188976666,1.41219392140188,7,0.3985964228629936,358241.8,3.4785812391565427,4.104951473019021
117,Republic of Korea,2013,0.4076653791717225,1.121343106621269,9,0.5284571451833373,786078.5,2.452992211484228,3.068973394904203
117,Republic of Korea,2014,0.35574245959339984,1.329795743534778,18,0.5456641626936408,439020.97,2.8110223366166696,3.7802711638801103
117,Republic of Korea,2015,0.3657188508414756,1.1748694987145136,20,0.4289928274866717,451062.25,2.734340867852775,3.2377203895937368
117,Republic of Korea,2016,0.4021172012112983,1.112061353873612,19,0.4947809854544583,367804.11,2.4868371633635626,3.0406197320651316
117,Republic of Korea,2017,0.3202220623217147,1.2872312223958131,17,0.4420589385392425,455408.64,3.1228329264688166,3.6227420895598175
117,Republic of Korea,2018,0.2955949439158758,1.3046680503881012,15,0.3372831177754204,427203.06000000006,3.3830077969283288,3.6864651698933133
117,Republic of Korea,2019,0.4783949094609608,0.8019693680524007,17,0.5459775434516024,341722.14999999997,2.090323245970084,2.229928156311548
117,Republic of Korea,2020,0.31288561492676126,1.2329880749213231,18,0.3666335188779554,518908.42000000004,3.1960561697094163,3.431467715072072
117,Republic of Korea,2021,0.31323800380310923,1.3464125554511146,21,0.39017997839571106,496984.65,3.192460646086118,3.843612022915446
117,Republic of Korea,2022,0.29231522838120694,1.3856297824051609,16,0.4349380009225049,481471.68000000005,3.420964434654443,3.997342568275169
117,Republic of Korea,2023,0.25137029932870064,1.474257592682802,22,0.36553008106840534,273559.1,3.978194729729644,4.367791888279045
117,Republic of Korea,2024,0.37591036089515234,1.1743697212639663,24,0.5064925724617759,466487.6699999999,2.660208666818089,3.236102654239339
118,Kuwait,2013,0.7275381959426676,0.6350227507230551,19,0.8486999928535592,344926.95,1.3744982814329152,1.8870650730652376
118,Kuwait,2014,0.7227167582627129,0.6531700329340174,27,0.8457039422997685,408094.02999999997,1.38366792878005,1.9216227914457404
118,Kuwait,2015,0.7593853006790205,0.6047323144634134,25,0.8691704869762232,459622.44000000006,1.3168545652725023,1.8307620747594473
118,Kuwait,2016,0.7523440187642922,0.6071697754407845,26,0.8644482152064019,406295.72,1.3291791721059696,1.83522992877339
118,Kuwait,2017,0.771078968786142,0.5965419662181571,25,0.8762569031270777,438764.92000000004,1.2968840293676185,1.815828733923443
118,Kuwait,2018,0.8028309417166832,0.5276666377054677,30,0.8946707354427448,477824.28,1.2455922511677398,1.6949727054195913
118,Kuwait,2019,0.8196665962294001,0.49848572420932374,36,0.9044637819313546,562866.4299999999,1.2200082382277904,1.64622654132519
118,Kuwait,2020,0.8164642612167359,0.49573828908599843,28,0.9024688182904267,514960.54,1.2247933528771364,1.6417098482064107
118,Kuwait,2021,0.8562022391320534,0.4121233016491417,29,0.9247282945041468,367036.19,1.1679483588056447,1.5100206128823772
118,Kuwait,2022,0.8325665279083891,0.4583455886023625,29,0.9114655920148764,424477.34,1.201105216795401,1.5814554416102788
118,Kuwait,2023,0.8590025626402417,0.3945715788650971,24,0.9261699409571336,338230.52999999997,1.1641408809379878,1.4837483855671583
119,Latvia,2005,0.18498411153415897,1.9093224368283361,16,0.2745171417285183,9619.8,5.405869680950091,6.7485147040603986
119,Latvia,2006,0.1677434807334854,2.0176334249202243,16,0.2590793810516372,9739.1,5.961483543964503,7.520506014951652
119,Latvia,2007,0.13103589183530273,2.210568766346877,18,0.19139771345855205,14231.1,7.631496882219771,9.120902580476974
119,Latvia,2008,0.14373477767589876,2.199360853656249,20,0.24930884126542352,10779.0,6.957258474040681,9.019247038056308
119,Latvia,2009,0.18654947947241723,1.9414868771948997,19,0.29430471570004296,8615.9,5.360508122714208,6.969105474790895
119,Latvia,2010,0.16122706292589753,2.109169506315653,19,0.2542548734013049,10023.8,6.2024326552398685,8.241394016033027
119,Latvia,2011,0.25150404236635787,1.8045102682998533,18,0.4413267921212565,17071.25,3.9760792335231416,6.07699462274848
119,Latvia,2012,0.160498464492627,2.124477117542784,19,0.260062917659932,10235.6,6.2305892032128325,8.368520591315658
119,Latvia,2013,0.19249153336843494,2.0482569982358583,20,0.3358411668834269,12148.6,5.195033685382764,7.754373433778159
119,Latvia,2014,0.1776675162730331,2.1205239055060483,20,0.33422657854366905,11818.33,5.628490908057924,8.335503360041558
119,Latvia,2015,0.22741446889381622,1.8754880965009393,19,0.38534097346968393,12196.99,4.397257592554137,6.524002686206482
119,Latvia,2016,0.2799932783290925,1.711281141248964,23,0.4689694536545948,12474.16,3.571514309085097,5.536049397580769
119,Latvia,2017,0.21907028407395868,1.977083401910381,22,0.4011833422732831,13460.18,4.564745073605681,7.221649590237215
119,Latvia,2018,0.14726017290069046,2.149626385083859,23,0.20635308963084095,13979.34,6.7907023352090015,8.581651565125197
119,Latvia,2019,0.18259395826317265,2.104466326403362,23,0.3160353886092165,15011.609999999999,5.476632466440648,8.202724263929099
119,Latvia,2020,0.16475220103953298,2.2814259688256397,25,0.33522686552297565,16464.82,6.069721640684156,9.79063159562535
119,Latvia,2021,0.11402635339703128,2.5188389996515084,27,0.2470966177355564,13360.28,8.769902484893771,12.414175431667395
119,Latvia,2022,0.1498865502209843,2.2881387421923787,27,0.273627356406178,17063.06,6.671712695539768,9.856574970484775
119,Latvia,2023,0.13056876462619174,2.3887808048261334,25,0.2556957936495729,14302.66,7.658799582449314,10.900196371711157
119,Latvia,2024,0.1370702083287651,2.3881230407206777,25,0.2506783697959115,15496.71,7.295531335310178,10.89302897128321
120,Lao People's Democratic Republic,2015,0.32780886996389264,1.587054883441427,17,0.535083695895875,27296.44,3.0505580892614272,4.889328062148143
120,Lao People's Democratic Republic,2016,0.93558431404092,0.16925107880673274,4,0.9669355184356587,183853.48,1.0688507545416828,1.184417483722405
120,Lao People's Democratic Republic,2017,0.904310220512019,0.2400625454249805,5,0.9502110435066248,98318.59,1.105815213980222,1.2713286636263386
120,Lao People's Democratic Republic,2018,0.7064381228486006,0.5597396766410523,4,0.830679077702471,63422.05,1.4155521448469646,1.7502168186652665
120,Lao People's Democratic Republic,2019,0.6410528849374436,0.6430881369863224,8,0.7756976355559959,148585.46,1.559933702033934,1.9023465243483695
120,Lao People's Democratic Republic,2020,0.487492753422556,0.7779490123315589,11,0.5365583474882368,256095.0,2.0513125435799155,2.1770026778839533
120,Lao People's Democratic Republic,2021,0.6137609577252252,0.7091126894614428,10,0.7555107311873641,142967.87,1.6292988131833732,2.0321872772318397
120,Lao People's Democratic Republic,2022,0.7013251108236342,0.6378669671081293,9,0.8299477906162858,159141.89,1.425872230391983,1.8924399344768403
120,Lao People's Democratic Republic,2023,0.6004318148582513,0.8368537205100461,10,0.7606084799931337,106024.84999999999,1.66546804358806,2.309090491801103
121,Lebanon,2005,0.31137212780099943,1.5291601425038488,19,0.498110737815786,97405.75,3.211591246340162,4.6142998401611655
121,Lebanon,2006,0.2647336271563199,1.762685244866155,17,0.4708553632339751,87466.35,3.777381856402852,5.828066186251292
121,Lebanon,2007,0.2834271007589797,1.7245310086688361,23,0.4961471294218562,84404.59999999999,3.5282441139966303,5.609889423132824
121,Lebanon,2008,0.17067205241861244,1.9496213169099572,19,0.2539825461717166,92180.35,5.859190100715905,7.026026439353724
121,Lebanon,2009,0.17392918034867627,2.0293331451259835,20,0.3010533244566941,99812.55,5.749466524221511,7.609010560778857
121,Lebanon,2010,0.15204481484574453,2.153971849433822,26,0.23120457590867666,102650.65,6.577008239409805,8.619023967477538
121,Lebanon,2011,0.15410415818353695,2.21637881627652,23,0.2618768960865854,106419.85,6.489117566892693,9.174049724146279
121,Lebanon,2012,0.14521417308325424,2.1546149247545685,24,0.23294504221228646,113059.5,6.886380156754256,8.62456843164291
121,Lebanon,2013,0.17147500219678988,1.9343699672982855,21,0.2277635552249026,126618.15,5.831753825274018,6.919683055125917
121,Lebanon,2014,0.15490447046995776,2.1285245155123267,28,0.2567394084893451,139806.78,6.455591610533541,8.402459961302338
121,Lebanon,2015,0.15420741423243867,2.142678906769992,30,0.23002880358144068,139027.85,6.484772505767382,8.522237355426899
121,Lebanon,2016,0.14563108448197462,2.1638633253763855,28,0.23365111806257727,139270.38,6.8666658876922275,8.704701877625062
121,Lebanon,2017,0.14383536099292243,2.1981881183773986,33,0.22949524463834223,180881.09000000003,6.952393299511419,9.008676048563801
121,Lebanon,2018,0.14670716076164775,2.192264887430869,27,0.20710894877670238,142529.09,6.816299864358226,8.955473301434761
121,Lebanon,2019,0.1913398387072823,1.9465851847296212,29,0.3337728672686853,170157.51,5.226303140820723,7.004726844935143
121,Lebanon,2020,0.45599081779131934,1.2551115878467427,33,0.6526652317714398,254318.21999999997,2.1930266158509406,3.5082298283138433
121,Lebanon,2021,0.422590156894683,1.23383084689259,34,0.600989760360794,121332.4,2.366358950119176,3.4343608788500695
121,Lebanon,2022,0.3074726040099548,1.5885660264260961,30,0.4990611401238021,138971.75,3.2523222783374344,4.896722121282238
121,Lebanon,2023,0.251268153687139,1.793919719677924,28,0.3795904416705206,116504.04000000001,3.979811947220052,6.012975512831881
121,Lebanon,2024,0.20606603095912335,1.8732116515041748,28,0.34042634423314366,159511.95,4.852813417842588,6.50916804446192
122,Lesotho,2016,0.8649467255554324,0.3092385898298179,4,0.9286636355014708,12758.57,1.1561405696493527,1.3623873835034581
122,Lesotho,2017,0.6707252902303421,0.6937801710612465,5,0.8112654518598813,13432.04,1.4909233550095862,2.001266381764132
122,Lesotho,2018,0.694505919824263,0.5558090177078214,3,0.8192656526731996,8960.61,1.4398725359361066,1.7433508160890914
122,Lesotho,2019,0.7002620692809395,0.5400668108699437,3,0.8224287880709413,11196.86,1.4280367934634028,1.716121513926099
122,Lesotho,2020,0.9670646117415649,0.08509831299401631,2,0.9832518037946495,10777.28,1.0340570711186738,1.0888241069945022
122,Lesotho,2021,0.918266368189917,0.19101928110231892,4,0.9575128326823592,7985.47,1.089008630438242,1.2104827912988503
122,Lesotho,2022,0.9348806258031801,0.16543626697022215,3,0.9665303086649312,11966.05,1.0696552826098777,1.1799077612265945
122,Lesotho,2023,0.7954943339938727,0.40446334166223663,3,0.8866938373764444,14873.86,1.2570799781556992,1.4984981027318534
122,Lesotho,2024,0.8900557920443365,0.2567121000926068,4,0.9424387398632362,14332.73,1.123525074426106,1.292672912769862
124,Libya,2016,0.28580040457779254,1.789572163893685,16,0.5003624504918804,154338.32,3.4989453618068906,5.986890510448642
124,Libya,2017,0.25151032665942785,1.7006236691601038,13,0.407952842476991,272570.72,3.9759798863213596,5.477362388702906
124,Libya,2018,0.21475016438099273,1.83201969883448,16,0.3750379193468092,140891.14,4.656573851211956,6.246489955290851
124,Libya,2019,0.3068354883240453,1.4481453382407883,18,0.40813924510823335,309943.24,3.2590754265813997,4.255215207238881
126,Lithuania,2005,0.33370333935966784,1.4184831878712985,16,0.43706905603584056,22856.8,2.9966736380848524,4.130849962560245
126,Lithuania,2006,0.19780657278488856,1.9486703744798441,18,0.36437696722829105,27005.0,5.0554437394124605,7.019348268478718
126,Lithuania,2007,0.16110083705234354,2.1197914891496645,22,0.3099738093266687,22947.100000000002,6.207292390883657,8.32940053621878
126,Lithuania,2008,0.1232153914064084,2.3640946517701042,21,0.21764669214429222,20854.9,8.115869199340873,10.634406616713528
126,Lithuania,2009,0.21726633464555944,1.9878653035224036,23,0.4161729531629232,22702.100000000002,4.602645879912156,7.2999339744854135
126,Lithuania,2010,0.14942474949780588,2.152922259256049,22,0.230492145538382,25721.05,6.692331781454208,8.609982270447539
126,Lithuania,2011,0.1544592412087655,2.219550298765083,25,0.3107920783337307,22651.8,6.474199874181762,9.203191248686819
126,Lithuania,2012,0.11780225380627384,2.3580436886895253,23,0.1997717130177149,24267.7,8.488801934507153,10.570252507710038
126,Lithuania,2013,0.1726386334069353,2.1583099745846352,24,0.3063554188798807,25754.4,5.792446222873238,8.65649559165808
126,Lithuania,2014,0.14887492373824499,2.191976245952831,26,0.2657541101587912,25858.489999999998,6.717047941251819,8.952888753406329
126,Lithuania,2015,0.15331993267553,2.125172363229034,20,0.2584330326591951,23263.28,6.5223091515197416,8.374340792157387
126,Lithuania,2016,0.1513203165990912,2.1574634176358445,24,0.2491941603553236,27713.329999999998,6.60849793652894,8.649170476163965
126,Lithuania,2017,0.17400726129459612,2.096258278557921,21,0.33431421873790595,28939.84,5.746886610133984,8.13567147342071
126,Lithuania,2018,0.3156977189514159,1.7020067131529129,23,0.5309740359476854,30274.55,3.167587030154926,5.484943062845591
126,Lithuania,2019,0.3119678013513044,1.7623824255174279,26,0.5341067800729605,34396.68,3.2054590110532213,5.826301602233009
126,Lithuania,2020,0.3521348436619114,1.6865480336227363,24,0.5715270241450785,47593.55,2.8398212162159995,5.400805092293651
126,Lithuania,2021,0.20058514674025868,2.1756689039369985,27,0.4030915870866751,35570.08,4.9854140062270815,8.808074908100915
126,Lithuania,2022,0.19203443619092025,2.046043522453072,25,0.35043988880299454,43231.38,5.207399359382616,7.73722829814325
126,Lithuania,2023,0.30905888824387995,1.6758163960392574,25,0.5116275891232439,48289.03,3.2356293186782414,5.343155499931689
126,Lithuania,2024,0.24170671137779318,1.9110571764752358,26,0.4297609686769042,46304.81,4.137245483585174,6.760231780175087
128,"China, Macao SAR",2006,0.8671108524802539,0.33001873842032703,13,0.929777207057929,54979.3,1.1532550851366172,1.3909941932534386
128,"China, Macao SAR",2007,0.8620613382212523,0.3172037410119528,14,0.926510105160538,60417.15,1.1600102633802898,1.3732823373577552
128,"China, Macao SAR",2008,0.7477937157581446,0.4810519241260933,11,0.8546953381671832,50663.55,1.3372671887007745,1.6177752842887363
128,"China, Macao SAR",2009,0.6257730708622429,0.685058999706736,12,0.765739776102819,49049.3,1.5980233834960582,1.9838888809464763
128,"China, Macao SAR",2010,0.554347108405608,0.8580180596299406,7,0.7226067522768786,47027.1,1.8039239040610529,2.358481688412372
128,"China, Macao SAR",2011,0.6708120334916796,0.6583684198704728,13,0.8063759670147352,52920.600000000006,1.4907305624719438,1.9316381395350142
128,"China, Macao SAR",2012,0.5634050854479126,0.8963264352173629,16,0.7244759937507209,47685.5,1.7749218561010862,2.4505841757528786
128,"China, Macao SAR",2014,0.4649210209803177,1.0364655780630463,24,0.6117866242130047,58956.83,2.150902959585333,2.8192350183558146
128,"China, Macao SAR",2015,0.7822689079990812,0.4939664263735718,13,0.8807954615506909,61642.2,1.2783327955061388,1.6388035392923106
128,"China, Macao SAR",2016,0.5498212209084681,0.850426150348423,20,0.6999880408760313,62880.86,1.8187730156135167,2.34064410572206
128,"China, Macao SAR",2017,0.5564390073955423,0.9096792772258393,21,0.7185859704789889,63913.799999999996,1.79714216061268,2.483525882328897
128,"China, Macao SAR",2018,0.4912506809340436,1.0278164730614652,19,0.6618720248476332,69093.09999999999,2.0356205880440545,2.7949563045816137
128,"China, Macao SAR",2019,0.5295095218517836,0.998920276667746,22,0.7005954124958309,76486.47,1.8885401654399572,2.7153484200649403
128,"China, Macao SAR",2020,0.45768524981836284,1.1162624802826053,21,0.6355918623355131,63964.78999999999,2.1849076420899745,3.053420630189392
128,"China, Macao SAR",2021,0.4758626797505067,1.0647104380765882,24,0.6470603997742117,57097.73,2.1014465780848726,2.899999133144193
128,"China, Macao SAR",2022,0.4551849155753116,1.077453987308321,25,0.6176605339417746,54850.55,2.1969093565767497,2.937191895433413
128,"China, Macao SAR",2023,0.45097130765258425,1.0984888028923099,26,0.6129904468200604,56020.09,2.2174359721580608,2.9996295655447645
128,"China, Macao SAR",2024,0.45305912637896173,1.095323187826322,23,0.6188112510910315,56254.1,2.20721742875465,2.9901489069747282
129,Madagascar,2005,0.42487709845791666,1.1756737505286843,14,0.6062153419478342,602727.9,2.3536217970549154,3.240325379484354
129,Madagascar,2006,0.39585696212259786,1.24686127202914,10,0.5884122120077176,264330.0,2.526164993127739,3.4794048951741816
129,Madagascar,2007,0.4919096837998253,0.9616984117156661,15,0.6403952831020726,348084.69999999995,2.032893502472567,2.616135978297705
129,Madagascar,2008,0.4634453826639144,0.9986178735504961,12,0.6105179669619617,311925.3,2.1577515655716204,2.7145274143818887
129,Madagascar,2009,0.572270788028646,1.0458850159433777,16,0.7478107504327168,216249.90000000002,1.747424507626525,2.845916090557678
129,Madagascar,2010,0.755404750926679,0.6539186002631804,17,0.8673128313963624,236348.4,1.3237936335100728,1.9230617940143504
129,Madagascar,2011,0.5484842745961529,0.9097806528012551,15,0.7172756142241901,372396.6,1.8232063275401953,2.4837776639563156
129,Madagascar,2012,0.3596712139596394,1.2296758191470678,16,0.48877054107742823,349084.05,2.7803170261832943,3.4201206189351208
129,Madagascar,2013,0.37018662706651106,1.0883396145635573,14,0.424080458012416,738949.4,2.701340153544582,2.9693397287988708
129,Madagascar,2014,0.46784035890459624,0.8578483425906174,15,0.5202032701456613,696637.47,2.1374812603628404,2.358081447847699
129,Madagascar,2015,0.5275229244597599,0.7039734786671297,12,0.6299018367965342,495977.09,1.8956522145916357,2.021770229071268
129,Madagascar,2016,0.451792047975044,0.9345584954715581,15,0.506490121736449,453484.56,2.2134077048988647,2.5460890996853576
129,Madagascar,2017,0.30662932573473456,1.3451103072860622,17,0.42662054280991657,1116897.06,3.2612666697936823,3.8386099438924433
129,Madagascar,2018,0.3011448111995333,1.426570658515716,20,0.4037807425850501,1161723.6300000001,3.320661564835721,4.1643935489215265
129,Madagascar,2019,0.25893598919633737,1.519941482063383,16,0.3301195776592044,804990.67,3.8619583284027517,4.571957645786285
129,Madagascar,2020,0.31621875607724675,1.2790706125060576,16,0.4448117870845635,902723.65,3.16236776213147,3.593298606425789
129,Madagascar,2021,0.6622242509987931,0.6170204193419285,14,0.7964704368499086,1232382.54,1.5100624878834623,1.8533974593081524
129,Madagascar,2022,0.647456371692343,0.6121818890604244,18,0.7805385139308886,1443529.23,1.5445056126116523,1.8444513999205399
129,Madagascar,2023,0.7002367549485607,0.5428389670337526,17,0.8200525635763878,821431.93,1.4280884185713156,1.7208854709242951
130,Malawi,2007,0.6005704745753353,0.890288975649854,10,0.7642320988090923,5655.35,1.6650835203097558,2.435833446148225
130,Malawi,2008,0.2729891634236244,1.657667821661695,15,0.447939867697488,10483.55,3.6631490695775373,5.2470594853512
130,Malawi,2009,0.5744157973132967,0.8414239025164216,7,0.7371198769194816,10269.7,1.7408991965006526,2.3196676068783684
130,Malawi,2010,0.4062863328895356,1.1441613054907802,9,0.5363589479112945,1454.25,2.46131833401319,3.1398069134286763
130,Malawi,2011,0.23715106480129505,1.7169552969711943,11,0.3944502985598876,569.4,4.216721526584261,5.567551092189851
130,Malawi,2013,0.4421086227894061,1.1784108625797942,12,0.625,1923.2,2.2618875734444557,3.2492066621182025
130,Malawi,2014,0.27260477743009814,1.4720936795592372,13,0.4043928611349156,536.78,3.668314287912368,4.35835058485528
130,Malawi,2015,0.3358259558047488,1.2552100747842885,12,0.39232382283789796,1258.96,2.977732908118055,3.5085753601407474
130,Malawi,2016,0.6369576873942495,0.826583970755312,16,0.7911747870966037,16649.57,1.5699629972140408,2.285498061818315
130,Malawi,2017,0.3648886408330743,1.3304580722574741,17,0.5563393697915816,1837.17,2.74056215539324,3.7827757753980418
130,Malawi,2018,0.9938341790319467,0.02555187294266075,20,0.9969110905822832,555717.1699999999,1.0062040741787117,1.0258811203627802
130,Malawi,2019,0.8817269396181578,0.33045405260949934,11,0.938501613072444,12200.320000000002,1.134137968420316,1.3915998445775615
130,Malawi,2020,0.3149932352475446,1.444612248955942,15,0.5022713881127521,4734.99,3.1746713519549945,4.24020767906519
130,Malawi,2021,0.27946557534602,1.4259443516203159,20,0.36880374746556666,2288.48,3.5782582479500418,4.161786177119377
130,Malawi,2022,0.2127801566876093,1.6943972361185284,11,0.3009882001971073,1126.29,4.6996863597019445,5.443363913000441
130,Malawi,2023,0.29370696381585765,1.344601701497512,15,0.3628690666562658,1281.95,3.404754136599088,3.836658101056351
130,Malawi,2024,0.41464537827455733,1.145456389204784,16,0.5613709876463023,7698.099999999999,2.41169937588898,3.1438758604721815
131,Malaysia,2005,0.42435701186160846,1.0098562736231826,12,0.4752535730294291,1147041.35,2.3565063662153425,2.7452064280877964
131,Malaysia,2006,0.45466453011536573,0.9276095397702147,11,0.5466934843891379,1425574.7000000002,2.199423825179989,2.5284577699330653
131,Malaysia,2007,0.47314933810197657,0.8854672270954644,9,0.5802073236017187,1379027.75,2.1134976200357123,2.424116739956484
131,Malaysia,2008,0.4664128528103112,0.8684273370867646,12,0.5398456734121698,1989851.55,2.144023248876242,2.3831599975368647
131,Malaysia,2009,0.6510054218942108,0.7117959193515385,10,0.7941496997316075,2142291.75,1.5360855169075707,2.037647425016288
131,Malaysia,2010,0.47801086776157775,0.9156920384464422,13,0.6408389624499756,1845775.1,2.09200264563604,2.4985037143835935
131,Malaysia,2011,0.4018536883950963,1.0776277408536947,17,0.5350569529977941,2058087.45,2.4884678898774113,2.9377022872785994
131,Malaysia,2012,0.6050662874445759,0.8333213140587277,15,0.7645650521033155,2002828.4000000001,1.6527114809575307,2.3009482349979336
131,Malaysia,2013,0.4375985405735024,1.1429030759162604,17,0.6264926813329325,1764505.05,2.285199577424167,3.1358587998494216
131,Malaysia,2014,0.3096870636483898,1.3305248941435375,15,0.40659046959605516,1857731.96,3.2290661037600605,3.7830285560554544
131,Malaysia,2015,0.2880408392297426,1.3952960694362802,16,0.3992281561736739,2096615.85,3.4717299209172063,4.036169382143888
131,Malaysia,2016,0.3487738796438642,1.2942007414754484,15,0.5174010050229324,1640481.97,2.8671871902251054,3.648079050329228
131,Malaysia,2017,0.3625049326722093,1.2208170685209516,17,0.4450716818901929,1463190.35,2.758583152589093,3.389956429045936
131,Malaysia,2018,0.4249642566271299,1.153308602226299,15,0.5947774628539684,1603922.3399999999,2.3531390803001466,3.168659418991899
131,Malaysia,2019,0.33339627300579805,1.348920646811077,14,0.47808575691940014,1927335.79,2.9994336498854897,3.853264252297931
131,Malaysia,2020,0.2874943657619912,1.4742691129567693,15,0.4363229013736703,2405254.0599999996,3.478329035595337,4.367842206728071
131,Malaysia,2021,0.26109640870685724,1.4909457853036514,13,0.38732602773180413,2271422.36,3.830002890322163,4.441294043875027
131,Malaysia,2022,0.27312751055729956,1.413529596233122,15,0.3479058196602807,2440867.3899999997,3.661293576613951,4.1104380166884695
131,Malaysia,2023,0.22802177811299762,1.5735268597123742,14,0.2820212596307808,2804152.18,4.3855460135235145,4.8236304971389385
131,Malaysia,2024,0.27037404654501834,1.4541731070337491,13,0.40589912866356137,3368326.94,3.6985798480975727,4.2809421207187635
132,Maldives,2005,0.5642957826336985,0.935879843395477,12,0.7365559065922431,35418.9,1.7721202794264552,2.5494555928959333
132,Maldives,2006,0.6616808250055369,0.6924767787043609,10,0.803208583213138,39519.0,1.5113026737500395,1.998659645627061
132,Maldives,2007,0.6047128418465086,0.7887290500115856,9,0.7612567245572233,40709.0,1.6536774660621896,2.2005977984282388
132,Maldives,2008,0.6177161875750516,0.8186913108104583,12,0.7757865544611265,52285.0,1.6188664310800522,2.2675304023978056
132,Maldives,2010,0.6431085484336463,0.7499736812351367,10,0.7913082319790039,44998.9,1.5549474539494115,2.1169443005202147
132,Maldives,2011,0.6737758145730754,0.687828461698073,14,0.8103353722843282,47410.0,1.484173189911291,1.9893908009598653
132,Maldives,2012,0.6886201870278631,0.6706101157590231,15,0.8205935354364835,43839.0,1.4521793273532624,1.955429995419974
132,Maldives,2013,0.6913132778032566,0.662814384285263,14,0.822324295760335,49202.0,1.4465221949412546,1.9402452532485042
132,Maldives,2014,0.6754683168375306,0.683343424749762,27,0.8102971318612783,48807.96,1.4804543382314237,1.9804882886844182
132,Maldives,2015,0.6945913602611952,0.6710542032404876,25,0.8254368963787765,52597.13999999999,1.4396954197990002,1.95629857024915
132,Maldives,2016,0.6584769779114505,0.7835130342066549,29,0.803987574847177,64723.549999999996,1.5186559796999861,2.1891493291859554
132,Maldives,2017,0.7529337201805961,0.5709968071401426,23,0.8632619038822175,57921.020000000004,1.328138152399581,1.7700305514449632
132,Maldives,2018,0.7395067600013195,0.5931814833758459,23,0.8543364840430822,63955.96000000001,1.3522526825829362,1.80973691407938
132,Maldives,2019,0.7610547361813392,0.5793269608376566,30,0.8685383869823687,63751.689999999995,1.3139659376112554,1.7848367613713654
132,Maldives,2020,0.7429757489430265,0.5642401433083908,27,0.8549166524688769,65327.07,1.3459389507970103,1.758111362358857
132,Maldives,2021,0.7817704965579683,0.5362320068991965,27,0.881053415275973,57594.759999999995,1.2791477862145826,1.7095531266184791
132,Maldives,2022,0.8007737400220596,0.4909773602795557,43,0.8921679834637836,59375.13,1.2487921993701394,1.6339123608677448
132,Maldives,2023,0.8079465163559347,0.5048942211171112,22,0.8972576382484838,58209.68,1.2377056893694898,1.6568102556533548
132,Maldives,2024,0.8351053233490193,0.43001209315578043,34,0.9124785207295256,70824.1,1.1974537486956787,1.5372761139553963
133,Mali,2005,0.2515667231183691,1.5980061442068312,25,0.33837817255892727,403134.75,3.9750885475002686,4.943166630755306
133,Mali,2006,0.24976410289066092,1.7588365420443248,22,0.4039046658762784,225627.5,4.003777918549686,5.805678800306631
133,Mali,2007,0.20705922022034562,1.7504473559235068,15,0.2892266325874992,198674.65,4.829536201941806,5.757177607512758
133,Mali,2008,0.23776943198745334,1.647090095708394,20,0.37031625884277053,239560.1,4.205755094930656,5.191850038029632
133,Mali,2012,0.5096139973450331,0.7940831034992542,12,0.6157870151357582,706664.3,1.96226949261551,2.212411514157947
133,Mali,2016,0.2966508155976148,1.3780034520115372,20,0.40994266529392637,289775.62,3.370966629521852,3.966973462760319
133,Mali,2017,0.24009484115934893,1.5511975283456727,20,0.3153030973715227,305996.55,4.16502076917308,4.717115681331897
133,Mali,2018,0.30546067895279155,1.441050053316221,22,0.4366667843345469,124927.88999999998,3.2737437873453703,4.225130100345477
133,Mali,2019,0.4898752706816785,1.161690263065735,29,0.6839462215390211,279338.60000000003,2.0413359478392636,3.195329661885956
133,Mali,2022,0.8013514344670158,0.4619484958655725,22,0.8917847550950814,688031.7099999998,1.2478919447684107,1.5871635556353165
133,Mali,2023,0.45489600216785714,0.9445257593809646,20,0.5431783026570468,721067.83,2.1983046569642064,2.571593535251494
134,Malta,2005,0.18385338218057407,1.7924730385093097,9,0.23119633484025606,3295.9,5.439116692549265,6.004282943594287
134,Malta,2006,0.19133938265978023,1.7726550642392949,10,0.2357598733144585,3125.85,5.226315597443397,5.886461565419747
134,Malta,2007,0.1927779861758518,1.8254590997932785,11,0.2812033951356029,2715.65,5.187314277096979,6.205643374805612
134,Malta,2008,0.3767817702809784,1.1821393010204289,8,0.43962074327002226,1640.05,2.6540562173543254,3.2613437412549677
134,Malta,2009,0.21268042589392946,1.7531685434740727,13,0.3042426746715604,4114.15,4.701890151840922,5.772865302444358
134,Malta,2010,0.21196986899862053,1.7229359631654424,11,0.31062002778128556,3959.5,4.717651639471966,5.600948526697843
134,Malta,2011,0.19965186926437845,1.7497625999044166,10,0.30150197201361495,3701.8,5.008718444182472,5.7532366949288365
134,Malta,2012,0.20317104291314425,1.8003920399933895,13,0.27699099972488245,3816.55,4.921961248323663,6.052019633127024
134,Malta,2013,0.20695550637157856,1.831074427303582,14,0.3247285109515921,4346.400000000001,4.831956479594935,6.240588116027852
134,Malta,2014,0.20938668849197015,1.7964109905934997,17,0.31446752595509164,4307.4400000000005,4.7758527879786845,6.027974138906197
134,Malta,2015,0.22805021105504047,1.7000920193014402,16,0.3033739018766599,4796.820000000001,4.384999230536329,5.4744511237184845
134,Malta,2016,0.22798170358165862,1.7005311946371784,15,0.33857655097760636,5321.16,4.386316903022085,5.476855895648334
134,Malta,2017,0.20240350109134558,1.885973479689026,17,0.3472014992967929,6072.18,4.940626000084334,6.59276924612326
134,Malta,2018,0.21686206705326688,1.7705961437456754,16,0.33463235774650796,5814.62,4.611225990732507,5.874354277316654
134,Malta,2019,0.1916388566049728,1.8206907225557947,16,0.2861792177858488,7445.02,5.2181484366780095,6.176122964354678
134,Malta,2020,0.17278948044963466,1.9027049894669137,16,0.247180886531185,7468.66,5.787389356098468,6.704004198630246
134,Malta,2021,0.178075123069031,1.9443951719274843,18,0.2539433011867963,6043.16,5.615607518700683,6.989403189095049
134,Malta,2022,0.17849345818404314,1.890395535855616,19,0.2363937459548279,7771.61,5.602446219451405,6.621987396561772
134,Malta,2023,0.18743893186252275,1.8736362453269444,18,0.2438377755136461,10138.79,5.335070948512718,6.511932383824147
134,Malta,2024,0.19165008226921934,1.9240564152269342,25,0.2984984485383507,11540.73,5.217842790149476,6.848683302789729
136,Mauritania,2005,0.9611605688361987,0.11356800003044477,6,0.980276374261886,32854.0,1.0404088894437578,1.1202680645648737
136,Mauritania,2007,0.9361616117577032,0.19838386907627328,10,0.9674289714549631,34426.3,1.0681916321290255,1.2194304056116507
136,Mauritania,2008,0.4993125608672103,1.199549871355756,17,0.689028384352297,112436.95,2.0027535423166434,3.31862277931099
136,Mauritania,2010,0.4195271108751968,1.3536685536286934,14,0.6205356961325293,98369.2,2.383636180064381,3.871602692063395
136,Mauritania,2011,0.50608798840722,1.1314890812878495,14,0.6957776829916653,123670.25,1.9759409883392791,3.1002696180940674
136,Mauritania,2012,0.3158459315654436,1.6817887852901454,23,0.519108987344508,178132.15,3.1661006207794036,5.375162388063715
136,Mauritania,2013,0.2089587839610883,1.969319519456871,22,0.3512291298469428,177214.8,4.785632750361991,7.165798642343094
136,Mauritania,2014,0.2654433315412753,1.6788706824769288,21,0.42132827744463713,168795.91,3.76728243348055,5.359499974957692
136,Mauritania,2016,0.3339938823927093,1.3685065465329607,17,0.5033131723049769,56951.46,2.9940668159430603,3.929477818855851
136,Mauritania,2017,0.3282277176355036,1.4728332498159056,15,0.4887387661344274,53437.75,3.0466653066469496,4.361575083540659
136,Mauritania,2018,0.38268214231204994,1.2255665440856018,10,0.5532719847245897,77311.18,2.6131347388156185,3.406095239375957
136,Mauritania,2019,0.25143284580748526,1.5035951752641445,8,0.35323878401584335,79982.95,3.9772051133115305,4.497830526320897
136,Mauritania,2020,0.3290793943203571,1.3370304621776645,9,0.5009488052202757,58473.54,3.0387803589625704,3.807719533035451
136,Mauritania,2021,0.24835969376919845,1.5474882740279796,12,0.36860816039920513,53546.4,4.02641823567919,4.699651109916277
136,Mauritania,2022,0.4337062114216132,1.067401377907567,10,0.5955747128334319,48459.68,2.305708273631071,2.9078133654204756
136,Mauritania,2023,0.3721606160105982,1.2037614507351229,12,0.4899740374523559,43447.200000000004,2.6870118894351855,3.3326288958092785
136,Mauritania,2024,0.30731176932407916,1.2703024647320196,7,0.36596074029656284,52314.71,3.2540244137068455,3.561929757570123
137,Mauritius,2005,0.3900467130957268,1.0605170303664317,11,0.5225638465793343,126009.1,2.5637954799392864,2.8878637165776184
137,Mauritius,2006,0.6442955339383586,0.7110035698504437,10,0.7884374828231211,120074.2,1.5520827746350212,2.036033535562357
137,Mauritius,2007,0.5070415095303749,0.8722081340617754,7,0.6690724890084231,121843.3,1.9722251160979039,2.3921872960847055
137,Mauritius,2008,0.3116692513810383,1.3089049900995877,15,0.4078609192138931,134019.95,3.208529540751607,3.7021176364295343
137,Mauritius,2009,0.3672329090177403,1.09546909151026,13,0.4929244363262169,158983.8,2.723067501425075,2.9905852125442998
137,Mauritius,2010,0.357076857342078,1.0715813076102891,11,0.4369449882609694,162023.59999999998,2.8005175340781174,2.91999325869167
137,Mauritius,2011,0.3791820896911704,1.048204376696035,13,0.45701469804830974,110565.7,2.6372553640770917,2.852524457274235
137,Mauritius,2012,0.5732378291188536,0.7938202335825342,14,0.7275906529228678,86555.40000000001,1.7444766364026243,2.2118300141602463
137,Mauritius,2013,0.542958128374014,0.8361974444979461,18,0.7030256687775737,93964.35,1.8417626475077926,2.307575588253367
137,Mauritius,2014,0.6659550305012537,0.6568329840298105,21,0.802726515668461,96677.97,1.5016028923864664,1.9286745089189605
137,Mauritius,2015,0.7308706077798333,0.5491829794994768,20,0.8477226348523756,96801.78,1.3682312427882433,1.7318374929543816
137,Mauritius,2016,0.5535040394399271,0.7994567400673358,19,0.7097795527661828,90419.37,1.8066715484350715,2.2243322096315046
137,Mauritius,2017,0.642278716233027,0.6826610672637043,21,0.7859304019205459,88903.88999999998,1.5569564656680717,1.9791373486390293
137,Mauritius,2018,0.5876414062516406,0.7519393929693733,17,0.7356229474661948,96743.22999999998,1.7017180705128505,2.1211096954140176
137,Mauritius,2019,0.6543082991184621,0.6549863653916106,17,0.7922562055603258,91830.95,1.5283315240648516,1.925116268990988
137,Mauritius,2020,0.720163843718821,0.5278946980337329,19,0.8370161513355374,103774.70000000001,1.388572904238216,1.6953593055335887
137,Mauritius,2021,0.5954948858431923,0.6737309923034911,18,0.7298721038006973,84004.06,1.6792755467312666,1.9615421837586475
137,Mauritius,2022,0.48066994673763014,0.8848434817515843,19,0.5927243241876171,97268.49,2.080429631157785,2.4226051798901977
137,Mauritius,2024,0.5496691187615583,0.9164637816027175,21,0.7170428871512634,127521.41000000002,1.8192762988997229,2.500432661756326
138,Mexico,2005,0.9978209220417827,0.009709608818487831,5,0.9989096344447905,546422.25,1.0021838367086535,1.0097569000059095
138,Mexico,2006,0.9973962185854165,0.011773845163212096,6,0.99869702194416,588229.3999999999,1.002610578791121,1.0118434297025505
138,Mexico,2007,0.993889794080398,0.022739045622496113,5,0.996936950763412,622255.75,1.0061477700606187,1.0229995485021255
138,Mexico,2008,0.9960726481708231,0.016571058440000685,5,0.9980336948191719,625487.85,1.003942836736245,1.0167091199832812
138,Mexico,2009,0.9672940786491276,0.08790715919334066,5,0.9833812603415146,643009.05,1.0338117663208977,1.09188674567609
138,Mexico,2010,0.9881026697050657,0.040488669084444366,6,0.9940212824521122,639602.05,1.0120405810648052,1.0413195105322297
138,Mexico,2011,0.8546745308870277,0.29142701072873134,7,0.9214047297886575,811230.75,1.1700360357786088,1.3383359457600283
138,Mexico,2012,0.7860982115269864,0.4070385047307277,7,0.8794636208927259,749059.75,1.272105680100088,1.5023619525906933
138,Mexico,2013,0.6617319781374481,0.7097736503950216,8,0.8039630557827824,860129.2,1.511185847198532,2.0335309176297955
138,Mexico,2014,0.46773203245060424,1.0376949784042824,8,0.6533622124974706,916328.46,2.1379762997215868,2.8227031182541906
138,Mexico,2015,0.6633876629892701,0.6304104931998754,6,0.7975280108723267,847112.1400000001,1.5074142251815956,1.8783814838538662
138,Mexico,2016,0.6033611350202734,0.7736610252321584,7,0.7553557509619685,850856.87,1.6573821911257163,2.167687704002479
138,Mexico,2017,0.5033990285971535,0.9663519908475238,8,0.676280577299081,1142443.53,1.9864956886920275,2.628338745341732
138,Mexico,2018,0.44096907840843536,1.1738348328466728,9,0.6340752180066144,949835.86,2.267732702731092,3.234372163263462
138,Mexico,2019,0.964804983651722,0.10806096299284279,6,0.9821719883328719,1451181.46,1.036478891532118,1.11411566314141
138,Mexico,2020,0.4006581112877862,1.1979397370444806,7,0.5888229790124178,1013071.91,2.4958935606864983,3.313283650418641
138,Mexico,2021,0.6949887087553139,0.6236426784258695,6,0.824866814918735,837537.5,1.4388722973513401,1.8657118670652313
138,Mexico,2022,0.3817075633107065,1.0459932022489788,6,0.4870258492589514,926874.54,2.6198066166847447,2.846223996360862
138,Mexico,2023,0.4128181293817484,1.0688039499952338,8,0.5741869606114193,773123.06,2.4223742341394665,2.9118946447581386
138,Mexico,2024,0.5198589231747157,0.8339900980237676,7,0.6741022878311462,1239657.92,1.923598798483867,2.3024875869714694
141,Mongolia,2005,0.9086031567601838,0.19825981104476367,7,0.9520443916723728,27455.600000000002,1.1005904971381686,1.2192791348593375
141,Mongolia,2006,0.9979736113106863,0.009588624963207452,9,0.9989861481123141,36691.75,1.0020305032781902,1.0096347431129058
141,Mongolia,2007,0.9939164690955281,0.02441922174963344,10,0.9969517957783037,56344.65,1.006120766778327,1.0247198126903108
141,Mongolia,2015,0.38373225839624775,1.1895266148503247,11,0.5504959510942711,40456.61,2.6059836725203978,3.2855255202024227
141,Mongolia,2016,0.3831029294321325,1.1165797766763463,14,0.43525125407309273,49151.84,2.6102645612297573,3.0543896232648
141,Mongolia,2017,0.4030683634807113,1.1844571309807015,14,0.5830569428020562,64278.009999999995,2.4809687154914966,3.268911748778329
141,Mongolia,2018,0.2883276276399153,1.368316075551692,15,0.3555483194478495,82026.91,3.4682767245907953,3.928729438634441
141,Mongolia,2019,0.4195653213857154,1.024977986069169,17,0.46963914798068856,85170.37,2.3834190983593673,2.787034106314489
141,Mongolia,2020,0.3547292897891847,1.173785944725123,16,0.43943408354677005,108525.56,2.819051115272435,3.2342140447490975
141,Mongolia,2021,0.3023745413436745,1.3218097879131132,14,0.36355323811526935,96896.18,3.307156732032591,3.750202310197536
141,Mongolia,2022,0.4397979365158304,1.0805848066444521,19,0.6046822234318969,107411.79000000001,2.2737714686026167,2.946402122869394
141,Mongolia,2023,0.748070022281312,0.5561124417380751,14,0.8592233750884428,115272.12000000001,1.336773256800751,1.7438798708797645
143,Morocco,2005,0.23826484924202587,1.5306651007717549,10,0.2994730367963067,3292.45,4.197010189212656,4.6212493969410104
143,Morocco,2006,0.2767041998809798,1.3356527117441015,5,0.31876800068778743,2326.3,3.6139675524626487,3.8024770580382956
143,Morocco,2007,0.782601215316117,0.514072231093575,7,0.8822495521114401,20624.55,1.2777899911592507,1.672086472108736
143,Morocco,2008,0.7394285835429327,0.6104868470723962,8,0.8566338324719879,13583.4,1.3523956501769965,1.8413276255650712
143,Morocco,2009,0.8510861669791902,0.3820324971116493,7,0.9216455301386317,22603.05,1.1749691615237485,1.4652597010673665
143,Morocco,2010,0.802247115492804,0.5171629704916635,9,0.8944159250375485,22304.5,1.246498716777212,1.677262450324624
143,Morocco,2012,0.42009433489248615,1.109836272377293,12,0.5422472279429513,38942.2,2.380417722738222,3.0338616268177137
143,Morocco,2013,0.724861840774208,0.659905387546779,10,0.8478838740991156,26578.05,1.3795732424428955,1.9346092876121899
143,Morocco,2014,0.30309530509218297,1.3800738399284138,12,0.4463901405150949,1835.3899999999999,3.299292279357021,3.9751951447828886
143,Morocco,2015,0.24065509780695957,1.6183786068112753,18,0.3488731751180494,4248.22,4.155324400408695,5.044903908828899
143,Morocco,2016,0.24908141279239562,1.7555104409261872,18,0.43464906368380657,7269.9800000000005,4.0147515978379325,5.786400603945425
143,Morocco,2017,0.3161477256065788,1.5290824945534625,17,0.5172383567924557,23729.93,3.163078266912545,4.613941563146027
143,Morocco,2018,0.26636728102059637,1.5503137787557302,16,0.41298880856993553,82670.4,3.7542148426355593,4.712948773805419
143,Morocco,2019,0.2632739029996071,1.5664460818558175,20,0.42786017355357936,74584.46,3.798325578823102,4.789596078405546
143,Morocco,2020,0.2671021150653569,1.5604096434996777,27,0.39962439715488607,129535.76,3.7438864898367097,4.760771064665234
143,Morocco,2021,0.30747781210604613,1.5298080785652926,23,0.49336726299884054,99621.76999999999,3.252267190112273,4.617290580225458
143,Morocco,2022,0.33872268043175235,1.3907477470230682,19,0.4608859201015832,111419.98,2.952267615281479,4.017853267851947
143,Morocco,2023,0.5407733626996226,1.1106089438035527,19,0.7262736570818871,168926.16,1.8492035092258399,3.0362067108810336
144,Mozambique,2012,0.30088399290629325,1.4116291771408271,17,0.45777919015452395,295640.35,3.32354004724817,4.102633879718089
144,Mozambique,2014,0.2553070335050313,1.6599539580095364,25,0.42607200516163973,777675.36,3.916852529565321,5.259068700881582
144,Mozambique,2015,0.3703190740770179,1.2054425093950671,21,0.4460803887605019,1474479.0100000002,2.7003740017777824,3.338235952049742
144,Mozambique,2016,0.3656640953962069,1.300880125315253,28,0.5120660501772838,971123.51,2.7347503148113925,3.6725275300789524
144,Mozambique,2019,0.30575852948342497,1.4826292481720016,29,0.41851069871989827,1889827.96,3.270554714170973,4.404511022734381
144,Mozambique,2020,0.18970530298369906,1.8748156565193361,26,0.2985082295249148,2110818.69,5.271333928318955,6.5196171606268125
144,Mozambique,2021,0.20869218621064672,1.7250079730474912,20,0.314033625202126,3075723.37,4.791746246745599,5.612565778768265
144,Mozambique,2022,0.221684209129243,1.7468004417457477,22,0.37059778613625594,2584952.22,4.510921206016055,5.736219913555731
144,Mozambique,2023,0.3427276755189652,1.4273176506128744,24,0.5227690335683665,1409574.0999999999,2.9177684541692748,4.1675054801413385
144,Mozambique,2024,0.2165581448284207,1.706548065791264,20,0.3175890939316346,1464907.01,4.617697481626938,5.509908769626959
145,Micronesia (Federated States of),2005,0.9816058335553294,0.058314143691917786,4,0.9907312728301694,12439.679999999998,1.0187388520074783,1.0600479507865508
145,Micronesia (Federated States of),2006,0.9999572236433671,0.00025137293910757044,2,0.9999786113642098,9350.76,1.0000427781865278,1.0002514045359323
145,Micronesia (Federated States of),2007,0.9985970931265489,0.005898907225972084,3,0.9992980692375446,8832.78,1.0014048777861537,1.0059163400405307
145,Micronesia (Federated States of),2008,0.9928095997585534,0.024632463205416087,3,0.9963924297569884,10611.02,1.0072424765465555,1.0249383487345822
145,Micronesia (Federated States of),2009,0.9838291033347081,0.04776224251460622,3,0.9918487380714274,11799.400000000001,1.016436692724865,1.0489212367994472
145,Micronesia (Federated States of),2010,0.9844645158398407,0.04655487347952959,3,0.9921722336851562,12266.59,1.0157806441067163,1.0476555659975202
145,Micronesia (Federated States of),2011,0.9694644499750236,0.08924123027086758,4,0.984534593366893,12046.239999999998,1.0314973385829291,1.0933443722759921
145,Micronesia (Federated States of),2012,0.9917452827117563,0.026872711652321198,2,0.9958554641787042,11817.97,1.0083234248068946,1.027237039135937
145,Micronesia (Federated States of),2013,0.9993001446832852,0.0031354902315241656,2,0.9996499498065047,11884.01,1.0007003454572065,1.003140411022707
146,Republic of Moldova,2005,0.7012824227779226,0.7162534009136527,15,0.8331285644316418,24092.2,1.4259590252366459,2.0467504741076534
146,Republic of Moldova,2006,0.746220616041543,0.6680051197045571,20,0.8618213531068176,23047.7,1.3400862673892258,1.9503427370179995
146,Republic of Moldova,2007,0.6104625004375711,0.9525584326194146,19,0.7743383140394716,27452.6,1.6381022573593198,2.5923334929555324
146,Republic of Moldova,2008,0.22439256596482351,1.8951449265220033,23,0.39857576877943707,12441.8,4.456475622087958,6.653512605203043
146,Republic of Moldova,2009,0.23541565950656634,1.7079477895633386,17,0.3759642586609365,19406.1,4.247805783591501,5.5176265200130405
146,Republic of Moldova,2010,0.15056822017708596,2.0434253997551113,22,0.20353285108765717,23038.05,6.641507741964952,7.716997779662342
146,Republic of Moldova,2011,0.2616784058457153,1.5939580657179169,20,0.4068316711753543,18575.25,3.82148460729158,4.923196751340296
146,Republic of Moldova,2012,0.3836273954206766,1.2999772922981683,14,0.5749000670825618,19900.85,2.6066960074721046,3.669213347270594
146,Republic of Moldova,2013,0.2189896502079991,1.7251299449275506,15,0.37362910363174323,19321.3,4.566425851861892,5.613250395719418
146,Republic of Moldova,2014,0.2375229814780748,1.667925668991836,20,0.3963177835598839,18789.77,4.2101189273439115,5.301160023628975
146,Republic of Moldova,2015,0.34194243945753416,1.3914299794122622,19,0.5343911676472383,18033.699999999997,2.924468812898523,4.020595312735866
146,Republic of Moldova,2016,0.2240425374633644,1.7490572132196913,24,0.3727722705026447,16194.74,4.463438110111214,5.749179869353745
146,Republic of Moldova,2017,0.17917060104958285,1.9795879219292583,30,0.31776018626035324,16974.09,5.581272787734102,7.239759024459419
146,Republic of Moldova,2018,0.1700050069053502,1.9996265464629785,23,0.2670257347754595,17083.11,5.88217969695885,7.386297144997872
146,Republic of Moldova,2019,0.24708523950219463,1.8459874796714413,26,0.4501564472002205,18469.489999999998,4.047186315195157,6.334351746635756
146,Republic of Moldova,2020,0.23497241373761962,1.9014916956991073,27,0.4333451842488166,18226.44,4.255818732477436,6.695875204542844
146,Republic of Moldova,2021,0.207177984692328,1.7736538699468098,26,0.2970978143211838,17423.42,4.826767677487843,5.89234393401099
146,Republic of Moldova,2022,0.13759658554442136,2.259130381969053,33,0.26102407850439785,19708.45,7.2676222018399015,9.57475916211886
146,Republic of Moldova,2023,0.219850971517842,1.8986642837516239,24,0.40143469195797754,16340.79,4.548535733529133,6.67696994606197
146,Republic of Moldova,2024,0.11474092421193177,2.3579753242771035,24,0.1831559647338215,15129.51,8.715286257873903,10.569529903308693
147,Namibia,2012,0.3335277384410268,1.3627973955523274,8,0.5166318288560295,23250.6,2.9982513738563203,3.9071077545118915
147,Namibia,2013,0.3408844412480053,1.4608360831084635,15,0.5209006210023208,26843.7,2.9335454453096177,4.30956117380024
147,Namibia,2014,0.42393345883763045,1.2232745491175672,26,0.6099076789647263,26288.7,2.3588607578695675,3.3982974259149166
147,Namibia,2015,0.42852600734036794,1.1868701957024577,19,0.6105993779958275,31295.61,2.3335806529140806,3.2768093693003317
147,Namibia,2016,0.42839803200976806,1.1718897640164871,24,0.6044043115438555,31109.97,2.3342777633889753,3.2280872011069603
147,Namibia,2017,0.35638003101805377,1.2661123679909638,20,0.5180847403765596,38076.3,2.805993358110857,3.5470361519157856
147,Namibia,2018,0.4070070234163228,1.0685613154960347,26,0.49301008401067253,24908.739999999998,2.456960058345508,2.9111882043661583
147,Namibia,2019,0.38452824891769877,1.1498477452005207,22,0.4502134612736212,26866.7,2.600589170794658,3.1577120962655902
147,Namibia,2020,0.467100235153054,1.0365927365516134,18,0.6291555162687004,27648.489999999998,2.1408681151109494,2.8195935308131324
147,Namibia,2021,0.5056783493714571,0.7818431708675145,19,0.611824860970639,26339.76,1.977541655170663,2.1854967994387438
147,Namibia,2022,0.3604070681745161,1.1554363390672895,23,0.4862253171504484,32066.8,2.7746403672521223,3.175408670143098
147,Namibia,2023,0.5022845240984389,0.8174568750683556,27,0.6149804411465484,43642.64,1.9909034661080212,2.2647330087793445
147,Namibia,2024,0.40633348742722525,1.0875821124607665,22,0.5556847397485666,35943.51,2.4610327008282846,2.9670912994129135
149,Nepal,2009,0.8242302525124745,0.4236575165466943,6,0.9061720744286115,199769.95,1.2132532104369285,1.5275383475792523
149,Nepal,2010,0.8840843578137436,0.24755451465613437,7,0.9384455418927721,177249.55,1.1311137802199156,1.2808891877140671
149,Nepal,2011,0.8842205672735609,0.23724906799035783,6,0.9383812275458119,268964.3,1.1309395381781695,1.2677568361034175
149,Nepal,2012,0.9469666153870522,0.12730081844626207,4,0.9727526161135788,567549.9,1.0560034363949267,1.1357586235427162
149,Nepal,2013,0.9992423152070629,0.0035189930370934457,3,0.9996210314422211,521811.1,1.0007582593144888,1.003525191962283
149,Nepal,2014,0.9982832600806021,0.007372567828369679,9,0.9991410091709015,867273.52,1.0017196921836187,1.0073998121188663
149,Nepal,2015,0.9933085107789801,0.023535716233279037,9,0.9966436903198544,865131.7300000001,1.0067365668857224,1.0238148669042435
149,Nepal,2016,0.9598472241562889,0.10293879429199133,10,0.9795142604001823,976305.0000000001,1.0418324654519948,1.1084235651507321
149,Nepal,2017,0.997685637403094,0.009364801125780996,8,0.9988415822677924,992129.15,1.0023197312962528,1.0094087880783078
149,Nepal,2018,0.9672338950998668,0.0885596203481982,8,0.9833541109854322,1287761.7999999998,1.033876092500615,1.0925993918248305
149,Nepal,2019,0.9763263773889533,0.07039519059842654,10,0.9880368071025606,1023101.45,1.02424765238276,1.0729321101650264
149,Nepal,2020,0.9963558493000775,0.013784355761903306,8,0.998174800190832,1410245.6,1.0036574791049628,1.0138797980262897
149,Nepal,2021,0.9921888506786586,0.026228973385995457,13,0.9960795317347448,1637108.01,1.0078726437169683,1.0265759801425716
149,Nepal,2022,0.988830268089202,0.036603909872149565,15,0.9943857965516242,1104145.9500000002,1.0112959041316385,1.037282082266592
150,Netherlands (Kingdom of the),2005,0.11976975021029633,2.4030527890200593,31,0.2240789465010894,197217.1,8.349353641000015,11.056879230132505
150,Netherlands (Kingdom of the),2006,0.10564943250524735,2.506392589235689,31,0.20323748837128308,223960.65,9.465266175947821,12.260621091732393
150,Netherlands (Kingdom of the),2007,0.1314755552436528,2.3381392599741573,35,0.23425608984246044,272468.05,7.605976625440239,10.361937740955172
150,Netherlands (Kingdom of the),2008,0.12868490958674197,2.3751566924327445,33,0.20436534520807062,304512.0,7.770918930676445,10.752697920476068
150,Netherlands (Kingdom of the),2009,0.14287611271123432,2.217148152346423,37,0.21244171855288366,243312.85,6.99907060056352,9.18111036716157
150,Netherlands (Kingdom of the),2010,0.1339335645274783,2.26119739857786,36,0.2011124047603812,232846.9,7.466388306232501,9.594570816788043
150,Netherlands (Kingdom of the),2011,0.12354296444099784,2.4503193998306787,42,0.21891889043485377,241956.05,8.094350046761134,11.592048626366141
150,Netherlands (Kingdom of the),2012,0.10852778367175188,2.5084517837016325,40,0.1772177526259213,311176.5,9.214230367262948,12.285894106929641
150,Netherlands (Kingdom of the),2013,0.11151403437778433,2.530205596497873,43,0.2065083658065784,312026.1,8.967481138851332,12.55608735890199
150,Netherlands (Kingdom of the),2014,0.115716722152663,2.4458530736798743,50,0.21420844636463054,332581.19,8.641793350149669,11.540390203999955
150,Netherlands (Kingdom of the),2015,0.11451222241779453,2.5261370713750977,49,0.2091473307369795,341319.68,8.732692274118381,12.505106381056663
150,Netherlands (Kingdom of the),2016,0.10659621974518096,2.5491932147603507,57,0.18065112629299807,399642.9,9.381195715856597,12.796775367335272
150,Netherlands (Kingdom of the),2017,0.10805303784534862,2.536438056657967,63,0.21899724139204046,457237.86,9.254714350847353,12.634587042106658
150,Netherlands (Kingdom of the),2018,0.08841955205717952,2.6416234172090087,59,0.12744545875516688,446780.69,11.309715744243036,14.035971359403351
150,Netherlands (Kingdom of the),2019,0.09032201842629352,2.6373798171082754,63,0.14678577955030797,516414.33,11.071497486695796,13.976534512229595
150,Netherlands (Kingdom of the),2020,0.09923247789966262,2.60477423878234,61,0.19498615433970165,570593.9500000001,10.07734585657666,13.528170821651528
150,Netherlands (Kingdom of the),2021,0.08756302482123307,2.7564787872060816,67,0.16247950261465502,572566.93,11.420345540158989,15.744306174910587
150,Netherlands (Kingdom of the),2022,0.08898680703213874,2.677954660479599,76,0.15142277041881438,750150.1900000001,11.237620871584223,14.555292315105007
150,Netherlands (Kingdom of the),2023,0.11478679941283318,2.5138015188402756,77,0.2345288347391213,660213.36,8.711803143874398,12.35179650936683
150,Netherlands (Kingdom of the),2024,0.12338505561590431,2.4036268662266487,69,0.21581555365171165,649189.54,8.104709237340574,11.063228554801446
153,New Caledonia,2005,0.513153507017667,0.7866639353234619,8,0.6239544629375138,11788.2,1.9487346112311996,2.1960580008068322
153,New Caledonia,2006,0.47753364436607104,0.8554732313559417,7,0.5638495207288211,10943.7,2.0940932891283635,2.352487387995582
153,New Caledonia,2007,0.4728949278943793,0.8582636419754608,10,0.5353778007983782,11197.7,2.1146346492922192,2.359060961003928
153,New Caledonia,2009,0.3881714190197419,1.128669705275772,10,0.4936260804883679,11696.1,2.576181426559747,3.0915411025673154
153,New Caledonia,2010,0.5453941539273763,0.92218786230128,10,0.7167079125142131,11960.8,1.8335363384425976,2.5147863818278133
153,New Caledonia,2011,0.5131911907929745,0.8572213009319485,8,0.667367229118235,11657.3,1.9485915150936568,2.356603296025181
153,New Caledonia,2012,0.5411606487890089,0.7924386150995977,10,0.6807708749552882,11462.3,1.8478801114563048,2.2087762190072566
153,New Caledonia,2013,0.4750977101466595,0.8344453531570091,10,0.5141004862236629,12494.25,2.104830182598242,2.3035360449044826
153,New Caledonia,2014,0.4833362630934718,0.8392946417458876,17,0.5675424552311323,10805.5,2.068952976132501,2.3147336843103465
153,New Caledonia,2015,0.860554883905454,0.34965987317539265,15,0.9265637354139696,6905.58,1.1620409327778172,1.418584967728052
154,North Macedonia,2005,0.7735094374407592,0.5892389821346179,10,0.8774745853397539,467.25,1.2928090487281056,1.8026160702406204
154,North Macedonia,2006,0.6276808436391541,0.9459660638038598,14,0.7864499885557336,436.90000000000003,1.5931663521897883,2.5753000814308713
154,North Macedonia,2008,0.23868616985989652,1.8898617156659805,15,0.41944709246901807,209.8,4.189601771175003,6.6184533893401
154,North Macedonia,2009,0.16990094959824692,2.020833142372499,12,0.2810810810810811,92.5,5.885782288825525,7.544608048583016
154,North Macedonia,2010,0.14806195471032255,2.150561323911814,13,0.2376237623762376,101.0,6.75392947470173,8.589678636206916
154,North Macedonia,2011,0.2456650882569016,1.8207607925206633,13,0.43832823649337416,196.2,4.070582462878327,6.176555740235933
154,North Macedonia,2012,0.19812749320789502,1.9561899254914985,13,0.3153750518027352,120.65,5.047255097255487,7.072329563983144
154,North Macedonia,2013,0.19175974180719865,1.9367505996680585,13,0.32897196261682243,240.75,5.214858919686239,6.936175900507002
154,North Macedonia,2014,0.22022938217500362,1.8229523245720403,17,0.3888851729047424,1046.53,4.5407201805858834,6.190106703369232
154,North Macedonia,2015,0.17543538289265284,1.916145884579578,14,0.283265306122449,416.5,5.700104411730273,6.794720303011746
154,North Macedonia,2016,0.24471752562343693,1.6623119722469766,13,0.4186730547637819,329.78,4.086344030540609,5.271484292071538
154,North Macedonia,2017,0.2789846046913449,1.5996508295079892,13,0.4527310417972328,414.86,3.584427180511813,4.951303273528341
154,North Macedonia,2018,0.14758669962887036,2.1035390965728777,17,0.2660813234467436,373.57,6.775678313253532,8.195121978377994
154,North Macedonia,2019,0.480468123249916,1.1307575804570256,14,0.6735600694908459,897.96,2.0813035279758796,3.098002597557445
154,North Macedonia,2020,0.5379533629741745,0.9757074390145206,11,0.7155913978494624,409.2,1.8588971996964854,2.653043413672916
154,North Macedonia,2021,0.2950586202160509,1.5069668044049136,12,0.43100597241406147,514.03,3.389157040278198,4.513021136956001
154,North Macedonia,2022,0.29180644342388085,1.5673933811680043,14,0.4814260850647232,367.71999999999997,3.4269291255758545,4.794135409189279
154,North Macedonia,2023,0.24755619504629883,1.585033767812024,11,0.36488100881767327,527.35,4.039486872113931,4.879456144288686
154,North Macedonia,2024,0.16338719206095412,2.052602281577545,19,0.2557807052095642,685.47,6.120430783992753,7.788141696687421
155,Vanuatu,2006,0.9312140933345202,0.21712329902708843,11,0.9648755860079337,22877.25,1.0738669089716728,1.2424972914007162
155,Vanuatu,2007,0.8117175687863948,0.42354807143781403,9,0.897402310895403,21757.8,1.231955594474945,1.5273711751267531
155,Vanuatu,2008,0.37728861120940704,1.1778332656706207,10,0.4825694721538087,21803.7,2.6504908186718854,3.2473304722857823
155,Vanuatu,2009,0.21283715669134134,1.7801280976854472,14,0.2961326904129611,22988.85,4.698427734825505,5.930616068127037
155,Vanuatu,2010,0.3212502978852678,1.4368637028058104,11,0.4855685271841382,20729.0,3.1128375804872954,4.207479197005894
155,Vanuatu,2011,0.3424002805845016,1.368662846268227,10,0.5051119712400867,20319.95,2.9205583543708813,3.9300920431989743
156,New Zealand,2005,0.33621106842402215,1.4096800957626359,24,0.4651160718396395,67333.3,2.974322067049921,4.094645300146431
156,New Zealand,2006,0.3419493837505053,1.3703390413262402,24,0.46649232692877884,73018.35,2.924409422915131,3.9366851681974038
156,New Zealand,2007,0.31787694289527063,1.4402580814661552,22,0.41853264303702353,76121.9,3.1458714523043123,4.2217852409352155
156,New Zealand,2008,0.2915662182238251,1.557315791703272,25,0.4042493541107472,79541.5,3.429752617061882,4.746064705932406
156,New Zealand,2009,0.2517388281528181,1.7444823805849223,24,0.43006658083319604,80698.9,3.9723709184542235,5.72293840458646
156,New Zealand,2010,0.2398910054056676,1.743045483838033,23,0.4045812830259027,84753.55,4.168559793681928,5.714721038177639
156,New Zealand,2011,0.24506968979069116,1.6884368275965167,25,0.36519252049299317,60276.7,4.08047197045901,5.411015740275149
156,New Zealand,2012,0.23313442768212836,1.7202234399754086,30,0.3519380259251766,78587.7,4.289370771799819,5.585776410594136
156,New Zealand,2013,0.24619459360450296,1.6768930427287274,30,0.38252306609101266,81808.4,4.06182761919801,5.348911288531391
156,New Zealand,2014,0.24301776709710401,1.6957846659908482,30,0.3660144598578651,90271.98000000001,4.114925472096961,5.450921440256454
156,New Zealand,2015,0.23670425539173573,1.7247386658225379,34,0.3515211854198843,89785.56999999999,4.224681125166261,5.611054477764791
156,New Zealand,2016,0.24413495297408191,1.7188561708912986,32,0.3774809482677552,91876.16,4.096095163014871,5.578144369912776
156,New Zealand,2017,0.23275342145518207,1.7206359720606008,31,0.3420184537472625,94323.39,4.296392266751513,5.588081197950896
156,New Zealand,2018,0.2184505158446445,1.7951928577360068,33,0.3497979151362611,101647.89,4.5776957593049135,6.020635736025736
156,New Zealand,2019,0.19173949136750287,1.8881177080368476,33,0.3161238793967951,102680.19,5.21540968356551,6.606920815507491
156,New Zealand,2020,0.1599669429113649,2.0223330410650444,33,0.25582808849154337,116287.27,6.251291559369762,7.555932687113035
156,New Zealand,2021,0.17539710840375244,1.9438326364650806,35,0.27666518386190614,101968.92,5.701348266803046,6.985472507617661
156,New Zealand,2022,0.20217540170262205,1.8747570332192869,32,0.33970470561648514,104076.48000000001,4.9462001389807595,6.519234970356536
156,New Zealand,2023,0.1864589666355529,1.8472669222118236,28,0.2483487348444843,112654.53,5.363110275917006,6.342461372520048
156,New Zealand,2024,0.19320046213416353,1.8313442267325883,30,0.2786802012950909,130485.05000000002,5.1759710559365715,6.242272050290257
157,Nicaragua,2005,0.27616200632465027,1.4818054219378707,11,0.3801640771219866,15681.65,3.6210629163246337,4.400883965243027
157,Nicaragua,2006,0.874447901800956,0.3506003473152247,8,0.9346534469263573,75251.09999999999,1.143578705993193,1.4199197377653232
157,Nicaragua,2007,0.8773580155628606,0.3208899443804274,10,0.9358958308705114,129001.75,1.1397855633181393,1.3783538769560528
157,Nicaragua,2008,0.6856496241381391,0.6997865644751502,9,0.8214093019422544,136503.75,1.4584708644112494,2.0133229469691503
157,Nicaragua,2009,0.8257310382542548,0.4279323749713595,9,0.906680260179422,97056.1,1.2110480939582717,1.5340823350978625
157,Nicaragua,2010,0.889900485326099,0.2988741311995504,8,0.9428139489665432,97202.9,1.1237211536451244,1.3483398988659498
157,Nicaragua,2011,0.4957716763772087,0.8818341961795045,8,0.6357868311300221,109025.30000000002,2.017057544124704,2.415325827394091
157,Nicaragua,2012,0.4681294507477834,0.888649401701317,9,0.553803034916355,92124.45000000001,2.136161265655502,2.4318429893054163
157,Nicaragua,2013,0.709747964718299,0.6415971371284819,8,0.8350159941830888,86093.79999999999,1.4089508525704653,1.8995122394352741
157,Nicaragua,2014,0.3003477334109692,1.4270154240616497,14,0.4552280805671748,95825.12999999999,3.3294741020458734,4.166246139645518
157,Nicaragua,2015,0.3471118705403811,1.4454262655843044,14,0.528947432688384,98683.19,2.880915591976753,4.243660683834639
157,Nicaragua,2016,0.4106648876114626,1.2211076583612197,16,0.6002843016407562,109601.90000000001,2.435075484091832,3.390941659085155
157,Nicaragua,2017,0.31131793906016847,1.4255679643540677,14,0.4710058784672992,102155.87999999999,3.212150263550119,4.160220028555139
157,Nicaragua,2018,0.7495578908702579,0.5330453884721135,13,0.8597247727134621,89029.69,1.3341197687065527,1.7041141037708973
157,Nicaragua,2019,0.748186377998256,0.5705689506531569,14,0.8613225022844628,94562.71,1.336565365805592,1.7692733943801962
157,Nicaragua,2020,0.4061875234282603,1.1848581315718192,13,0.5826175442746893,103646.69,2.4619170760340134,3.2702228471799484
157,Nicaragua,2021,0.46928592193452456,1.123845758927208,13,0.6541839318741124,102216.65,2.1308970784329673,3.076663587172721
157,Nicaragua,2022,0.5958000738379603,0.8330001542895064,11,0.7539501971181267,84560.97,1.6784153676892124,2.300209381645128
157,Nicaragua,2023,0.6335241231759261,0.7896338655096591,13,0.7871470934179213,114197.36000000002,1.5784718583199169,2.202589834497932
158,Niger,2005,0.21693115042289463,1.7784894221914678,23,0.32361691824294275,581301.5,4.609757510853367,5.920905671179663
158,Niger,2006,0.1920352031176425,1.8712965030068276,23,0.279531458146282,370720.35,5.207378562707541,6.4967139505887594
158,Niger,2007,0.2693767310736467,1.5834848013554048,22,0.3773772650985092,335661.45,3.7122731277283316,4.871903881005896
158,Niger,2008,0.28069892834949933,1.5660089731327225,29,0.38653053716642133,409095.75,3.5625358667379596,4.787502961672691
158,Niger,2010,0.2135429865958481,1.8576236706066662,31,0.28925753684551486,257164.95,4.682897883659378,6.408489979798512
158,Niger,2011,0.3976284006021626,1.1579592938328958,21,0.5128570275445762,297947.95,2.514910902957673,3.1834301973003147
158,Niger,2012,0.2596100910226723,1.5775089520066028,26,0.3318489835430784,617217.5,3.851930393232164,4.842876934083274
158,Niger,2013,0.2708659198959329,1.5169522500444335,32,0.3296289323909285,726941.65,3.691863488711321,4.55831140964656
158,Niger,2014,0.40941300793158725,1.1439621616789988,27,0.5810755231898421,696210.0,2.442521318636509,3.1391817025671815
158,Niger,2015,0.37359279441056203,1.1576923539725492,21,0.49862156570788774,767258.19,2.6767111543940647,3.182580526298599
158,Niger,2016,0.5478540471224715,0.9846536816198821,29,0.7220570800928819,769828.46,1.825303664821613,2.6768846695120265
158,Niger,2017,0.7829325512619695,0.5719125526315159,23,0.8832617194014066,861117.36,1.277249232246316,1.771652191333426
158,Niger,2018,0.5918899929045426,0.8727531566201635,16,0.7567851313801277,964441.9,1.6895031373866725,2.3934914474886453
158,Niger,2019,0.4986978334948679,0.9689238216595805,9,0.6632113765883799,989142.2300000001,2.0052222665416712,2.635107087696571
158,Niger,2020,0.2622596138317227,1.4893682184811465,15,0.3509368451560396,1168813.75,3.813015604612474,4.434293129399565
158,Niger,2021,0.28703198458937756,1.3488305081885221,10,0.37076519889591725,932114.91,3.483932292181935,3.8529169400192487
158,Niger,2022,0.34565289260577603,1.3294326608033313,11,0.5269331555270478,1893596.3499999999,2.893075745616629,3.778898861844981
158,Niger,2023,0.5935202129100734,0.8233719751878282,10,0.754780009557456,1051472.27,1.6848625847078167,2.278168829206847
158,Niger,2024,0.2809321548274985,1.3588193562524542,12,0.39080847442307015,674642.74,3.559578292538398,3.8915959999560785
159,Nigeria,2007,0.17488974140889146,1.8926805914621279,21,0.28247184912310985,2201530.0,5.717888264595259,6.63713630744877
159,Nigeria,2008,0.18961277781419517,1.973294633594685,25,0.33062228144345746,401695.25,5.273906176196191,7.194340200226779
162,Norway,2005,0.29102233269225897,1.706079265554869,25,0.4920942604506862,39774.9,3.4361624097675287,5.507326328465053
162,Norway,2006,0.2835965928171619,1.661563749811794,24,0.4706452685467435,39399.1,3.5261354520035155,5.267541524475026
162,Norway,2007,0.28606568808108984,1.65018705873145,24,0.4742435070976582,42186.45,3.4957006088634235,5.207953929325322
162,Norway,2008,0.3121398037554172,1.6340176511954887,24,0.5142289467956267,44794.25,3.203692665814476,5.124421554272767
162,Norway,2009,0.3209446896015938,1.589501377338681,26,0.5223006004133993,45718.5,3.1158016705038953,4.901304417480439
162,Norway,2010,0.2983921567312923,1.6705917409573132,27,0.49928246640638174,47140.65,3.3512945211241547,5.315312154669683
162,Norway,2011,0.30619142327911725,1.686913643829814,22,0.510858828892716,47380.8,3.2659308000551746,5.402780042770858
162,Norway,2012,0.2474872083424013,1.9266814267408618,30,0.4513759563915269,45293.95,4.0406128732782385,6.8666847920361835
162,Norway,2013,0.19609676044466942,2.1491390212171155,25,0.394022373644102,44753.55,5.099523305394734,8.577470197241947
162,Norway,2014,0.18869146079910906,2.122038122719972,30,0.37264196087897383,47227.8,5.29965688836684,8.348134683586343
162,Norway,2015,0.21329390911167515,1.9629269434547794,36,0.397407433517753,50072.39,4.6883664149848086,7.120136833694805
162,Norway,2016,0.20330087160199656,2.0438314564854383,32,0.393682714246786,49174.6,4.918818065658403,7.720131954832089
162,Norway,2017,0.20999832496828788,1.9988173436751766,36,0.40120471191268425,49600.24,4.761942744786232,7.380322550411922
162,Norway,2018,0.22206216925258124,2.0066334742776033,44,0.41983592760186444,49796.31,4.503243408662577,7.43823414281165
162,Norway,2019,0.20763047699532342,2.005446354197909,39,0.39555666256782857,51469.869999999995,4.816248628194037,7.4294093048108145
162,Norway,2020,0.20583582146439103,1.967602833691579,41,0.383317240533694,61901.39000000001,4.85824086830774,7.153507770617546
162,Norway,2021,0.1872386482368567,2.069258431578146,40,0.3547601162744726,48058.7,5.3407777155868,7.918948497762103
162,Norway,2022,0.16889035412712355,2.1905086015424167,44,0.33382724138046305,56839.19,5.921001262436227,8.939758733727144
162,Norway,2023,0.17225354541645602,2.1168244606693163,47,0.3231463906169768,58209.81,5.805395747195264,8.30472359430145
162,Norway,2024,0.1686821438009906,2.135651399861688,45,0.31266254020984857,58427.85,5.928309763360544,8.46255722043058
165,Pakistan,2005,0.7304585178081255,0.4405735772036413,2,0.8394543546694648,476.5,1.3690031338133792,1.5535980714378452
165,Pakistan,2006,0.17366167950733724,1.9870650807614885,14,0.24794271668269743,3742.8,5.758322750516471,7.294094737822494
165,Pakistan,2007,0.7838094298686754,0.5676531215805184,10,0.8838357076892798,6605.3,1.2758203230185003,1.7641220095080847
165,Pakistan,2008,0.3626628568408248,1.3815623579296832,13,0.546160483175151,4636.0,2.7573819075685133,3.9811167003921577
165,Pakistan,2009,0.4092854533762481,1.126407409019021,10,0.5251980795852847,5092.65,2.443282534844256,3.0845550259704053
165,Pakistan,2010,0.9412312094643648,0.16135596686143666,4,0.9699641632505737,1939.35,1.0624382085344146,1.1751031921678083
165,Pakistan,2011,0.7297567213459993,0.5539329270383331,5,0.8470713943041562,36686.4,1.3703196842854022,1.7400831980216895
165,Pakistan,2012,0.3521020459373378,1.2625387335740976,14,0.48357513485939224,13134.05,2.840085740876286,3.534382963845624
165,Pakistan,2013,0.8282786398835518,0.42365697886064074,17,0.9081726064585373,88701.2,1.2073231782731844,1.5275375262434072
165,Pakistan,2014,0.9192658298741697,0.23301672942135526,16,0.9584151959603103,22451.23,1.0878246177570652,1.2624025984155947
165,Pakistan,2015,0.5288950903347168,0.985067462253776,14,0.706339855913675,6943.0599999999995,1.8907341328639287,2.677992541739667
165,Pakistan,2016,0.8559689665054159,0.42037789472381254,13,0.9246513881005777,13707.22,1.1682666535010096,1.522536805545458
165,Pakistan,2017,0.7501813294729059,0.6554417282937143,13,0.8642289768510374,9606.91,1.3330110477457793,1.9259930951440225
165,Pakistan,2018,0.8090220533450323,0.4869482668023822,12,0.8975930381319018,8574.710000000001,1.236060248129626,1.6273424195739166
165,Pakistan,2019,0.9557955397634894,0.136231766318065,5,0.9775714440550598,6919.75,1.0462488664128407,1.1459474548419015
165,Pakistan,2020,0.9780726432411205,0.07237512663390863,4,0.9889529688896109,6155.5,1.0224189449632461,1.0750585515278452
165,Pakistan,2021,0.9690247683146175,0.0902640412705395,5,0.9843091149138249,7816.639999999999,1.0319653663128305,1.0944632290183367
165,Pakistan,2022,0.8967817678262282,0.27567875827800403,12,0.9464101467146488,7947.4,1.1150984953942247,1.3174245843013286
165,Pakistan,2023,0.9060293244119666,0.23903146352494292,9,0.9511860929404005,6882.26,1.1037170354822925,1.2700184952138156
165,Pakistan,2024,0.49747669167263636,0.7249022359907056,7,0.5335475949336531,18226.940000000002,2.0101444283505208,2.0645292534428625
166,Panama,2005,0.9862558501488718,0.04820669245453793,5,0.9930947044828047,43459.4,1.0139356839800275,1.049387533395207
166,Panama,2006,0.9657770608687378,0.10849922010486532,5,0.9826912396547788,29349.3,1.0354356512676723,1.1146040392637349
166,Panama,2007,0.9810630520839617,0.06891867078387166,7,0.9904760648605653,49281.1,1.0193024779353506,1.0713490736247047
166,Panama,2008,0.9893428017859444,0.03968209501810275,8,0.9946506797980689,64110.95,1.0107719975268608,1.0404799478505176
166,Panama,2009,0.6699195342177445,0.6328760939710903,9,0.8044427001569858,15925.0,1.4927165859817564,1.8830185369007504
166,Panama,2011,0.8257272210859439,0.3505081133215163,8,0.9044100509232338,42475.7,1.2110536923862867,1.4197887789366845
166,Panama,2012,0.44596590117169527,1.0989109013899803,12,0.6225137894459334,121950.15,2.24232390273041,3.0008959719332626
166,Panama,2013,0.32951760011410264,1.2843893871791472,13,0.4102337071989723,126493.75,3.034739266290263,3.6124614683434
166,Panama,2017,0.44797153004739926,0.9544685148320681,15,0.5337330295432635,113284.37000000001,2.2322847166073063,2.597289795015008
166,Panama,2018,0.2969355405763437,1.3927706807782445,17,0.40519382140459964,239835.74,3.3677342835385335,4.025989345449254
166,Panama,2019,0.4189996272613891,1.0642865628789901,18,0.5002968999302405,140855.54,2.386636967999399,2.8987701559234793
166,Panama,2020,0.42856792671291777,1.1541314332005947,14,0.6065652319181668,114390.78,2.3333523991632346,3.171267763074826
166,Panama,2021,0.6996429939778694,0.6655253011719271,9,0.8302960304251635,37403.25,1.4293003840636347,1.9455122328161147
166,Panama,2022,0.9507034780673418,0.13976700971217823,9,0.9748749263383668,45495.19,1.0518526786426319,1.1500058274523373
166,Panama,2023,0.5052022038638446,0.8296351424944655,10,0.6424876515149349,125918.28,1.9794054585508236,2.292482158335093
166,Panama,2024,0.607355219690205,0.7030070301083782,12,0.7485158194239556,82097.49,1.6464829272564285,2.0198172360329205
167,Czechia,2005,0.5499222389785428,1.0658085486588464,24,0.728067906604905,93563.8,1.8184389157591765,2.9031854019984324
167,Czechia,2006,0.5369438905885434,1.1133419505839954,21,0.7224091727271994,123889.0,1.8623919883023559,3.0445160339547614
167,Czechia,2007,0.5344895974794283,1.1723190779482966,21,0.7214836286871014,126193.3,1.8709438026780092,3.2294733614431728
167,Czechia,2008,0.3619503292878912,1.5898966330348554,24,0.5721189728431554,128558.74999999999,2.762810029672915,4.903242068878782
167,Czechia,2009,0.45026586485450026,1.343262192101802,22,0.6511452883767447,113340.45,2.2209100845855634,3.831522301975345
167,Czechia,2010,0.45698549192851184,1.313969029920662,23,0.658229972831033,120045.05,2.188253276444133,3.7209128572699535
167,Czechia,2011,0.44687708355836075,1.3508421117887688,24,0.6475413900443514,117978.25,2.2377518042260567,3.8606752823457113
167,Czechia,2012,0.4002627624844901,1.532985186123464,21,0.6132679408221726,123857.2,2.498358812578148,4.631983537219286
167,Czechia,2013,0.2873977683535378,1.8723819121981997,29,0.5037202649764196,131475.85,3.47949813851674,6.503769371941362
167,Czechia,2014,0.180761032502507,2.201319869625724,31,0.3606747273249139,139360.0,5.5321657890293965,9.036933205122118
167,Czechia,2015,0.17463180161493866,2.211061097276861,31,0.31058634386243744,141492.57,5.726333867899902,9.12539418851477
167,Czechia,2016,0.19756045217493606,2.089086192050689,37,0.3268697274022811,157351.27999999997,5.061741806070168,8.077530479164285
167,Czechia,2017,0.1769102047190443,2.1286901776294584,34,0.3042962233052286,155148.36000000002,5.652585172167575,8.4038520459133
167,Czechia,2018,0.18809924225118677,2.036888857957593,31,0.3089096120031001,168034.59,5.316342522340442,7.666719802191038
167,Czechia,2019,0.15680375980858757,2.272868209138965,35,0.3011896129179452,167082.91999999998,6.377398100789887,9.707203212434017
167,Czechia,2020,0.15801237356225667,2.2678888057508275,34,0.30827474629372,188228.49,6.328618306629014,9.658987274794269
167,Czechia,2021,0.1690952060184532,2.331639685891412,41,0.3657225584714093,168339.11000000002,5.913828212793158,10.29480795280432
167,Czechia,2022,0.13576120047072593,2.3689979414732694,34,0.2807046448172365,215532.7,7.365874760481579,10.686678239905168
167,Czechia,2023,0.12214335936145934,2.3968080426709424,30,0.21773726580807348,184685.06,8.18710083976564,10.98804696762419
167,Czechia,2024,0.14183629407939052,2.292832363361572,29,0.25697320025604053,208607.59,7.050381614174624,9.902946740050512
168,Papua New Guinea,2020,0.27113008349076206,1.4884608970336524,15,0.39665577544563857,752085.8600000001,3.6882664849475177,4.430271624813352
168,Papua New Guinea,2021,0.2271420208402382,1.5919283769515848,18,0.3006542838688148,589195.33,4.402531932668488,4.913214328232675
168,Papua New Guinea,2022,0.19302426724327099,1.7133804194892348,16,0.23352410686512656,542535.0800000001,5.180695745057211,5.547683312758141
168,Papua New Guinea,2023,0.37269090661939663,1.257789326981704,19,0.5530253012850831,634354.34,2.6831886215598777,3.517636541360651
169,Paraguay,2005,0.8281731341724916,0.3793673506660216,4,0.907330444778495,565.4499999999999,1.2074769860763441,1.4613597686371091
169,Paraguay,2006,0.7631753254061122,0.4912474517046998,4,0.8680674209189564,1082.75,1.3103148997484493,1.634353726187663
169,Paraguay,2007,0.6561861562439102,0.5276014450480808,2,0.779451387761727,1540.25,1.5239577831451403,1.6948622092465355
169,Paraguay,2008,0.6319887502928796,0.5546341190455018,2,0.7568937039836511,1786.05,1.582306646339155,1.741303758325506
169,Paraguay,2009,0.7182061247836596,0.46377407674265936,3,0.8307116403169926,1255.55,1.3923579394442274,1.590063697487594
169,Paraguay,2010,0.5330232603432726,0.787535835575995,7,0.6653047327204631,1468.5,1.876090734494381,2.1979735793076487
169,Paraguay,2011,0.3399271884594858,1.19418800287343,7,0.3931053851014534,2136.45,2.9418064631190424,3.300876379872638
169,Paraguay,2012,0.35789625346783205,1.1621127625513816,7,0.491190116990692,1756.55,2.794105806670258,3.1966799722572063
169,Paraguay,2013,0.4903796079300463,0.7595558975509393,7,0.5146560817187587,1801.3,2.0392365094893017,2.1373268176222027
169,Paraguay,2014,0.48240577145506225,0.8165132321260403,10,0.5323256180129113,1587.75,2.072943690088404,2.2625969174716336
169,Paraguay,2015,0.4818433159665765,0.8228062730790859,6,0.5566547811993517,1542.5,2.075363436336151,2.2768804287558795
169,Paraguay,2016,0.4678345580821443,0.89141372182156,6,0.564054422468558,1944.0500000000002,2.137507763640701,2.4385746817998624
169,Paraguay,2017,0.3776305571492486,1.1230230772031407,6,0.4925883949809838,2232.31,2.6480907889156233,3.074133513133984
169,Paraguay,2018,0.3118031229275281,1.3021214698738366,6,0.3902403450467251,1919.74,3.207151970163007,3.6770892328813654
169,Paraguay,2019,0.42269422619270636,1.1529447310865537,7,0.5985146053449347,1609.0,2.365776341463675,3.167506645020954
169,Paraguay,2020,0.5432253853147819,0.7855587676934451,7,0.6796139833617997,1539.83,1.840856534015861,2.19363232922445
169,Paraguay,2021,0.45433973023223484,0.9906785440066024,9,0.5647172133340468,747.56,2.2009961565299427,2.6930612130627285
169,Paraguay,2022,0.23993629389712642,1.5451448088335407,10,0.3458240653280112,1640.95,4.167772969056335,4.688650535879807
169,Paraguay,2023,0.3277816737151586,1.3080124490332783,10,0.49154473801471177,1368.97,3.0508111959578232,3.698814818576257
169,Paraguay,2024,0.43797890479534396,1.0301227558944221,9,0.5846621316434213,1461.22,2.2832149883275172,2.8014097031464607
170,Peru,2005,0.5710341809540256,0.7571150200768745,10,0.7139431968295905,242240.0,1.751208655021845,2.13211622653257
170,Peru,2006,0.729257964517289,0.5126449774636757,6,0.8426190956922456,84197.0,1.3712568784379624,1.669701682876286
170,Peru,2007,0.8473386017048857,0.36172586575479754,8,0.9189781779496095,154156.0,1.1801657542663018,1.435805284607383
170,Peru,2008,0.4408924918206238,1.036107954400807,10,0.5861644064730398,292969.0,2.2681266262226303,2.8182269734649332
170,Peru,2009,0.816642516552344,0.3915647907149008,8,0.8998730214331063,182708.0,1.224526007073137,1.4792937689039587
170,Peru,2010,0.9101129179245249,0.23001730565447126,8,0.9533299230251,189327.95,1.0987647579824038,1.2586217910148347
170,Peru,2011,0.4950579988316014,1.0307661631869096,11,0.6779665143796155,410704.65,2.0199653421621804,2.803212730557002
170,Peru,2012,0.5851203672354854,0.8897710686951816,13,0.7511858186116102,504387.85,1.709050062168736,2.434572237688549
170,Peru,2013,0.6634990823797688,0.7438622567825122,10,0.8068699472814237,351432.1,1.5071610896782328,2.1040462083598404
170,Peru,2014,0.5967410568120308,0.8012875332920161,10,0.7544265557703089,416068.97,1.6757687251188966,2.22840823200891
170,Peru,2015,0.4829583932551419,0.9866816534854344,12,0.6477147309349297,478228.37,2.0705717386129168,2.6823188246035374
170,Peru,2016,0.450428585967666,1.0620574326257364,17,0.6229857687594398,582786.86,2.220107762147638,2.892315616349128
170,Peru,2017,0.4018091815701976,1.154538000394515,12,0.575783113266459,803310.36,2.488743527691878,3.172557358646291
170,Peru,2018,0.480243959825838,0.9293908290580515,11,0.6231658607545917,543022.4299999999,2.0822750178110585,2.53296569844381
170,Peru,2019,0.47045048966632397,0.9223053549511249,12,0.5898602863189595,585524.62,2.1256221897213226,2.5150818681020004
170,Peru,2020,0.4905389818453463,0.8249286828940989,13,0.582973822348861,631188.41,2.0385739706926556,2.2817180339999417
170,Peru,2021,0.4373656132739721,0.9686259484457508,14,0.48927298377726824,474405.92,2.286416603523848,2.634322276772452
170,Peru,2022,0.4933202967193292,0.7885926982531989,13,0.5680150918616808,232268.22999999998,2.027080593784979,2.2002977635045307
170,Peru,2023,0.4352262777372388,0.9558228656498358,11,0.5262860748528168,280811.61,2.2976553833078404,2.6008098197089726
170,Peru,2024,0.44499762944656246,0.9527769316810555,12,0.5336061905343137,288795.75,2.247202982280347,2.5928999772770958
171,Philippines,2005,0.8648257455835159,0.3304739060600274,8,0.928913679642682,3634007.2,1.1563023014830338,1.3916274729104887
171,Philippines,2006,0.729659713465808,0.619234079375195,11,0.8501982930548897,3416647.65,1.3705018675761933,1.8575047956354542
171,Philippines,2007,0.633924606438601,0.6066496265944664,7,0.7644210226601956,3599573.95,1.5774746552559564,1.8342755842653244
171,Philippines,2008,0.525686866396303,0.8634634264637819,8,0.6820229062576268,4858637.4,1.9022731285931032,2.3713595168053665
171,Philippines,2009,0.9072990451216321,0.25058511425396934,9,0.9520186284077605,3527558.6,1.102172437386331,1.2847769381030096
171,Philippines,2010,0.5932791908933881,0.7392476282141099,8,0.7444966900999364,4742786.7,1.6855470667935484,2.0943591848155605
171,Philippines,2011,0.7021401407907353,0.5230214321051864,7,0.8207485057531747,1398714.7,1.424217106963606,1.687117467438762
171,Philippines,2012,0.6671240212395356,0.7347015595545676,11,0.8091242150428887,1997322.5,1.498971657686634,2.084859693194504
171,Philippines,2013,0.4592934472403739,0.9070267760267232,7,0.5437017767345604,793762.35,2.177257276384882,2.4769470559776305
171,Philippines,2014,0.6688814669240546,0.5693718714977827,8,0.7962533554482736,2147760.72,1.4950332001253384,1.7671567012570015
171,Philippines,2015,0.4970934994755021,0.7260630006456792,9,0.5310129714420951,2171684.5199999996,2.011693979211415,2.066927077414845
171,Philippines,2016,0.5003649694566655,0.7707585664747947,10,0.5856647338521314,884646.01,1.998541187017701,2.1614052016052736
171,Philippines,2017,0.43450180569318597,1.0093710150121238,11,0.5737880822664565,1736568.78,2.3014864078749726,2.7438746161921617
171,Philippines,2018,0.3812946477891334,1.183055086313408,10,0.4789812192719803,3519796.46,2.6226436846106163,3.2643317998898036
171,Philippines,2019,0.5593755880531978,0.8873905412093306,14,0.7290019165765236,5987300.720000001,1.7877076178463798,2.428783564342103
171,Philippines,2020,0.7354509037002745,0.5975917881782471,13,0.8526444451156581,3766974.3800000004,1.3597100703373937,1.8177360317904971
171,Philippines,2021,0.7326661838289942,0.6126616073050044,16,0.8513638894556527,5822532.0,1.3648780605294075,1.8453364291736902
171,Philippines,2022,0.7075971209038268,0.6615902028988644,14,0.8363941666737963,6236913.680000001,1.4132335625146153,1.9378714943765896
171,Philippines,2023,0.67867051622904,0.6925165246757892,13,0.815551797485024,5916079.609999999,1.4734690488049973,1.9987390858749354
171,Philippines,2024,0.5883385394356215,0.8428597550577966,13,0.7508787082470032,9167943.43,1.699701673392457,2.323000699849211
173,Poland,2005,0.614174449371644,0.9217065931105991,21,0.7748095707292695,193897.45,1.6282018912103726,2.5135763838118335
173,Poland,2006,0.3434486081825285,1.462190305234787,22,0.533855201296316,203499.75,2.911643769039652,4.315401230370944
173,Poland,2007,0.21869898035575747,1.7753486819840434,27,0.3407216858230933,173766.75,4.572495026603694,5.902338816769245
173,Poland,2008,0.19898780939885888,2.0438914796388996,31,0.3654274428761796,175749.80000000002,5.0254334826891895,7.720595355404399
173,Poland,2009,0.31036174139516104,1.580834240716767,26,0.4984656473514986,161713.15,3.22204662051684,4.8590077029447984
173,Poland,2010,0.3426896440894611,1.4917388018275237,26,0.5343444510441324,170883.5,2.918092265837319,4.444817460318277
173,Poland,2011,0.23356441632127303,1.7591626114420393,26,0.33823326019409655,194856.65,4.281474103591524,5.807572163163439
173,Poland,2012,0.21268750705671677,1.9160492567098601,26,0.32205739879905,188167.7,4.701733608327699,6.794063775383481
173,Poland,2013,0.2627225204594674,1.7491701404531785,25,0.3827634057614741,213054.85,3.8062972228308802,5.749829144990973
173,Poland,2014,0.24928816880186955,1.8479909797423462,29,0.43866386873672936,205204.09,4.011421820803637,6.347055342387406
173,Poland,2015,0.3333921890334575,1.6581538191912033,27,0.5385278747452654,235107.44,2.999470392210194,5.249610163059593
173,Poland,2016,0.44310774191056246,1.3785280985284212,26,0.6435917705351952,256910.51,2.256787470442892,3.9690552676282116
173,Poland,2017,0.3396888281817262,1.6796614094176705,26,0.5528664067378811,264136.44999999995,2.943870734144432,5.36373955192976
173,Poland,2018,0.2721391398456808,1.9001192512097962,27,0.4855075614394741,266567.63,3.6745908749732212,6.686691790821525
173,Poland,2019,0.17590059331235697,2.2310942362487047,32,0.3384294786888522,272774.14,5.6850291472538785,9.310047899698299
173,Poland,2020,0.09768383667596764,2.612244932435137,31,0.1648003868810647,283373.91,10.237108144279327,13.629614095548
173,Poland,2021,0.1563160098569591,2.432500845210567,37,0.34832234361649117,316142.51,6.397297378016975,11.387324435989754
173,Poland,2022,0.1479389382046824,2.4571606932485697,37,0.3379704092782671,277989.84,6.759545608042961,11.671625125051953
173,Poland,2023,0.20822078737498503,2.174618180486571,37,0.4203043064939674,299724.79,4.802594460461332,8.79882491768379
173,Poland,2024,0.18872699174276392,2.2154929107051187,41,0.38451200705204075,325624.89,5.298659141258429,9.165925981349162
174,Portugal,2005,0.264535360272307,1.6228262066814503,17,0.3656573275978079,139330.45,3.7802129702835248,5.0673915938419904
174,Portugal,2006,0.26329283140811527,1.648615221070836,19,0.3722819804057575,86933.7,3.798052513058955,5.199774301412167
174,Portugal,2007,0.22024441432308542,1.9585706274057932,19,0.41777686431810424,104121.84999999999,4.54041026680958,7.089186730497098
174,Portugal,2008,0.17841566463439948,2.0180808839075595,20,0.30925727429917144,127813.0,5.604889021651492,7.523871885945803
174,Portugal,2009,0.26396247643446435,1.8210319940997126,18,0.4657324493207738,107758.65,3.7884172534965455,6.178231059070059
174,Portugal,2010,0.30639899296857426,1.6864641912737357,17,0.5006504547785485,111153.0,3.263718298521186,5.400352295090274
174,Portugal,2011,0.15588048776133293,2.1697051024798015,20,0.25559222432771944,117417.5,6.415171099099267,8.755701625288697
174,Portugal,2012,0.17454618921705628,2.1376656106797154,22,0.34797958643646065,108271.15000000001,5.729142552384536,8.479619772752255
174,Portugal,2013,0.1644981862253829,2.168071140920773,20,0.29734635216976096,116912.65,6.079094383629714,8.741406827166356
174,Portugal,2014,0.15587686357939798,2.160107057857688,23,0.2460139441199312,124723.54,6.415320253673417,8.672066021578283
174,Portugal,2015,0.25090594324208115,1.7108738309983273,26,0.3534326482402371,177531.59,3.985557245390444,5.533794967070601
174,Portugal,2016,0.280565355790779,1.74762009559421,24,0.48388110173794224,167593.03,3.564231931563611,5.740923555699357
174,Portugal,2017,0.2760226673714316,1.7459058361238393,25,0.4552479273918015,130283.91,3.622890864446085,5.7310905536917405
174,Portugal,2018,0.17346760010123208,2.1229518421165534,25,0.3168657556958102,176894.06000000003,5.76476528998165,8.355766022092078
174,Portugal,2019,0.1669033184116391,2.2423405972028467,29,0.3397434494283697,190505.13,5.991492616903322,9.415343042656835
174,Portugal,2020,0.16959988734834303,2.182538723844108,26,0.3138652578484951,219328.99,5.896230331486537,8.868793119239127
174,Portugal,2021,0.19054417136729465,2.120662206157,33,0.3552466656695989,160203.08,5.248126945181603,8.336656245302818
174,Portugal,2022,0.17006951851354996,2.1333149273944594,35,0.27298257153858324,233455.49,5.8799484395572446,8.442807769491404
174,Portugal,2023,0.13862384953960216,2.298504738145091,37,0.24061712385598885,244099.46000000002,7.213765909121715,9.959279584879269
174,Portugal,2024,0.17181811146927642,2.1305720727399238,34,0.3101003417004408,237775.52000000002,5.8201082030797116,8.419682104570686
176,Timor-Leste,2017,0.6693049853764919,0.5463254907153006,13,0.7936102715188836,189784.59,1.494087182747471,1.7268958504487413
176,Timor-Leste,2019,0.4241690681396907,1.1069543626712053,15,0.609184320561301,281699.88,2.357550503118422,3.025130898176951
176,Timor-Leste,2020,0.38474411375346396,1.1905613990868535,13,0.5486839314296879,164204.59,2.599130082184387,3.288927089861245
176,Timor-Leste,2021,0.3022675796515926,1.2949761014705807,13,0.3442001776088938,257397.02000000002,3.3083270165879037,3.6509087217491802
176,Timor-Leste,2022,0.3137240141790541,1.3188770397243919,12,0.4577198116807644,229212.91,3.187514996634151,3.739220023177712
176,Timor-Leste,2023,0.41053022028643676,1.344993323549168,16,0.6148158937822735,196827.41,2.435874268408976,3.8381609152217657
179,Qatar,2005,0.5271866247459842,0.9652013353813532,15,0.6982845927350083,132163.95,1.8968614776253718,2.625316172301045
179,Qatar,2006,0.46447222003833666,1.093008115702451,16,0.6391037848859882,142956.75,2.152981291146889,2.9832345033536845
179,Qatar,2007,0.42012886475023,1.0973427380406875,21,0.5472089381691988,198483.6,2.38022207922921,2.996193764733147
179,Qatar,2008,0.4537494019612697,1.0575324003376123,22,0.6193322059641816,275863.5,2.2038596539800093,2.879257361591543
179,Qatar,2010,0.6066441905839199,0.8096227771063891,16,0.7646649974799616,319836.4,1.6484127195505802,2.247060184236464
179,Qatar,2013,0.3790390967888439,1.1880039423359696,21,0.4778406178413419,252731.55,2.6382502714675966,3.2805265476624976
179,Qatar,2014,0.5272460973534178,0.9256628317367461,32,0.6895081977890992,460581.49999999994,1.8966475143574009,2.5235403887856807
179,Qatar,2015,0.5233464487594375,0.9953910228009862,32,0.6966874529098617,360956.68,1.9107801387980032,2.7057821569688234
179,Qatar,2016,0.5775441387441356,0.9110388965424847,29,0.7432405061227148,385145.33,1.731469394139279,2.486904828611701
179,Qatar,2017,0.6534254805317999,0.7996851464978447,35,0.800677632550777,459727.03,1.5303963952953523,2.224840319437337
179,Qatar,2018,0.6889284204856508,0.7173746465298005,18,0.8244547748183312,389016.79,1.4515296078147908,2.0490466711639734
179,Qatar,2019,0.6749406814224783,0.7373710013128174,15,0.8149800052307338,402352.73,1.4816116845889915,2.090432539604765
179,Qatar,2020,0.756167447716771,0.6111110726564188,20,0.8668740984008233,450082.20999999996,1.3224584092048333,1.842477388195807
179,Qatar,2021,0.7486422188397455,0.626668163826246,19,0.8621687328600169,321167.9100000001,1.3357515443756456,1.8713650986528967
179,Qatar,2022,0.7424421025423539,0.62606615814679,20,0.8583102879845975,351621.93,1.3469063736763949,1.870238865268632
179,Qatar,2023,0.7830248880043471,0.5509294008248523,16,0.8829437320483925,313049.96,1.277098615024416,1.734864653463596
180,Palau,2007,0.664851833027839,0.5529677871876272,3,0.7904976055992141,2606.08,1.5040945220017579,1.7384045845624083
180,Palau,2008,0.7587278706062711,0.40555848463207755,2,0.8596719829276886,3008.3799999999997,1.3179956065155973,1.5001400713254547
180,Palau,2009,0.7499357664443662,0.4165755915371572,2,0.8535079676926436,2290.5,1.3334475361019933,1.516758651106925
180,Palau,2010,0.8158850314046604,0.3307154957731841,2,0.8974198229861341,2025.83,1.225662883259863,1.3919637164073397
180,Palau,2011,0.8044775905767068,0.3473351751671808,3,0.8902011505515419,2296.29,1.2430427046241634,1.4152910162837127
180,Palau,2012,0.784281292589665,0.37282962952092574,2,0.8770154456979614,2065.3,1.2750527259142452,1.4518369686011177
180,Palau,2013,0.861004551346622,0.2667471053055392,2,0.9248555939061072,2254.06,1.161434046354328,1.3057101973918885
180,Palau,2014,0.43955771508921065,1.0578024302924078,7,0.6219512993603048,3054.58,2.275014100928804,2.880034952308406
180,Palau,2015,0.34567070559462837,1.2285762034640153,10,0.48711172671879077,3292.14,2.8929266605909914,3.416361867634291
180,Palau,2016,0.33157770991813246,1.2918008570301116,10,0.4909953560111992,2982.3500000000004,3.0158842711318052,3.6393345792180267
180,Palau,2017,0.29790842878196633,1.486918501133258,12,0.4767113757875073,3334.8900000000003,3.356736175906864,4.423443659088413
180,Palau,2018,0.22964476555674043,1.570194501084263,13,0.31409124356144225,2989.8,4.354551681487906,4.807583182985798
181,Zimbabwe,2005,0.38133575806266135,1.4269300402642529,18,0.5757642936436114,30222.350000000002,2.622360947948866,4.165890424915578
181,Zimbabwe,2006,0.14003233507803012,2.210196033070992,20,0.199013949013949,24948.0,7.1412077749240614,9.117503550084345
181,Zimbabwe,2008,0.29149269151110735,1.5565058265780314,22,0.4265279054818262,12289.7,3.43061774487713,4.74222211543069
181,Zimbabwe,2009,0.2498696208884744,1.6253867837854303,17,0.33064599722689353,41000.95,4.002087154269687,5.080383667238316
181,Zimbabwe,2010,0.12244393178082336,2.210749115962619,16,0.16198155042359869,106799.2,8.167003341496876,9.122547680094666
181,Zimbabwe,2011,0.14686269963804585,2.1071866321524695,18,0.20089625439806919,130554.45,6.809080879383091,8.225068559781743
181,Zimbabwe,2012,0.21286776669926577,1.84096995458542,19,0.30489229423695424,158587.15,4.697752109236787,6.302648580072145
181,Zimbabwe,2013,0.25421545556670755,1.6161829588470804,17,0.37320813463870706,172951.75,3.933671136441169,5.033839227349717
181,Zimbabwe,2014,0.2739541818678261,1.4886835816881197,20,0.34071052592412526,201569.0,3.6502454285675667,4.431258288172637
181,Zimbabwe,2015,0.25906337873937657,1.611944030162445,19,0.36097980041717787,216742.1,3.8600592830452576,5.012546303331773
181,Zimbabwe,2016,0.22449520316365423,1.7453409660918293,19,0.3483460428085336,204781.6,4.454438161295644,5.727854146547983
181,Zimbabwe,2017,0.26389522936651205,1.6381198190189992,20,0.44339726891071957,176372.85,3.7893826364369234,5.1454859668255715
181,Zimbabwe,2018,0.30913490053999454,1.570429045839632,17,0.5152025789360045,195168.86,3.2348337190437166,4.808710908653268
181,Zimbabwe,2019,0.18789906245646765,1.8483490820923207,21,0.30602976752256705,88981.54,5.322006331094278,6.349328644834114
181,Zimbabwe,2020,0.21851063573888543,1.6893043959785257,21,0.2674550321955241,199519.97,4.576436275600672,5.415712203402847
181,Zimbabwe,2021,0.1924747367573489,1.7803676086463829,17,0.28388314237501966,205122.43,5.195487038180447,5.932036685800415
181,Zimbabwe,2022,0.17076790918417095,1.8903721412061472,18,0.24160679331249738,245799.38,5.855901174743043,6.621832479299967
181,Zimbabwe,2023,0.20244955286241312,1.7757088184595808,17,0.313341482419305,291083.76999999996,4.939502141946496,5.904464847075697
181,Zimbabwe,2024,0.1952841073589536,1.9010017482575052,19,0.34706691136764795,319426.58999999997,5.120744404263735,6.692595381153241
183,Romania,2005,0.9208515960216469,0.25078041066935,25,0.9594361856910171,92030.29999999999,1.0859513132412408,1.2850278749363193
183,Romania,2006,0.7872018542449626,0.5767268759237917,27,0.8857422404905312,117945.6,1.2703222110155479,1.7802020621512245
183,Romania,2007,0.46475013786722036,1.2898396029843773,23,0.6676888394942324,69688.15000000001,2.15169382109081,3.6322039143590916
183,Romania,2008,0.1570788708198958,2.221348863732648,24,0.24616876781561178,78512.59999999999,6.3662286008319,9.219758680391566
183,Romania,2009,0.382603710318068,1.5684756042515438,25,0.5979963693070044,71115.90000000001,2.613670419371195,4.79932654166976
183,Romania,2010,0.23072128336214884,1.775686170679628,18,0.3720992580872312,75905.15000000001,4.33423386619414,5.904331125569354
183,Romania,2011,0.2031367171436346,1.8112077480226876,26,0.2673532381914144,141704.1,4.922792954721802,6.117831771347506
183,Romania,2012,0.2870856782696569,1.6029412202235167,21,0.4449847796549301,70727.7,3.4832806917686407,4.96762182833697
183,Romania,2013,0.23884992564114849,1.7215099698975127,22,0.3906735593307799,85269.4,4.18672937542553,5.59296730374231
183,Romania,2014,0.3487112470411833,1.3550136994209403,24,0.5043558989109992,95812.6,2.867702170449061,3.8768140663771944
183,Romania,2015,0.22624607880660155,1.8481064514385137,25,0.36945064359763996,103952.37000000001,4.419966106262618,6.347788289949995
183,Romania,2016,0.3431696083635676,1.5892214841658623,27,0.5530730171872019,98606.51,2.9140109602612596,4.899932767802724
183,Romania,2017,0.3461648324027569,1.5303212527609744,23,0.553665620435672,78612.34,2.888797204091827,4.619660662685762
183,Romania,2018,0.43457419294951743,1.399938394433052,25,0.6443615053164216,91587.92,2.3011030480499923,4.054950151646712
183,Romania,2019,0.3108889281410561,1.681979974548047,27,0.5163775787354054,96352.46,3.2165828676480923,5.376190159618099
183,Romania,2020,0.41799866674163927,1.404394626413766,28,0.6215236187155826,106494.36,2.3923521282858298,4.073060271671469
183,Romania,2021,0.32378672755088134,1.6675169416105662,30,0.5271112782118789,92665.31,3.0884527218394258,5.298993737115289
183,Romania,2022,0.4166832418586614,1.2662312992094076,30,0.5933116137252673,172065.72,2.3999045306919236,3.547458030333957
183,Romania,2023,0.5209622261598557,1.1839570933843557,29,0.7096018480146586,99103.11,1.919524967042722,3.267277578612114
183,Romania,2024,0.3324542816568955,1.6432960882315801,34,0.5418387181874843,87297.01,3.0079323840143384,5.172189439978543
184,Rwanda,2005,0.25332519340604603,1.61036763247275,12,0.38406648939631205,23053.3,3.947495259175171,5.004650761811472
184,Rwanda,2006,0.24814838845547696,1.6340967876836396,14,0.3831440050547574,33315.15,4.02984684375422,5.12482709904486
184,Rwanda,2007,0.29527526688638317,1.4961066657334283,14,0.44796338255767365,37315.55,3.386670378947732,4.464274279507194
184,Rwanda,2008,0.6586004517356877,0.7625013370146873,11,0.8034934497816594,23587.0,1.518371263433819,2.1436314647979957
184,Rwanda,2009,0.20092530317709997,1.7635553912767306,12,0.2523737023027522,57963.25,4.976973950954191,5.833139664138025
184,Rwanda,2010,0.8575167335572645,0.28169474186652965,3,0.923000796543484,82858.0,1.1661580011991923,1.3253740770127558
184,Rwanda,2011,0.5127864594175251,0.7780228900888166,13,0.6207982002284306,78054.35,1.9501294966639748,2.177163515900442
184,Rwanda,2012,0.4669311409672132,1.0495069416066787,13,0.637491475633426,106752.8,2.1416434079092994,2.8562424764940304
184,Rwanda,2013,0.6272770149933111,0.824343366924469,11,0.7830026538832898,112062.2,1.594192001456746,2.2803828987725514
184,Rwanda,2014,0.6737144730069101,0.7266521541680829,20,0.8133487739716837,80868.85,1.4843083235793024,2.0681451735706426
184,Rwanda,2015,0.7584363768246248,0.5627136854333646,20,0.8675317812664618,151431.18999999997,1.3185021585946852,1.755429726647287
184,Rwanda,2016,0.6176783254328263,0.7400856753845091,19,0.7642104662211465,213347.68000000002,1.6189656635584049,2.0961150922680627
184,Rwanda,2017,0.5154170887663044,0.8487059564216524,22,0.6598728902799605,272308.05,1.9401762607320352,2.3366212050233433
184,Rwanda,2018,0.4921655465466314,0.9372972813453077,18,0.6623785313325119,257989.37,2.031836659466882,2.553071850309498
184,Rwanda,2019,0.5569084412619828,0.8920911041186769,23,0.7251977977637131,217793.15999999997,1.795627298688361,2.4402270887119224
184,Rwanda,2020,0.43759165481614476,1.044077156106002,24,0.5669237418947731,367534.44,2.2852355363590116,2.840775721090819
184,Rwanda,2021,0.4243273581049791,1.0159120932163384,19,0.5843315620654975,309650.14,2.3566710486590843,2.7618813421380493
184,Rwanda,2022,0.3329190579413479,1.1769873037809369,23,0.389946645287063,489238.88,3.003733118144817,3.2445845161139175
185,Russian Federation,2005,0.2234505988119201,1.7605118448103212,25,0.3600766606132695,712464.95,4.475262117519349,5.815413221834175
185,Russian Federation,2006,0.24297845040652444,1.6996198148299062,20,0.4111032882190844,694968.8999999999,4.1155913140729625,5.47186667366113
185,Russian Federation,2007,0.24401280626906835,1.6866952372794273,19,0.3932628556081515,441964.7,4.098145565759031,5.40160016906998
185,Russian Federation,2008,0.33718846712107575,1.4900406817467486,20,0.5266653067871261,529948.9,2.9657004835842313,4.437276031471624
185,Russian Federation,2009,0.2507609346102983,1.6255332003725076,21,0.3615792772483386,511190.8,3.987861991159335,5.081127574134741
185,Russian Federation,2010,0.22335956812253827,1.7774815083709328,21,0.33979363811147906,438748.65,4.477086020561186,5.914940915008649
185,Russian Federation,2011,0.18560039917958132,1.9144328658872538,22,0.2814365501899919,355291.45,5.38791944640394,6.783090783759341
185,Russian Federation,2012,0.1619440776414593,2.1164149227201827,26,0.2797076311235601,394747.9,6.174971104617845,8.301323191177106
185,Russian Federation,2013,0.21117447654775418,1.8992753514341454,30,0.37774705949488785,474455.05000000005,4.7354207589280515,6.6810512734698175
185,Russian Federation,2014,0.20890533567876088,1.8453304937184847,23,0.33806428162403557,581155.51,4.7868571511152105,6.330191533267642
185,Russian Federation,2015,0.2028434167587928,1.7769175532614199,24,0.3031483911079473,434914.2,4.929911041624437,5.91160609429014
185,Russian Federation,2016,0.2625109946963825,1.5817237351258462,22,0.4176741469213145,394987.88999999996,3.809364255987029,4.8633316859244875
185,Russian Federation,2017,0.18497553008473647,1.8802390337021155,27,0.28537758494020987,409104.24,5.406120471945151,6.555071557959275
185,Russian Federation,2018,0.21597323651497533,1.7708559837832045,23,0.33376456073030325,411422.53,4.630203335081572,5.875880868078642
185,Russian Federation,2019,0.22275388508049307,1.783409087232926,25,0.39165745115754214,449613.43000000005,4.489259523525912,5.950106313618342
185,Russian Federation,2020,0.4359486431977165,1.3027253577785982,23,0.6394780607942238,408646.06,2.2938481759340363,3.6793104532103738
185,Russian Federation,2021,0.5806734809279105,0.9655725487491306,22,0.7491957588015313,347945.98999999993,1.722138228875219,2.6262909056646797
188,Saint Kitts and Nevis,2005,0.5849641835656678,0.8784148797257157,7,0.751269035532995,1576.0,1.7095063733722433,2.4070811676344634
188,Saint Kitts and Nevis,2006,0.510633632212074,0.9560615382892108,6,0.6819029850746269,2144.0,1.9583512266279488,2.6014306359361314
188,Saint Kitts and Nevis,2007,0.5449114294585787,0.9106726464085979,7,0.7116912599318955,1762.0,1.83516062600044,2.4859941661605602
188,Saint Kitts and Nevis,2015,0.48004756230971823,0.8996731657731102,12,0.6101815829774282,2102.62,2.083126920150503,2.458799360029503
188,Saint Kitts and Nevis,2016,0.3902596321059126,1.0730453506395827,9,0.531660946085286,2831.88,2.5623967167801,2.924271385384271
188,Saint Kitts and Nevis,2017,0.5370236932922039,0.8056865253245289,8,0.6820989187488615,2415.7200000000003,1.8621152334444258,2.23823257482692
189,Saint Lucia,2005,0.5568573450958721,0.8420177581317999,6,0.7219867879845444,4813.8,1.7957920620187449,2.321045563625704
189,Saint Lucia,2006,0.3281943061729498,1.2604170964786774,8,0.4591783987593882,3288.7,3.04697546907784,3.526892234954114
189,Saint Lucia,2007,0.47238769488939036,0.9563388477282533,6,0.6368288714687177,3380.5,2.1169052683181135,2.6021521372414287
189,Saint Lucia,2008,0.6310675345507981,0.6796940081147257,5,0.7732881052670816,2682.7000000000003,1.584616455847016,1.9732738340605431
189,Saint Lucia,2014,0.43560485177031444,0.9221862294943077,9,0.4727868466488777,3058.08,2.295658544517956,2.5147822756704272
189,Saint Lucia,2016,0.4637466715557449,0.864151517685769,9,0.5556340200719195,4149.08,2.156349708441615,2.3729917899850768
189,Saint Lucia,2017,0.4743685092934036,0.8754504372141843,11,0.5958326729908608,3975.21,2.1080657345689993,2.3999560800665543
189,Saint Lucia,2018,0.8333659060551901,0.3706228869522688,8,0.9102436896328828,3759.29,1.199953097113832,1.4486366705754095
189,Saint Lucia,2019,0.885589572143187,0.2545171958335465,8,0.9394711043272154,4029.15,1.1291912545672054,1.2898387310046955
189,Saint Lucia,2020,0.8734278102011817,0.3105497862877299,10,0.9334307212883348,4264.73,1.1449143115441496,1.3641749126598623
191,Saint Vincent and the Grenadines,2005,0.900517088981673,0.21660874203906422,5,0.9476324284155034,4306.1,1.1104730962194451,1.2418581201959324
191,Saint Vincent and the Grenadines,2006,0.49970389522944747,0.7192235309524139,6,0.5431464051253658,2528.6000000000004,2.0011851209221274,2.0528386259984153
191,Saint Vincent and the Grenadines,2007,0.7476523708655014,0.4368554895568538,5,0.8525785424352235,9189.300000000001,1.3375200012304844,1.547832382950086
191,Saint Vincent and the Grenadines,2008,0.6462343502334691,0.540792819722358,4,0.7705079890420102,7191.1,1.5474262543282074,1.7173678857207606
191,Saint Vincent and the Grenadines,2009,0.5903420845736719,0.6010928637143874,3,0.7126395204630013,5805.6,1.6939331044341372,1.824111216432053
191,Saint Vincent and the Grenadines,2010,0.6063491608592204,0.6233580136532042,5,0.7361633446157704,6381.599999999999,1.649214783414495,1.86518084020664
191,Saint Vincent and the Grenadines,2014,0.47618928776677116,0.8624982324055236,14,0.5841367856517228,5936.88,2.100005240961619,2.369071798913213
191,Saint Vincent and the Grenadines,2015,0.502832212565366,0.7226510910860494,10,0.5635247744768656,3780.1000000000004,1.9887349597158204,2.0598869261696295
191,Saint Vincent and the Grenadines,2016,0.6499666046012912,0.5606079612751731,10,0.7758364145181168,4227.27,1.538540584886557,1.7517371649864497
191,Saint Vincent and the Grenadines,2017,0.9047903458851785,0.23219191059815822,12,0.9503725134747205,5775.63,1.1052284151215999,1.2613617742946401
191,Saint Vincent and the Grenadines,2018,0.8755813967818246,0.2658224414885961,9,0.9336859367450849,4305.12,1.1420982717032049,1.304503412438121
191,Saint Vincent and the Grenadines,2019,0.815614322716412,0.3672974094511126,13,0.8983020266639471,2549.51,1.2260696902299233,1.4438272631403597
191,Saint Vincent and the Grenadines,2020,0.8644720652981224,0.32851101951356276,13,0.928273839416645,2489.0499999999997,1.1567753778777563,1.3888985452301328
191,Saint Vincent and the Grenadines,2021,0.9254383758612137,0.21224774805162955,19,0.9616979883666958,2025.2200000000003,1.0805689779931584,1.2364541762485113
191,Saint Vincent and the Grenadines,2022,0.6330990864140527,0.7039059367366824,15,0.780644136452087,2518.1,1.5795315795890925,2.0216336794185414
191,Saint Vincent and the Grenadines,2023,0.9125538812244366,0.23938618750203733,13,0.9548667146490949,2236.93,1.0958257047334354,1.2704690811375121
193,Sao Tome and Principe,2009,0.5019106906586824,1.1405239934787081,10,0.694931456011516,4446.049999999999,1.9923863320935646,3.128407200751021
193,Sao Tome and Principe,2012,0.19516298597169718,1.7903809483689326,12,0.2895079406404582,8642.25,5.1239224232048874,5.9917345731858145
193,Sao Tome and Principe,2013,0.3432169347494842,1.2426443202461872,9,0.42596998174245,12652.3,2.913609145568254,3.464763305633643
193,Sao Tome and Principe,2014,0.4553941901552727,1.2284243894876958,17,0.6568638626087617,15791.4,2.1958997756625678,3.4158432555218985
193,Sao Tome and Principe,2015,0.2513392078984412,1.5221080585575368,14,0.3125028103453411,17124.23,3.9786868446091015,4.581873880014964
193,Sao Tome and Principe,2016,0.40303182000387366,1.1472063753643795,11,0.5464374347175093,16476.47,2.481193668505848,3.149382416508623
193,Sao Tome and Principe,2017,0.24821983651468063,1.6181345965678657,13,0.37902537593359686,16534.170000000002,4.028686885146894,5.043673050775221
193,Sao Tome and Principe,2018,0.28635509663840775,1.5468915849694036,15,0.45925866277224353,12790.939999999999,3.4921676329118765,4.696847715980286
193,Sao Tome and Principe,2019,0.21140318349951837,1.7268328242223223,13,0.3301515722467386,19266.06,4.730297734623652,5.6228172268621694
193,Sao Tome and Principe,2020,0.22939043166572057,1.5613033961927416,12,0.28794077307968524,18672.59,4.35937973845941,4.7650279186293245
193,Sao Tome and Principe,2021,0.29378732797220214,1.5872475735412768,17,0.4891251175506695,22915.65,3.4038227819500064,4.890270278035558
193,Sao Tome and Principe,2022,0.15156027960492213,2.0153019001315133,13,0.22311360911360317,20133.42,6.59803480573365,7.502992193642177
193,Sao Tome and Principe,2023,0.18032913438280415,1.905230684735256,15,0.2837232565598387,17834.28,5.545415628054821,6.720957871206496
194,Saudi Arabia,2005,0.49147924178454777,1.1096578777337822,26,0.6808394953360583,2079566.0499999998,2.0346739291959253,3.0333204504272566
194,Saudi Arabia,2006,0.5641516591178866,0.9660699367922103,24,0.7390149655377413,1871663.4500000002,1.7725730020250414,2.627597516278117
194,Saudi Arabia,2007,0.4896623292012079,1.1175098645003219,29,0.6816398815532461,1893103.8,2.0422236720380598,3.0572317953930326
194,Saudi Arabia,2009,0.41578750791723734,1.175237893417291,6,0.6075325440177093,2564453.65,2.405074661836763,3.238913368364375
194,Saudi Arabia,2010,0.4527035941670911,1.0952154196085164,14,0.6404166210414669,2519167.05,2.208950874003673,2.989826681319204
194,Saudi Arabia,2011,0.4497010049505287,1.1130356448601082,10,0.6407453477770335,2187274.25,2.2236997226857635,3.043583624075626
194,Saudi Arabia,2012,0.5109404193757462,1.0439761650542516,11,0.696538895974227,2409004.45,1.9571753615064829,2.8404888426492807
194,Saudi Arabia,2013,0.4888831158837027,1.1016585046292267,13,0.6783391741013105,2508716.9,2.0454786993255123,3.00915258117522
194,Saudi Arabia,2014,0.562178800356454,0.962307241131425,19,0.7364900682980041,2814708.9,1.7787935072719605,2.6177292438011555
194,Saudi Arabia,2015,0.5910191281698601,0.9534057960765465,18,0.7599483771375369,3139818.1400000006,1.6919926146833575,2.5945310725689983
194,Saudi Arabia,2016,0.5544441436502913,1.0010114856142622,19,0.7319197566992219,2452782.95,1.8036081929124632,2.721032722434346
194,Saudi Arabia,2017,0.5414575289351015,1.032287601545636,22,0.7219321131295302,2241618.43,1.8468669222620764,2.8074808919818786
194,Saudi Arabia,2018,0.5888172541676431,0.9656329102114987,33,0.7588449566707824,2499537.4,1.698319797733523,2.6264494372088993
194,Saudi Arabia,2019,0.5817126766382518,0.9551809772843968,30,0.7518786555034308,2713624.18,1.7190617295449924,2.5991409258240674
194,Saudi Arabia,2020,0.6226969641852621,0.8792198498153099,32,0.7806610898358431,2987086.0100000002,1.6059175771129732,2.409019576053364
194,Saudi Arabia,2021,0.5921998712507451,0.9451624167734409,39,0.7588570109080848,2293092.75,1.6886190770152785,2.5732312805721693
194,Saudi Arabia,2022,0.5552564000168655,1.0482963669825216,36,0.7330740657608321,2637380.86,1.8009697861557756,2.8527868738859743
194,Saudi Arabia,2023,0.6092807546627385,0.9457792478632486,34,0.7726657374052485,2367191.79,1.641279479693299,2.5748190192602425
194,Saudi Arabia,2024,0.5878712044845527,0.9402525512018969,33,0.7547391416615653,3655854.0000000005,1.7010528707164747,2.560628026360685
195,Senegal,2005,0.2680809408717063,1.653665693990791,20,0.45255745720700813,857018.25,3.7302166903336977,5.226102048535869
195,Senegal,2006,0.28323259083742597,1.6176002409989572,21,0.4694105052175096,710559.3,3.5306671348919547,5.04097865593934
195,Senegal,2007,0.36537731926058825,1.3177459005570356,19,0.512866300202774,1092003.9,2.7368967565466122,3.7349928361732423
195,Senegal,2008,0.3787441567140806,1.5296419667291739,23,0.5947701848879334,1128548.5,2.640304760542918,4.616523657308534
195,Senegal,2009,0.3480962488972299,1.3433724088559762,17,0.5209666359648554,773732.85,2.8727686758130933,3.8319446232000245
195,Senegal,2010,0.2112027003254196,1.8346069994444667,21,0.37193930620342075,699412.5,4.734787947593507,6.262672427995913
195,Senegal,2011,0.22396628333238808,1.7246540453548493,17,0.3151432584698027,809849.15,4.464957783470922,5.610579687799414
195,Senegal,2012,0.43890932444514236,1.3537595796066655,25,0.6474503797983483,1042138.55,2.278374926903578,3.8719551245247703
195,Senegal,2013,0.5010734391952484,1.2148172446474255,25,0.6958053564147373,1127782.35,1.9957154416447522,3.3696781813212735
195,Senegal,2014,0.4306738895167162,1.2633673889855503,23,0.614960771851638,1116106.72,2.3219424820997556,3.537312963227021
195,Senegal,2015,0.43747857964311004,1.2037930919953868,21,0.6277878109452587,1161409.01,2.2858262016297766,3.3327343460558145
195,Senegal,2016,0.3998585384411548,1.2677719528049773,23,0.5880188783907496,975915.8099999999,2.5008844475310985,3.5529276466136213
195,Senegal,2017,0.358400476654898,1.4405745400813832,27,0.5351128281058048,1200588.7100000002,2.7901748606291474,4.223121472666222
195,Senegal,2018,0.39208536733204913,1.34240920308702,22,0.5875853151024236,1295799.2999999998,2.550464983696064,3.8282554490347813
195,Senegal,2019,0.18875178591736672,1.9398005592206096,26,0.30172089383150075,992943.2999999999,5.297963116692247,6.957363250308716
195,Senegal,2020,0.18817919835061492,2.0199432953552345,24,0.36663043694241576,1148955.29,5.314083643489664,7.537897487743631
195,Senegal,2021,0.5847761127928087,0.9609765110784585,23,0.7549693205740765,1219411.67,1.710056170427585,2.614248069591188
195,Senegal,2022,0.3521814161512843,1.2801143669813162,17,0.5244292336159231,1695046.83,2.839445678105958,3.597051085920149
195,Senegal,2023,0.4251980762169579,1.2341581747604846,22,0.6123430537510438,1476584.3499999999,2.3518450715890555,3.4354852248789793
195,Senegal,2024,0.2222190894544772,1.6962446962551916,27,0.3050732345384379,1425432.6199999999,4.500063439441171,5.4534296059593625
196,Seychelles,2005,0.9543489717718711,0.13823024023724903,8,0.9767838555149243,9174.65,1.0478347329733817,1.1482398908669826
196,Seychelles,2006,0.8838473232014117,0.3151664142231255,10,0.939550313306303,13429.349999999999,1.1314171279920473,1.3704873605705334
196,Seychelles,2007,0.9044231600923542,0.2812485563808805,11,0.9507295567320285,10842.2,1.1056771256254496,1.324782846245639
196,Seychelles,2014,0.5593331891176231,0.6735942606020661,23,0.6781516881764246,11828.74,1.787843130813588,1.9612739970936726
196,Seychelles,2015,0.5922357248997269,0.6817875602309804,29,0.7239376480020884,11798.82,1.6885168488768774,1.977409313081749
196,Seychelles,2016,0.6256688957657938,0.6393515943537146,24,0.7575202213332864,12484.339999999998,1.5982894575189643,1.8952515889772017
196,Seychelles,2017,0.5971835751828436,0.7067543852938528,26,0.7346797379459867,12730.199999999999,1.674526965504407,2.027400408171801
196,Seychelles,2018,0.6076538163263709,0.7272913459270326,26,0.7505266298576511,15584.95,1.6456738576013483,2.0694675374989404
196,Seychelles,2019,0.6359058089206706,0.6147485065027408,28,0.7654039791204281,11331.650000000001,1.572559938864704,1.849191481440918
196,Seychelles,2020,0.8428365737036755,0.3908112459167373,26,0.9164737631039652,16571.32,1.1864696326663917,1.4781794746674857
196,Seychelles,2021,0.9496162214384576,0.16674334998397092,25,0.9744078232941911,12146.29,1.0530569902072884,1.1814510069745205
196,Seychelles,2022,0.5655829707342299,0.8194723659276543,27,0.7261987090387781,13173.13,1.7680871803863145,2.2693021604522716
196,Seychelles,2023,0.713982092137751,0.5859865567716346,21,0.8361014638593974,11318.71,1.400595352477085,1.7967627199663532
196,Seychelles,2024,0.718633257816964,0.5924443041930995,24,0.8399545797904948,14469.33,1.3915303656245481,1.8084033053147763
197,Sierra Leone,2018,0.15906252065286164,2.048937649019459,41,0.2383086009520882,338573.68,6.286836118876816,7.7596532507841465
198,Slovenia,2005,0.6576489621928459,0.7786895720902045,10,0.803765863125823,16591.15,1.5205680499603142,2.1786154755744835
198,Slovenia,2006,0.40052959768960134,1.1766757773777792,13,0.5344047270261244,24404.35,2.496694391047152,3.243573899794878
198,Slovenia,2007,0.5149970704695295,1.1881866963222059,14,0.7082798508409223,19710.5,1.9417586183321143,3.281126131752559
198,Slovenia,2008,0.4464112910245537,1.1539666199246803,13,0.624179236027912,22578.05,2.2400867095115604,3.170745139114858
198,Slovenia,2009,0.6504133657513086,0.8060121220157915,11,0.799633565628336,16674.2,1.5374837797880663,2.238961454601542
198,Slovenia,2010,0.6442920423630041,0.8278498958300623,13,0.7963631193573611,17583.75,1.5520911857492483,2.288393163227165
198,Slovenia,2011,0.6536893991597356,0.8023051319452252,15,0.8006917159821003,20514.199999999997,1.529778517573359,2.2306770113822414
198,Slovenia,2012,0.7094323491160078,0.7216750156883809,12,0.8388868341122804,17844.600000000002,1.4095776732567322,2.057877302150849
198,Slovenia,2013,0.6820914402163023,0.7804659091578421,16,0.8211020523236078,17380.3,1.4660790929774514,2.182488870208608
198,Slovenia,2014,0.6732305504109909,0.8176006054134572,17,0.8156960540919601,18794.66,1.4853752542713998,2.265058543030274
198,Slovenia,2015,0.3931546479793244,1.1875481294263153,18,0.4936205456124534,29050.29,2.5435283676274607,3.2790315820498055
198,Slovenia,2016,0.35631861927608144,1.2574664560185582,18,0.4757478187189412,43667.0,2.8064769728611454,3.5165009819919835
198,Slovenia,2017,0.3574328571816345,1.2520009544596666,17,0.4390714011959114,37624.86,2.7977282443618106,3.4973339667814174
198,Slovenia,2018,0.37391863108911344,1.2733957308318342,22,0.47651568686530466,40556.86,2.6743786397786553,3.5729648125209432
198,Slovenia,2019,0.40099102042164486,1.2158807341309208,19,0.5076539682144824,42611.23,2.49382143008712,3.3732637048752303
198,Slovenia,2020,0.4197686866480803,1.1660857333091799,25,0.5608703418811853,49654.97,2.382264403724725,3.209405550745729
198,Slovenia,2021,0.2853278452490112,1.6133917573384606,24,0.43072539703729185,32735.589999999997,3.5047403071623813,5.0198083583049256
198,Slovenia,2022,0.23669910857124732,1.7747351565652054,24,0.3257156997914236,42430.5,4.224772987258616,5.898718692507246
198,Slovenia,2023,0.29473249973097687,1.5205935729377673,25,0.38356729754183055,41093.18,3.392907130746594,4.574939949906146
198,Slovenia,2024,0.4015018786306503,1.2380002553818719,26,0.5499828031830173,51055.96,2.490648371087499,3.448710025192807
199,Slovakia,2005,0.5172564415824658,0.8962827988906129,11,0.6729253708276922,47235.55,1.9332770355467306,2.450477243594137
199,Slovakia,2006,0.35034374799151535,1.3853311203140883,12,0.5312798544885852,58827.0,2.854339504366489,3.9961488918468167
199,Slovakia,2007,0.2697985797977282,1.6047776302987322,15,0.3725052322090864,53466.9,3.70646873215461,4.976752800651057
199,Slovakia,2008,0.23950654186042164,1.635348238050922,14,0.34661521684422447,71526.0,4.175251298909299,5.131244580542458
199,Slovakia,2009,0.195088940041846,1.855104393282198,17,0.2902942786076855,51802.950000000004,5.1258672059292705,6.392365535809541
199,Slovakia,2010,0.21360765223214037,1.8499149922893154,17,0.3116209676388232,62568.799999999996,4.681480225779737,6.359278911882214
199,Slovakia,2011,0.26478305072300873,1.6080142900313568,18,0.3939807755241298,57447.6,3.7766767822541123,4.992886952334621
199,Slovakia,2012,0.32096897207825137,1.3842894109943535,15,0.45409067100365214,55460.95,3.115565948711711,3.991988233777523
199,Slovakia,2013,0.31846606641197445,1.503743128122866,18,0.45987275258034843,51906.75,3.1400519724647173,4.498496042436602
199,Slovakia,2014,0.3474370118021347,1.3549367136854051,18,0.4386173005848252,50112.409999999996,2.8782195506836206,3.8765156184830243
199,Slovakia,2015,0.34128564103718034,1.3687307747163948,21,0.44764302797369576,53837.72,2.930096903464679,3.9303590173200913
199,Slovakia,2016,0.3550283397230446,1.2747584956827425,18,0.450007393085283,60259.01,2.8166765525819537,3.577837242615154
199,Slovakia,2017,0.40157014002567704,1.1177255772289283,16,0.4874306981014942,63079.08,2.4902249951554127,3.05789135034024
199,Slovakia,2018,0.38963903114181925,1.2109361570757058,21,0.5228665904414913,62359.1,2.566477996492153,3.3566255108737657
199,Slovakia,2019,0.31756510099497903,1.4888645128732239,23,0.5080533267583979,60188.170000000006,3.1489606284407516,4.432060113521636
199,Slovakia,2020,0.2849109282861078,1.5515490403306262,24,0.45989469807051947,65729.09,3.5098688773208413,4.718774095487448
199,Slovakia,2021,0.3063867669684274,1.464180153381573,25,0.4684066163262874,58733.5,3.2638485333247047,4.3239967725875434
199,Slovakia,2022,0.3340704530237686,1.3731707818481054,23,0.44698502171328997,62574.58,2.9933805607431303,3.947848637674697
199,Slovakia,2023,0.22772979553876344,1.694058798221175,24,0.36279567189774065,61666.75000000001,4.391168918560695,5.441521984070054
199,Slovakia,2024,0.25515536443118103,1.6380242772995275,22,0.3947652526529215,56205.96,3.919180779245243,5.1449943817326
200,Singapore,2005,0.4129627107314677,1.2856036913641313,14,0.6119270601074154,540546.45,2.421526142708459,3.6168507598506796
200,Singapore,2006,0.39147719546082105,1.3044480858029435,17,0.5815426233146372,580817.1000000001,2.5544272095412,3.685654367288718
200,Singapore,2007,0.41024963482681986,1.2256415998580825,21,0.5910088489736153,630479.8999999999,2.437540256244551,3.4063508960794264
200,Singapore,2008,0.5438987791331232,1.0499679551436951,20,0.7238628795031894,557926.7999999999,1.8385773941133312,2.8575595465109225
200,Singapore,2009,0.44047561110983174,1.1941038500361987,22,0.6287382301978097,536085.9,2.2702732564020485,3.300598613447502
200,Singapore,2010,0.37148012341473213,1.2674164741193985,21,0.5320967077641333,597044.1000000001,2.6919340685250295,3.5516648810202707
200,Singapore,2011,0.3536117288732814,1.2816283259992813,21,0.5056945443743878,700907.7,2.827960495502555,3.6025009982807763
200,Singapore,2012,0.2794356387679755,1.4735506225332382,19,0.3551269885909557,691959.8,3.578641594926739,4.364705081063372
200,Singapore,2013,0.2825573982063738,1.4490317068583671,23,0.34628217482207924,837318.15,3.539103935511261,4.258988568507083
200,Singapore,2014,0.30015193364109316,1.391418813870414,24,0.3818569099389971,972499.8300000001,3.3316460362895763,4.020550420861269
200,Singapore,2015,0.3138362514586017,1.3538520633868227,22,0.42024190469267514,820458.66,3.1863750454332407,3.8723132341306954
200,Singapore,2016,0.3124094088268711,1.3338554129144216,27,0.39057793188004253,611045.89,3.2009279226099525,3.7956490083329153
200,Singapore,2017,0.30160578632180746,1.393549064482475,29,0.3974250318903443,622563.05,3.315586256468633,4.029124329901277
200,Singapore,2018,0.2903757639100587,1.430543066514057,25,0.3762313461400404,550075.83,3.4438135832498094,4.180969119831827
200,Singapore,2019,0.258070459980384,1.5615678660360226,27,0.29574243358481084,619674.89,3.8749107514126573,4.766288291474152
200,Singapore,2020,0.26569526293569046,1.6597896796531226,26,0.4231375249807296,768432.32,3.763710308384544,5.258204820679487
200,Singapore,2021,0.30337773530601947,1.3489224036093481,27,0.3679784053906372,737098.77,3.2962207954756213,3.8532710217118535
200,Singapore,2022,0.3058424014226809,1.3730695356392553,29,0.4053228722783805,717477.6699999999,3.269657821637289,3.9474489532006287
200,Singapore,2023,0.313663524008463,1.341645513048578,26,0.4213203407761677,844651.7899999999,3.1881297105270643,3.8253329645619196
200,Singapore,2024,0.297118206503733,1.3896182694838752,26,0.3621001611577216,871922.23,3.365663827091781,4.013317754692427
202,South Africa,2005,0.5263714512687584,0.7456428868426527,28,0.6346801975795106,1492148.65,1.899799082168332,2.1077960738571933
202,South Africa,2006,0.483170421926972,0.8165823323748342,24,0.5403576054178423,1579676.85,2.0696631139212065,2.2627532688834497
202,South Africa,2007,0.5477136941887193,0.7329581707429117,22,0.6722267394336738,1902538.05,1.8257714032168086,2.0812281386571048
202,South Africa,2008,0.6385022998339899,0.7787408759726443,30,0.7857994317898971,1276587.65,1.5661650713865858,2.178727249873927
202,South Africa,2009,0.5132489955872029,1.1155872009554058,26,0.702001730775354,1474541.45,1.9483720544955188,3.0513594143871168
202,South Africa,2010,0.5862645150078412,0.9227197386316618,29,0.7523545165821066,1454863.4000000001,1.7057146977190412,2.5161242929503627
202,South Africa,2011,0.514767572600317,1.0427192589131584,29,0.6971330561251864,1783196.75,1.9426243089644535,2.836920857560162
202,South Africa,2012,0.2754728009432204,1.4823677924081082,27,0.3545063015657754,2575375.8,3.630122453381947,4.403359588471476
202,South Africa,2013,0.3078203223901247,1.3266073081301437,32,0.37589263413157564,2499673.35,3.2486484070815247,3.768237208401814
202,South Africa,2014,0.44146111298555835,1.0249609163491737,39,0.556001758368871,1793753.3199999998,2.2652051802187008,2.786986532828711
202,South Africa,2015,0.3890184939092925,1.176321680957701,38,0.5005467856366125,1213601.74,2.57057187680432,3.242425565211283
202,South Africa,2016,0.4559589412570638,1.0733924072133383,36,0.6025276982569635,1887706.3300000003,2.1931799324803958,2.925286449124097
202,South Africa,2017,0.6312843862673061,0.762800179155653,44,0.774295284687743,1995757.33,1.5840721262137598,2.1442721679441594
202,South Africa,2018,0.5827830981669992,0.8430659173487669,45,0.7340513169045332,2028225.61,1.7159042586259858,2.323479664365932
202,South Africa,2019,0.6422596677638112,0.6984716669629615,45,0.7797814008767028,1886215.25,1.557002642687734,2.0106773733452097
202,South Africa,2020,0.5070599932234939,0.9475572964416137,40,0.6630919368706153,2032586.26,1.9721532232167953,2.579401245059811
202,South Africa,2021,0.5991993685426344,0.7356546191951201,42,0.7395311380435571,1967017.77,1.6688936145446682,2.08684763598785
202,South Africa,2022,0.6747797137054404,0.5982887654525378,44,0.8015712801809901,2061973.44,1.4819651208965168,1.8190033941053758
202,South Africa,2023,0.6204770634296778,0.6460550319313475,38,0.7535191459786557,2357974.79,1.6116631201039322,1.9079989675915014
202,South Africa,2024,0.6260344447482586,0.702184349851721,42,0.7652752961794489,2685623.54,1.597356197233078,2.0181562555923676
203,Spain,2005,0.14217852061382683,2.19740364549613,21,0.2687644271060512,81617.2,7.0334112050308555,9.001611757742134
203,Spain,2006,0.10829935855390177,2.4091061920706163,27,0.15787609295782193,98945.95,9.233665031379564,11.12401396840331
203,Spain,2007,0.19555939186783894,2.0513339213135664,26,0.3842498013885531,180943.75,5.113536048812272,7.778269789120193
203,Spain,2008,0.12604825814184392,2.3503120572753926,24,0.2301511449236896,126028.05,7.933469408793302,10.488842333640966
203,Spain,2009,0.14628054046934474,2.3644487772159426,32,0.2950102087280953,129350.1,6.836179281204972,10.6381731975796
203,Spain,2010,0.14190745161884982,2.28773375970395,30,0.24114734918499797,81070.35,7.046846297303024,9.852584038409196
203,Spain,2011,0.13486913238916404,2.3146241975902417,29,0.24459394810289037,141616.75,7.414595039541785,10.121118663180802
203,Spain,2012,0.15744150903239046,2.336439499901751,29,0.33197684139769057,118418.2,6.3515651377189855,10.34433989320677
203,Spain,2013,0.10279078631600046,2.5009563980025002,31,0.19384208918329654,115214.40000000001,9.728498397957479,12.19415084701581
203,Spain,2014,0.11002782534847064,2.469215538035997,34,0.20960688899074645,117746.13,9.088610056891394,11.81317622847084
203,Spain,2015,0.10866435000214279,2.4694753653125647,39,0.20821229872807817,131085.1,9.202650179017136,11.816246012667465
203,Spain,2016,0.08126199081033338,2.6968039718390826,42,0.12718783902027309,168491.03,12.305876216274518,14.832251597581052
203,Spain,2017,0.1057126327099709,2.4877661189618276,35,0.18262624980241676,159110.15,9.459607374868446,12.034362736264377
203,Spain,2018,0.08183227240218449,2.6995690995427806,43,0.12836385376846107,234853.03,12.220117694951183,14.873321422869502
203,Spain,2019,0.12317599437783223,2.4278380559223893,42,0.2632637954012217,269353.71,8.118465006522149,11.334351338760419
203,Spain,2020,0.0983957350004902,2.576152553419609,43,0.19945932668723265,282418.23,10.16304212774078,13.146460428022209
203,Spain,2021,0.09228028907727913,2.643251020233426,43,0.1995900988874948,359135.39999999997,10.836550361936565,14.058834950216013
203,Spain,2022,0.13696146352362185,2.324173518932385,44,0.26109161779427853,528411.87,7.301323848861539,10.218231420127568
203,Spain,2023,0.1345162105212462,2.4140280302198716,41,0.2980399459356207,478858.73,7.434048254296122,11.178899522835831
203,Spain,2024,0.15808906108760876,2.277358501635627,43,0.3304997776793482,538658.91,6.325548353063002,9.75088940266578
206,Sudan (former),2008,0.7723483309000888,0.5503407221546599,13,0.8758647352532306,18235.350000000002,1.2947525876499373,1.7338436761896876
207,Suriname,2010,0.2851332495303356,1.5230492177287966,10,0.3912724904339331,614.15,3.507132197480214,4.586188182542931
207,Suriname,2011,0.45404807584435036,1.0529709717750706,5,0.6251374862513749,500.05,2.2024099499604626,2.86615374315335
207,Suriname,2017,0.42452503383208423,1.0982574035201442,6,0.5715413318025259,557.44,2.3555736889606798,2.99893553344896
207,Suriname,2018,0.3231475567090893,1.3432634474412386,6,0.4543250688705234,90.75,3.094561537719566,3.831527111839412
207,Suriname,2019,0.5018647060603718,0.926561192529047,5,0.6736940215702809,225.31,1.9925688894323343,2.5258084571480617
207,Suriname,2020,0.47146169381028813,1.0293888037389174,7,0.6451300743512411,620.03,2.1210630961725405,2.799354356811586
207,Suriname,2021,0.5633034263311029,0.9031671053963989,7,0.7327944739792412,553.02,1.7752421754527234,2.4674052820704206
207,Suriname,2022,0.31689037385964136,1.3083556175021247,7,0.4331553051011397,475.58,3.1556654366627273,3.70008435301373
207,Suriname,2023,0.4396474991651852,1.1134220449424457,6,0.6266102834098801,357.08000000000004,2.27454950135922,3.0447598922790005
207,Suriname,2024,0.41845924988237837,1.1313800541811248,6,0.5882451384007765,597.54,2.389718951800164,3.099931623093183
208,Tajikistan,2016,0.8482371925113887,0.36006788316578386,17,0.9193139597711714,53856.9,1.178915530736497,1.4334267168011665
208,Tajikistan,2017,0.951089855679873,0.14922694134249634,11,0.9751261554540093,43555.39,1.0514253664131075,1.1609364237864237
208,Tajikistan,2018,0.8645497381206078,0.3444923943972561,8,0.9289678951746386,58053.88999999999,1.1566714509379639,1.411273367551738
208,Tajikistan,2019,0.7021802551828771,0.6080155827772601,10,0.8289220537861802,83730.43000000001,1.424135743804927,1.8367828363489982
208,Tajikistan,2020,0.7612359113834631,0.48334784637770306,11,0.8653630173583948,84854.62000000001,1.3136532118967026,1.6214938376833257
208,Tajikistan,2021,0.8581860763888969,0.35128726575439695,11,0.9249730400534177,53570.21,1.1652484554490004,1.4208954418915505
208,Tajikistan,2022,0.7966517430285961,0.47120826338451893,9,0.8895924775526979,57764.18,1.2552536396874545,1.6019285760030797
208,Tajikistan,2023,0.5740719667572399,0.8956800109674261,9,0.7432300304838017,49501.69999999999,1.74194187820858,2.449000570610688
209,Eswatini,2005,0.9939886389751853,0.021230477655533708,3,0.9969857862860012,40823.25,1.006047716029242,1.0214574476274854
209,Eswatini,2006,0.7935750541077955,0.4212843576856011,3,0.88652007080042,42909.35,1.2601202555746727,1.5239175544719816
209,Eswatini,2007,1.0,0.0,1,1.0,38175.0,1.0,1.0
209,Eswatini,2015,0.8512144255392565,0.3810056578352524,8,0.9215336678588361,42334.59,1.174792120524139,1.4637558870759593
209,Eswatini,2016,0.9201364149343767,0.21321201110753676,5,0.9588732995384636,63366.62,1.0867953748698438,1.237647018345347
209,Eswatini,2017,0.8879932037222452,0.2954682102984743,8,0.9415718469010061,66745.05,1.1261347449600405,1.3437553715232189
209,Eswatini,2018,0.8331426509363408,0.4044351477315923,9,0.9112334242018205,69257.59999999999,1.2002746454957431,1.4984558547758449
209,Eswatini,2019,0.8489868860465014,0.3695345657417435,11,0.9198798877705955,73374.71,1.1778744953961835,1.447060946163157
209,Eswatini,2020,0.5763524642248793,0.8355152490956621,13,0.7331815197191233,80396.83,1.7350494047854428,2.3060019076365097
209,Eswatini,2021,0.38536577554501034,1.1926410477632428,9,0.5445096573854412,74879.48,2.594937234853646,3.295774019867165
209,Eswatini,2022,0.34313587579345106,1.2103081690076694,8,0.4789220912337888,72965.73,2.914297427185798,3.354518251840088
209,Eswatini,2023,0.48156542656327084,0.9758962509923214,9,0.6500517299666078,84274.17,2.076561033744839,2.653544387340469
209,Eswatini,2024,0.4164112221741497,1.0468729417310272,10,0.5054583671199586,61229.85,2.401472262872359,2.848729033713783
210,Sweden,2005,0.11643196013757326,2.337824944926111,25,0.1745714168325282,96139.45,8.588707076806262,10.358681339791024
210,Sweden,2006,0.14865654812863693,2.1647879644240726,23,0.27302883758144825,110484.3,6.726915245836802,8.712754307101244
210,Sweden,2007,0.13252535629220666,2.246256932625546,28,0.21510935355055164,109596.35,7.545725799031913,9.452288983257525
210,Sweden,2008,0.14781443882379003,2.2338289369257693,31,0.2872337603777088,109332.9,6.765238957420815,9.335542938754486
210,Sweden,2009,0.14144647665507107,2.2984176480003167,26,0.2888369468518368,97737.15,7.069812014042475,9.958412267546317
210,Sweden,2010,0.13817593256135555,2.31459877884902,29,0.2807947044805092,106225.65,7.237150359422837,10.120861400354292
210,Sweden,2011,0.13427557610677085,2.3439238751876577,31,0.2698174942055312,109522.55,7.447370765364194,10.42205126282409
210,Sweden,2012,0.10822263660079812,2.4527121665777445,31,0.1940974324925762,102794.25,9.240211026171075,11.619818905500408
210,Sweden,2013,0.105035281832158,2.4962006461608532,30,0.18948417364175038,107376.25,9.520610432577866,12.136296171948947
210,Sweden,2014,0.09993975868716484,2.537337436545371,37,0.18332649152845443,111179.23999999999,10.006027762486772,12.645955447069056
210,Sweden,2015,0.09953240238521942,2.511917747182409,38,0.17126512144459774,118171.58,10.046979436201172,12.32855044718953
210,Sweden,2016,0.09572045849933329,2.5397134824019494,40,0.14556149223403372,123918.9,10.447087442722239,12.676038542365431
210,Sweden,2017,0.09923007630802383,2.501999372630297,43,0.1568352380379304,115998.74,10.07758975107368,12.206875671637885
210,Sweden,2018,0.09384907335685898,2.54633203278402,42,0.14164442834423283,117155.12000000001,10.655406220128809,12.760213793898759
210,Sweden,2019,0.09241667062421541,2.5939840384752824,41,0.1521877868371725,133078.55,10.820558598850624,13.382983855575503
210,Sweden,2020,0.09406894075842902,2.577273252784738,45,0.1487831010300794,133952.78,10.630501331656541,13.1612019167232
210,Sweden,2021,0.09918707787788124,2.493412586576759,45,0.17321904131661667,121615.96,10.081958470751566,12.102506580676215
210,Sweden,2022,0.09132555775354222,2.5441171605224437,45,0.14223290719538442,137988.18,10.949837313872997,12.731982825849853
210,Sweden,2023,0.09525612990770102,2.5143757028438753,41,0.15994452372957244,142944.0,10.498012054121407,12.35889074984302
210,Sweden,2024,0.08997884595475052,2.5288838437998082,42,0.12018491088818972,142330.18,11.113723335625911,12.539502279659397
211,Switzerland,2005,0.14040597414353562,2.1799053779450235,28,0.21436359527222978,115927.8,7.122204066457386,8.845469242644446
211,Switzerland,2006,0.18311337627438762,1.929581845814709,23,0.31805242536047346,139989.5,5.4610974924166245,6.886629966280725
211,Switzerland,2007,0.2202576411026828,1.808517092992569,25,0.35740753556505317,148832.9,4.540137608818783,6.101392922072346
211,Switzerland,2008,0.1972927196443545,1.880128986274625,28,0.3317896624425614,128038.95,5.068610751590979,6.5543502288882385
211,Switzerland,2009,0.19054019730672256,1.973371950668124,32,0.3217243349967815,138497.45,5.248236404364836,7.194896467060569
211,Switzerland,2010,0.16066667563810172,2.1316907949413486,28,0.25717149575299764,146256.1,6.224066042497069,8.42910666061712
211,Switzerland,2011,0.21949363362531907,1.8583719621264623,28,0.36028851901672,163774.3,4.555940796474417,6.413287193138277
211,Switzerland,2012,0.2374610866315106,1.7738340104632042,33,0.40710650822879313,150456.45,4.211216305734289,5.893405479500842
211,Switzerland,2013,0.20220011781217218,1.8580948000025368,36,0.31868244988588457,155916.65,4.9455955358488985,6.411509919146377
211,Switzerland,2014,0.18633026223511,1.969392949805096,41,0.3005914963172049,171001.91,5.366814751423513,7.166324848752236
211,Switzerland,2015,0.1996676421619862,1.9284438293918589,46,0.31994270131940966,167145.21,5.008322776650614,6.8787973259629895
211,Switzerland,2016,0.21949150640156226,1.8536282721802948,47,0.3577572708682686,172819.8,4.555984950827612,6.382936590995345
211,Switzerland,2017,0.19258624311391878,2.0346003021098475,43,0.30751401013108,158956.4,5.192478880272248,7.649194147623532
211,Switzerland,2018,0.17098748629616548,2.116892164972269,44,0.2598926195694232,152606.95,5.848381198305421,8.305285878857946
211,Switzerland,2019,0.1753457841379221,2.1005017320107346,47,0.28656298418942466,163436.81,5.703017069480427,8.170268169445242
211,Switzerland,2020,0.19987825773349638,1.9486293719977728,49,0.3098871511735354,173152.0,5.003045410438436,7.019060463677583
211,Switzerland,2021,0.21745001548249,1.8427645562043686,57,0.3205330473622242,158934.47,4.598758007816856,6.313969478630712
211,Switzerland,2022,0.2238972175894286,1.8953740052831145,50,0.3322985950250063,122427.09,4.466335092353624,6.6550369582194655
211,Switzerland,2023,0.19386788063272054,1.942171899351055,53,0.28587599372761263,124386.45,5.158152019490445,6.973881101968176
211,Switzerland,2024,0.21662246350651967,1.8144153473080409,54,0.28772154385638915,144656.46000000002,4.6163264133034065,6.137486830089309
212,Syrian Arab Republic,2006,0.8525089218234401,0.42858722639988833,16,0.9228215880568352,448249.7,1.1730082517624447,1.5350872601088599
212,Syrian Arab Republic,2007,0.8376894292665555,0.4410063806277235,9,0.9144382249087354,485155.9,1.1937598411329562,1.5542706195328717
212,Syrian Arab Republic,2008,0.28377553206386535,1.733777584210376,21,0.4755906693244977,329240.89999999997,3.5239119903224925,5.6620022507624705
212,Syrian Arab Republic,2009,0.4999413612640482,1.2691808494658714,14,0.6990882340151043,379428.5,2.0002345824550445,3.5579368824305346
212,Syrian Arab Republic,2010,0.26026495917348086,1.7453367703890654,17,0.41067112498536884,662970.4,3.8422383219611413,5.727830114224926
214,"China, Taiwan Province of",2005,0.5791703002725143,0.7493159320989462,8,0.7211453193091958,113047.95,1.7266078725540221,2.1155523400657614
214,"China, Taiwan Province of",2006,0.4279573997512581,1.0135657727259153,10,0.5282231086641276,144159.35,2.3366811756993346,2.7554086797924704
214,"China, Taiwan Province of",2009,0.3609513350173891,1.1699147235303964,11,0.48014826864689336,161059.0,2.770456576789844,3.2217178900861523
214,"China, Taiwan Province of",2010,0.3693294082766068,1.188791463576425,13,0.5251297626810457,218225.3,2.707610002318192,3.2831110495401483
214,"China, Taiwan Province of",2011,0.29138685804360226,1.3261796587502883,9,0.37689971860248744,175197.0,3.431863765971089,3.7666260686225113
214,"China, Taiwan Province of",2012,0.31935766109191543,1.3727544109179566,11,0.4705176575618604,193445.45,3.131285457755737,3.94620521042675
214,"China, Taiwan Province of",2013,0.2590524195081333,1.6133557852098086,13,0.39223908424825293,171845.7,3.860222583130916,5.019627788360614
214,"China, Taiwan Province of",2014,0.28294961115715533,1.4245985473123628,12,0.36560776307592935,179215.56,3.5341981772315703,4.156188994554431
214,"China, Taiwan Province of",2015,0.29521885854208163,1.3922502209583352,13,0.4123951395496071,211291.53000000003,3.387317480117742,4.023894524941803
214,"China, Taiwan Province of",2016,0.33234301577152514,1.278135466264644,11,0.469052657253339,205652.39,3.008939416640147,3.5899399174171784
214,"China, Taiwan Province of",2017,0.29472814923851054,1.3828158942576694,14,0.3980154973021309,213012.56,3.3929572135668113,3.986110303979911
214,"China, Taiwan Province of",2018,0.25339578860305545,1.5136527012646155,11,0.3467468462530122,168761.16,3.946395500544408,4.543295824747162
214,"China, Taiwan Province of",2019,0.3352945595796456,1.2928520382475437,11,0.4725578837796544,184987.91999999998,2.982452209345976,3.643162190775887
214,"China, Taiwan Province of",2020,0.3389718603788828,1.2800638384150733,11,0.4815485826826685,171554.03000000003,2.9500973882677424,3.5968693366778783
214,"China, Taiwan Province of",2021,0.36327002663383867,1.169032484770241,9,0.4926431017629947,175505.35,2.7527732173950015,3.2188768191249713
214,"China, Taiwan Province of",2022,0.2798564153150455,1.4745082679000254,11,0.4221387665734484,200447.12,3.5732609483840494,4.368886922702688
214,"China, Taiwan Province of",2023,0.2631449891934953,1.4665700720136576,11,0.3126665357515538,176501.14,3.800186365185475,4.334343131592887
214,"China, Taiwan Province of",2024,0.30016542823717857,1.4619680872886311,9,0.4808321336238432,224846.09999999998,3.331496254824658,4.314442377313816
215,United Republic of Tanzania,2005,0.5895226250722357,0.8966322506325302,15,0.7543276289293942,86161.5,1.6962877376885535,2.451333716774746
215,United Republic of Tanzania,2006,0.16477673124696704,1.9281953306029487,20,0.2534109520455529,117841.0,6.068818045074592,6.8770881655292735
215,United Republic of Tanzania,2007,0.2514222036058746,1.6182620015020022,15,0.36058698489039176,48737.2,3.9773734604903233,5.044315680544293
215,United Republic of Tanzania,2008,0.215714042218439,1.7351170406724088,17,0.3230779438223735,76866.9,4.635766822205147,5.669591337756446
215,United Republic of Tanzania,2009,0.3261779232244649,1.3345284801535127,18,0.4716572583402345,52648.4,3.065811413949781,3.798204595275959
215,United Republic of Tanzania,2010,0.39327750788471366,1.3213734735681628,16,0.5867896323697078,1973.4500000000003,2.542733769288282,3.7485664000446164
215,United Republic of Tanzania,2011,0.4944002377564881,0.7370334839808687,16,0.5163832869797473,65295.2,2.0226527489910713,2.089727101446878
215,United Republic of Tanzania,2012,0.3687246720894702,1.2703284118351548,14,0.5426186698303512,51332.55,2.7120506863108753,3.562022180527952
215,United Republic of Tanzania,2013,0.7458546491235184,0.5748434142105011,13,0.8581330788000188,185961.25,1.3407438046744593,1.7768522753131308
215,United Republic of Tanzania,2014,0.6504555281554549,0.7969433963667354,22,0.7986816010725958,12530.35,1.537384120380642,2.218748717840539
215,United Republic of Tanzania,2015,0.4890944630382093,0.938458333053124,22,0.6513381737552675,54408.48,2.044594808512231,2.5560378202305114
215,United Republic of Tanzania,2016,0.7447461937738961,0.6484825017824729,15,0.8604352773137726,1652.28,1.3427393229532887,1.9126362036595639
215,United Republic of Tanzania,2017,0.4682417002973623,1.0295233054715753,18,0.6128440980327705,1794.9099999999999,2.1356491729910823,2.7997309001451987
215,United Republic of Tanzania,2018,0.9548957341083253,0.15048868127358725,16,0.9771209731345002,3125.57,1.04723475483299,1.1624021481167794
215,United Republic of Tanzania,2019,0.5969599790472468,0.8831747147448785,13,0.7593144937060815,197.81,1.6751541729748927,2.418565787635386
215,United Republic of Tanzania,2020,0.9240385911287321,0.23353172415899318,13,0.9610890527509927,705.1999999999999,1.0822058836076094,1.263052896546244
215,United Republic of Tanzania,2021,0.6992794247123846,0.6864791687907306,9,0.8311045071817732,80.76,1.430043505729205,1.9867083401818209
215,United Republic of Tanzania,2022,0.5172309276291613,0.8854507672380553,12,0.6636731239420726,212.67999999999998,1.933372400184409,2.4240768396689782
215,United Republic of Tanzania,2023,0.41974130715414665,1.0105925090781627,16,0.5648287879818683,278834.69,2.3824197975177075,2.7472282905834926
215,United Republic of Tanzania,2024,0.9368326341939365,0.1686330277570808,10,0.9675723457709128,1719.52,1.0674265215583716,1.1836856794228672
216,Thailand,2005,0.2768431619890666,1.4626927507489218,10,0.3763691560412872,2058.75,3.6121535125346282,4.317570029166822
216,Thailand,2006,0.258238728537743,1.6165128159320354,10,0.3923354695988809,3073.9,3.872385856538341,5.035499948768688
216,Thailand,2007,0.23797664134416852,1.6996654931169204,11,0.32986026236454,4909.2,4.202093089269933,5.472116624866181
216,Thailand,2008,0.5776166138086579,0.9294838399837456,11,0.7436447774896716,16120.6,1.7312521421540368,2.533201302884897
216,Thailand,2009,0.5382426707097783,1.034580996368578,14,0.7132685525536364,25491.1,1.8578980345079374,2.8139269429697045
216,Thailand,2010,0.2547256102869281,1.6522943508294663,13,0.40248435054773085,4089.6,3.925792930179183,5.218940181042602
216,Thailand,2011,0.2234350149298236,1.697858746588659,11,0.3459182648860327,3983.6,4.4755742528272915,5.462238823180949
216,Thailand,2012,0.7724516126040883,0.6057752329061538,14,0.877416488961482,40071.05,1.2945794709765712,1.8326724062783177
216,Thailand,2013,0.2741980376494514,1.5874510393003494,13,0.44220856820214355,31923.85,3.646999112657584,4.891265381821089
216,Thailand,2014,0.18646357095346844,1.8589386587098697,28,0.2696518436078583,6613.12,5.362977845412752,6.416922611071209
216,Thailand,2015,0.30692888252027806,1.4630788691655945,22,0.47975460436998896,39039.0,3.2580837351920846,4.319237444359499
216,Thailand,2016,0.34707510260674984,1.4905379244061248,28,0.5510927539731777,12008.65,2.8812207861911676,4.439482983055664
216,Thailand,2017,0.3362393490281612,1.3654697475858577,24,0.5135601608567087,16083.880000000001,2.9740719011332803,3.917562885538134
216,Thailand,2018,0.34250055668023205,1.4016845797179844,19,0.5327096183892489,17082.59,2.919703283675616,4.062037031634674
216,Thailand,2019,0.26477907902238723,1.6555633296668786,24,0.3747886739031114,34626.58,3.7767334326117563,5.236028701836929
216,Thailand,2020,0.20513917584832664,1.822781671965105,25,0.353921121869486,55761.21,4.8747392879230835,6.189050435653078
216,Thailand,2021,0.2466918887596965,1.6285169041900636,24,0.37015067823099224,25146.3,4.053639562402085,5.09631079372627
216,Thailand,2022,0.22892394707647762,1.6296439859122933,20,0.3286873578941531,10819.4,4.368262965804647,5.102057990644587
216,Thailand,2023,0.29831493006168014,1.3898662139451234,19,0.44325589353354516,11806.16,3.35216209189811,4.014312957973404
216,Thailand,2024,0.21177245392087674,1.6935984017539618,22,0.32983622025728276,18737.36,4.722049452067189,5.439017303189682
217,Togo,2005,0.17220929763441262,2.0584583786354202,22,0.2522615743095622,103213.5,5.806887396538396,7.833883614195761
217,Togo,2007,0.23930913154935465,1.7820861255375535,24,0.39941548488748374,104975.9,4.178695537131068,5.942239755606848
217,Togo,2008,0.3087368238631849,1.5855695370445941,19,0.5104367159942345,108820.15000000001,3.23900462370224,4.882071107208257
217,Togo,2009,0.3538206994435502,1.458274292158947,25,0.5336229408022566,127482.90000000001,2.8262902695424224,4.2985351082564005
217,Togo,2010,0.35027571288761483,1.383529667360021,14,0.5347859556087756,93532.0,2.8548939113025167,3.9889564979454093
217,Togo,2011,0.46661248937521416,1.1934704766116966,19,0.6570093016235533,131181.4,2.1431059450187075,3.298508763898243
217,Togo,2012,0.35849152955949287,1.3331214397443758,16,0.45980215406416997,123914.6,2.7894661869104125,3.7928641259373896
217,Togo,2013,0.26463276134406094,1.6361703809211459,19,0.3519747119032692,165643.15,3.7788216202749556,5.1354649313176575
217,Togo,2014,0.37550741693520157,1.4022169574598498,20,0.5747236521388631,142554.93000000002,2.6630632442942193,4.064200145482691
217,Togo,2015,0.5037746286367365,0.9842264766379373,19,0.6629107191712821,154609.9,1.9850146139874054,2.6757413352815473
217,Togo,2016,0.3278329140939565,1.3346968862411452,17,0.47091225889016164,153467.4,3.0503343532901073,3.7988442899146015
217,Togo,2017,0.35053508897121316,1.3468841906224158,20,0.47592448661521963,190857.82,2.8527814517368406,3.8454252330835224
217,Togo,2018,0.3242649201804677,1.3440117584643596,19,0.4267084383239192,209133.83000000002,3.0838981886892234,3.8343953588491715
217,Togo,2019,0.3032713585400475,1.560773752377527,21,0.48945006721628537,231149.34,3.2973769920575875,4.762504819293858
217,Togo,2020,0.49296139066367684,1.1628571581095315,21,0.6870636385621623,324928.45999999996,2.0285564324899648,3.199060452528928
217,Togo,2021,0.7107202637499157,0.6346978389584509,11,0.8370883165745113,266108.60000000003,1.4070233409749444,1.8864520430181553
217,Togo,2022,0.6833835472713834,0.7232650081752097,14,0.8211433388200038,383256.12,1.463307104762478,2.0611519142145016
217,Togo,2023,0.6537907951666606,0.7426941416987654,12,0.8006500614325907,501321.85,1.529541265176555,2.1015898751661863
217,Togo,2024,0.49687721493430653,1.041938750676683,11,0.6824729966523378,515986.94999999995,2.0125696448612818,2.834707481356151
219,Tonga,2005,0.2842348789334379,1.4973849409694275,7,0.4594059405940594,454.5,3.5182170596106888,4.469984499604331
219,Tonga,2006,0.20760871961030658,1.7393699607721897,7,0.3403755868544601,383.4,4.816753370846162,5.693755003362568
219,Tonga,2007,0.2786411022526513,1.5758636494784528,8,0.4675615212527965,402.29999999999995,3.5888459811405475,4.834915487710014
219,Tonga,2010,0.20102589030235918,1.7405330374316694,7,0.3190795122788941,291.15,4.9744836274368405,5.700381129511151
219,Tonga,2012,0.29263271223492077,1.4967204166048365,6,0.48326034750670993,353.95000000000005,3.417252952900277,4.467015072732526
219,Tonga,2013,0.20984220020910166,1.7198954976560379,8,0.281858924395947,513.2,4.7654856792557885,5.583944898454143
219,Tonga,2014,0.21373192373954383,1.808155878245392,12,0.3897942636170042,1122.3100000000002,4.67875824305316,6.099189406965607
219,Tonga,2022,0.30555415572391914,1.5157846445231749,13,0.4912275066847604,1245.37,3.272742266033984,4.552992206047093
219,Tonga,2023,0.20312728137948702,1.7970520239139651,18,0.3471008028545941,224.20000000000002,4.923021630618771,6.0318395099675985
220,Trinidad and Tobago,2005,0.38503966826142905,1.1177520968050725,10,0.45491041871032173,45160.1,2.5971350030382676,3.057972445398045
220,Trinidad and Tobago,2006,0.3613948324616276,1.2116977864939007,11,0.5097597703795246,38881.549999999996,2.767056720729892,3.3591829894105274
220,Trinidad and Tobago,2007,0.6844014713323762,0.6156131635164841,9,0.8120848937682974,43671.049999999996,1.461130698701194,1.8507910892815098
220,Trinidad and Tobago,2009,0.4526365260641849,0.9578217459170433,14,0.517773494264271,46794.4,2.209278178885187,2.60601372639685
220,Trinidad and Tobago,2010,0.6140702786074443,0.9110796794020224,12,0.7763824970770418,30149.249999999996,1.628478099066684,2.4870062537702
220,Trinidad and Tobago,2015,0.4766040773713513,1.07928023091349,15,0.6414439767788107,29969.18,2.098177601659163,2.9425608243434573
220,Trinidad and Tobago,2016,0.5440744230219167,0.9596863313962632,15,0.7117302519453873,32488.39,1.8379838450147425,2.6108773947032695
220,Trinidad and Tobago,2017,0.5683285891741054,0.8588266447056802,18,0.7210104414634068,31212.100000000002,1.7595454795846168,2.3603894927141247
220,Trinidad and Tobago,2018,0.5624715287279518,0.8593883667782721,19,0.7163750071774763,31173.91,1.7778677656121253,2.361715748050672
220,Trinidad and Tobago,2019,0.5839643096322009,0.8507106079803013,18,0.7381822607102098,29335.56,1.712433420168831,2.341310014508372
220,Trinidad and Tobago,2020,0.5608388534160322,0.8476066102998019,17,0.7123663258513009,31184.039999999997,1.7830433713874607,2.3340538610217694
220,Trinidad and Tobago,2021,0.6420227999401835,0.7540855619961969,16,0.7856849334604276,28398.89,1.5575770830773747,2.125666843800969
220,Trinidad and Tobago,2022,0.7024673708851059,0.6696077734324176,13,0.8306161249611144,28223.82,1.4235536644784001,1.9534709671413502
220,Trinidad and Tobago,2023,0.7408719766046932,0.6229163181384634,18,0.8566307563197527,26334.1,1.349760865005115,1.864357180112216
220,Trinidad and Tobago,2024,0.5018712479348685,1.0253881037563737,14,0.6763585880476893,29900.16,1.9925429163652295,2.7881773527130918
221,Oman,2005,0.49328202120704284,0.9061892828128962,12,0.6550912001472614,243376.8,2.0272378822018227,2.4748734980437885
221,Oman,2006,0.4804166020099676,0.9164517343285687,9,0.6414028178438008,272605.6,2.0815267328735074,2.500402538540011
221,Oman,2007,0.402527043023977,1.1277186185124737,13,0.5736726653447901,284671.05,2.4843051350973053,3.088602176554823
221,Oman,2008,0.38475491349778934,1.1356522629945196,10,0.5166916128395869,620435.85,2.5990571268058558,3.1132035082403564
221,Oman,2009,0.5102192234201409,0.9115594405061718,10,0.6815865669609821,293443.65,1.95994183303546,2.488199708900319
221,Oman,2010,0.6143114929950773,0.7653683216001587,11,0.7672278621523747,311385.85,1.6278386639398483,2.1497860414870726
221,Oman,2011,0.5092843545165846,0.9706741236350249,14,0.6899010407785182,345404.9,1.9635396044105955,2.639723359594067
221,Oman,2012,0.37018761564434993,1.1493234077228014,13,0.5234743355152347,369792.15,2.701332939675457,3.156056823468376
221,Oman,2013,0.328622457913539,1.2544857439268047,12,0.476264825300989,466204.7,3.043005661722308,3.5060349109155444
221,Oman,2014,0.34363314515740184,1.2340494520341103,16,0.48059767024343725,431281.97,2.9100801657009776,3.435111729862978
221,Oman,2015,0.3670321075880172,1.1127249096130276,12,0.47477603090850784,548343.52,2.724557278031029,3.0426380222896996
221,Oman,2016,0.3314992386844419,1.1652655105784562,14,0.3693864560689841,380549.93,3.016598179737939,3.2067742026541786
221,Oman,2017,0.3383717507111388,1.160982558367053,22,0.43069431428281085,450006.73,2.955329450222575,3.193069112065615
221,Oman,2018,0.3491078834061875,1.1672493088931937,19,0.4713246527647727,507278.6,2.864444051630019,3.213142110146839
221,Oman,2019,0.3691836579916984,1.1171095819545414,18,0.49702789405357006,453999.62999999995,2.7086789416407115,3.056008283758444
221,Oman,2020,0.42031946846913987,1.0586669386256269,20,0.5835631250931382,492010.68000000005,2.379142711714341,2.882525843067412
221,Oman,2021,0.4533788122809988,1.0137612723121878,25,0.6228458319017875,429954.83999999997,2.2056610783571684,2.7559474137087947
221,Oman,2022,0.3899490429607474,1.1613631275186944,20,0.5594412857647187,502674.86000000004,2.5644376311513626,3.1942845269287585
221,Oman,2023,0.5507841443919818,0.865421268998877,23,0.7143869674860178,353329.22,1.8155932958163017,2.3760068131861534
222,Tunisia,2005,0.9445504577604259,0.13486779205245464,6,0.97149380029802,34997.65,1.05870469045248,1.14438547749437
222,Tunisia,2007,0.6966537521177217,0.6068935305784546,8,0.8251431833693913,35382.95,1.4354333080962411,1.8347230259522458
222,Tunisia,2008,0.5008899904527507,0.7067362649843697,8,0.5383806734096082,39191.6,1.996446363593945,2.0273636713818006
222,Tunisia,2009,0.5543052575604716,0.6579306308350097,7,0.6684194345203388,18865.4,1.8040601029134307,1.930792674618182
222,Tunisia,2010,0.5224188395912643,0.7106181635299552,8,0.6183875032970898,20472.6,1.9141729283392435,2.0352489865638073
222,Tunisia,2011,0.3975088414229647,1.1045184938962076,8,0.5416151553913546,34984.25,2.515667315525094,3.01777104374072
222,Tunisia,2012,0.716876525277901,0.47951196104518046,6,0.830412736288729,21456.8,1.3949403624457428,1.615285887359365
222,Tunisia,2013,0.6153704752503318,0.7399373549420508,7,0.7684567743064453,24001.35,1.6250373396500724,2.0958042186051635
222,Tunisia,2014,0.5772013122453061,0.7053836036582944,9,0.7120703427538764,32924.5,1.7324977937247095,2.0246231888398607
222,Tunisia,2015,0.6920813561174846,0.6651870126075156,10,0.824833484667524,47147.31,1.4449168311799525,1.9448541995846642
222,Tunisia,2016,0.7147926207240763,0.536812171796037,10,0.834303246306046,44359.65000000001,1.3990071679629428,1.710545237097836
222,Tunisia,2017,0.5071554023549967,0.8648276877961506,9,0.6737755844128864,65466.130000000005,1.9717822098639972,2.3745968787009977
222,Tunisia,2018,0.48512259065300845,0.8853935661205301,10,0.6307518828332555,54699.48,2.061334638434238,2.423938183730457
222,Tunisia,2019,0.5676327641928013,0.6878436123072506,9,0.6965158704668948,45801.11,1.7617023947200157,1.9894209416707165
222,Tunisia,2020,0.5945383549957217,0.7259181784406115,9,0.743552449027956,51564.54,1.6819772712682195,2.0666277621520512
222,Tunisia,2021,0.4548292937966217,0.9691201382371254,13,0.5824680913695514,31253.3,2.198627075342146,2.63562445368359
222,Tunisia,2022,0.6876940484118833,0.5918701906246158,12,0.8144383249676215,59823.56,1.4541350216849136,1.8073653744135203
222,Tunisia,2023,0.4447664409953357,1.0825771368788712,12,0.6181507529232956,25436.19,2.2483710726063686,2.9522781804814717
223,Türkiye,2005,0.4054006628221858,1.2409327626817008,15,0.5908073533292035,421248.64999999997,2.4666955229883616,3.4588382357842136
223,Türkiye,2006,0.4706145199748626,1.1613867756996115,14,0.6560942867267043,343590.25,2.124881314867663,3.194360066840339
223,Türkiye,2007,0.6629320239441453,0.7042893995553592,13,0.7997928537725371,378090.39999999997,1.5084502843149028,2.0224090494208653
223,Türkiye,2008,0.23761331069411137,1.6153794977716311,19,0.3113241426203414,402235.75,4.208518441491428,5.029796357832107
223,Türkiye,2009,0.1653076815855943,2.169050302729091,19,0.32049625796934383,362263.2,6.049325659934394,8.749970270696725
223,Türkiye,2010,0.16746378969998385,2.0974976315102327,20,0.29457835428490825,517522.75,5.97144016501435,8.14576069264073
223,Türkiye,2011,0.25903307463884134,1.7858219693019257,21,0.4254536434095716,290451.15,3.860510868715344,5.964480553149623
223,Türkiye,2012,0.24518176325890356,1.8741824511107927,22,0.42102696283669877,207912.1,4.078606772005445,6.515490210520527
223,Türkiye,2013,0.14785853816927605,2.195726246221023,19,0.24145670797068267,344615.4,6.7632212003553605,8.98652511740209
223,Türkiye,2014,0.17451959435660663,2.146436542189588,28,0.27839321108580095,579648.51,5.730015610491498,8.554321058045186
223,Türkiye,2015,0.16163418230111753,2.1040307411715844,23,0.27240812415980936,365646.18,6.186810152180824,8.199152056436283
223,Türkiye,2016,0.131386944272895,2.2156492750860135,24,0.20056520955089374,293296.53,7.611106305379682,9.167359317749021
223,Türkiye,2017,0.12747223621024895,2.249886295254117,19,0.20429546187877032,435651.87,7.844845510912898,9.486657097096298
223,Türkiye,2018,0.13953203550702176,2.282679213161002,23,0.2688262516248875,445007.73,7.166812957083797,9.802909341112704
223,Türkiye,2019,0.32019875096821104,1.7813949943475111,28,0.5443154915888386,895213.47,3.123060277331559,5.938134307238165
223,Türkiye,2020,0.20985501108965648,2.1021353589373346,28,0.41532569427640537,917155.97,4.7651947637922705,8.183626247611715
223,Türkiye,2021,0.2649415779337367,1.8939057401681374,39,0.4753436810927248,602943.41,3.7744170160038277,6.645272769577747
223,Türkiye,2022,0.3391057652390657,1.5337011265614633,37,0.5277819938005344,936967.85,2.9489324644628536,4.635300948934626
223,Türkiye,2023,0.1787515130284315,2.018770984019128,38,0.2973865638367589,1352457.37,5.594358240989792,7.5290659027633815
223,Türkiye,2024,0.22462431592337595,1.9977678520878421,34,0.41320100012189653,613553.21,4.451877775962247,7.372581027025848
225,United Arab Emirates,2005,0.861666522804999,0.3195386462401218,11,0.9265984337304067,435889.2,1.1605417798345947,1.3764925678004696
225,United Arab Emirates,2007,0.4078854725306728,1.06537733345858,26,0.4868077869669051,2048949.25,2.4516685867619383,2.901933774203759
225,United Arab Emirates,2008,0.43276132643459214,1.031060815649959,20,0.576764903511436,2570620.7,2.3107425246122144,2.8040388257920332
225,United Arab Emirates,2014,0.4409387314076344,1.1031099851984685,40,0.6078050174056511,1632446.8399999999,2.2678887763105813,3.013523479045962
225,United Arab Emirates,2015,0.653477315892378,0.7466832828944832,36,0.7969649495904821,2430974.45,1.530275000646987,2.109990157730687
225,United Arab Emirates,2016,0.6143948690484228,0.8162235726714399,41,0.7688440542464388,2404460.15,1.6276177591600074,2.261941629792256
225,United Arab Emirates,2017,0.5756458386494966,0.903394887853727,42,0.7418676953856418,1938063.4700000002,1.7371792391413208,2.4679673777241296
225,United Arab Emirates,2018,0.5864928753755162,0.9163899872157312,41,0.7529749319553961,1684233.4799999997,1.705050550460184,2.500248150668876
225,United Arab Emirates,2019,0.5200882977380592,1.0259131019708072,39,0.6992338746319877,1342088.44,1.9227504336266508,2.789641525155119
225,United Arab Emirates,2020,0.5647874652452807,0.950624979891223,46,0.7355542848489687,1477113.4400000002,1.7705775385183373,2.5873261809516
225,United Arab Emirates,2021,0.5610585205701277,0.961362976906495,54,0.7322003172797361,1106285.5899999999,1.7823452694093933,2.6152585823878507
225,United Arab Emirates,2022,0.4971014837825298,1.0274848494742383,48,0.6700278251629425,1355258.91,2.011661667937158,2.7940295848153056
225,United Arab Emirates,2023,0.5529163596413983,0.9693728847939946,49,0.72285324784257,1174505.05,1.8085918106104948,2.6362906828794803
226,Uganda,2005,0.3020704112952312,1.6278242749831833,15,0.5025679910047407,77151.75,3.310486438284884,5.092782162180898
226,Uganda,2006,0.43817991110059157,1.2458814202876611,15,0.6264175913282616,52289.4,2.282167608935484,3.4759972639876526
226,Uganda,2007,0.2656544920546582,1.6318500591901026,16,0.41797340719916515,90795.25,3.76428793756008,5.11332592881837
226,Uganda,2008,0.23673502242324107,1.7082423849989057,15,0.3274964208401564,79662.55,4.224132068689752,5.5192522270521795
226,Uganda,2009,0.312942704722705,1.3178028312954866,18,0.41349654168183475,109880.0,3.195473116671912,3.7352054781263893
226,Uganda,2010,0.357677844890111,1.2011404465808881,18,0.43110753412342084,110397.05,2.795811969587406,3.3239054986528322
226,Uganda,2011,0.31187980118016834,1.3097768196099828,16,0.39499077389245296,135837.35,3.2063634650783777,3.7053466592100746
226,Uganda,2012,0.4410744438068033,1.1838651558295685,23,0.6382337420909862,177945.7,2.267190978849851,3.266977206908657
226,Uganda,2013,0.7314695205269162,0.5726852068928979,19,0.8485887603430939,167726.65000000002,1.3671109621623703,1.773021594918377
226,Uganda,2014,0.610633969272378,0.7284651734088121,19,0.7568272705409761,237304.57,1.637642270690549,2.0718981616547327
226,Uganda,2015,0.5993088190442889,0.7908861987872238,12,0.7510435821385378,148201.08,1.6685888280347498,2.2053499389691074
226,Uganda,2016,0.4516797229337958,0.9441683262965763,12,0.5758418815586202,168869.36,2.2139581416334098,2.5706745268941757
226,Uganda,2017,0.49119887016258024,0.9980267969752092,11,0.6653863244878044,225556.88999999998,2.035835301634577,2.7129233949101415
226,Uganda,2018,0.40762819099656683,1.0297969214106686,13,0.5179196768464643,233518.72,2.453215999499952,2.8004970559560913
226,Uganda,2019,0.34779099024840443,1.2465992510197446,15,0.4696766692340669,261652.49,2.875290125502576,3.4784933374203093
226,Uganda,2020,0.7241479957504231,0.5760143979488298,19,0.8431824926711531,526863.24,1.380933187509158,1.7789341591210865
226,Uganda,2021,0.9700910954140839,0.08990095881401118,16,0.9848744110257853,986267.71,1.0308310268255265,1.0940659207527599
226,Uganda,2022,0.9614372610833142,0.10751655493700621,19,0.9803969908626923,672037.1300000001,1.040109469933831,1.1135092946701786
226,Uganda,2023,0.9524333903720447,0.1291989516473675,27,0.9757334828633769,464477.45,1.0499421902978165,1.1379164920075089
226,Uganda,2024,0.9688057401827573,0.09246082188422712,24,0.9842020549085616,578379.02,1.0321986736075264,1.0968701674120798
227,Tuvalu,2005,0.7625648273823149,0.40071276621214935,2,0.8623291510369507,1159.65,1.3113639183080839,1.4928883989203314
227,Tuvalu,2006,0.8498489704074618,0.3097252595732755,4,0.9188731713214847,413.55,1.176679662882392,1.3630505775870352
229,United Kingdom of Great Britain and Northern Ireland,2005,0.15354884402892086,2.1034877683992126,33,0.24029578439417293,707745.25,6.512585661743246,8.194701348529053
229,United Kingdom of Great Britain and Northern Ireland,2006,0.12686642771831616,2.2382481779337304,40,0.18131092183387348,679990.2,7.882305965296967,9.376890247510564
229,United Kingdom of Great Britain and Northern Ireland,2007,0.13317522275963278,2.2355401585011148,41,0.18914405165442938,740769.0,7.508904278725288,9.351531797587294
229,United Kingdom of Great Britain and Northern Ireland,2008,0.11467617279952069,2.361633834279626,46,0.19499538620833434,861005.5,8.720207307129277,10.608269455491738
229,United Kingdom of Great Britain and Northern Ireland,2009,0.11077294276262685,2.422885083599504,42,0.1955609019170418,817170.5,9.027475257589574,11.278351407817878
229,United Kingdom of Great Britain and Northern Ireland,2010,0.11095594384472368,2.404060094997678,45,0.1541318267282799,851256.05,9.012586125169113,11.068022502074822
229,United Kingdom of Great Britain and Northern Ireland,2011,0.10370941353927854,2.5246909877910046,48,0.15423143123677882,837199.0,9.642326244774912,12.487036020776356
229,United Kingdom of Great Britain and Northern Ireland,2012,0.12604947505325304,2.4545780988567225,46,0.2379797307224244,869868.2,7.933392817205489,11.641520941640266
229,United Kingdom of Great Britain and Northern Ireland,2013,0.11598374934299537,2.4927827185393823,48,0.18781801174654683,827298.45,8.621897512924239,12.094885998841313
229,United Kingdom of Great Britain and Northern Ireland,2014,0.1216968813952123,2.405708392090993,52,0.1853174324765078,865317.73,8.21713743635292,11.086280934920797
229,United Kingdom of Great Britain and Northern Ireland,2015,0.12527853095795716,2.390651717697187,53,0.23184527648379877,923591.73,7.982213651081166,10.920608778363016
229,United Kingdom of Great Britain and Northern Ireland,2016,0.11514253875820334,2.486672948952465,52,0.20883781799781245,793018.8200000001,8.684887538392537,12.02121431987592
229,United Kingdom of Great Britain and Northern Ireland,2017,0.13980155214327458,2.3651413539321307,51,0.28207959918347103,897535.8400000001,7.152996405756335,10.645543500594545
229,United Kingdom of Great Britain and Northern Ireland,2018,0.10313399752546792,2.5308441039510745,50,0.18238657695331886,768888.9299999999,9.696123722471437,12.564107074315267
229,United Kingdom of Great Britain and Northern Ireland,2019,0.10294120886470719,2.521761451556886,51,0.16298665018127934,874730.23,9.714282657339615,12.450508327021888
229,United Kingdom of Great Britain and Northern Ireland,2020,0.11350884173301021,2.50042782816574,53,0.209007582335851,1023145.13,8.809886390631576,12.187707089831042
229,United Kingdom of Great Britain and Northern Ireland,2021,0.1254909004354032,2.4507712475855543,59,0.23959651486776276,863044.4400000001,7.968705272895487,11.597287651044006
229,United Kingdom of Great Britain and Northern Ireland,2022,0.11152106499491131,2.490062414643025,55,0.1993451688492454,912610.83,8.966915802369982,12.062028944181566
229,United Kingdom of Great Britain and Northern Ireland,2023,0.12456939634956186,2.4047111964075865,59,0.25050579020902036,978879.17,8.027653896578565,11.075231253690323
229,United Kingdom of Great Britain and Northern Ireland,2024,0.13064119787435738,2.3766880960866015,57,0.2331928997126043,982770.36,7.65455320580984,10.76917725639732
230,Ukraine,2005,0.3442310172310542,1.4948925291003905,22,0.5528274754360606,216165.45,2.9050258400415485,4.458857329688563
230,Ukraine,2006,0.32247456604483343,1.5151606378689206,20,0.5173449348114711,171955.1,3.101019755650964,4.550151994861253
230,Ukraine,2007,0.1489145731093641,2.1293825442088057,21,0.23151057203801642,177749.55,6.715259488173745,8.409672606956121
230,Ukraine,2008,0.16742490276598787,2.009353793697519,22,0.25711790035470916,127019.55,5.972827121170344,7.458496062552017
230,Ukraine,2009,0.3028746698205863,1.5675962917990258,19,0.501953867155798,127900.2,3.3016957165561895,4.795108288930844
230,Ukraine,2010,0.34184761299805844,1.4470351251663387,15,0.5376041030759702,89766.8,2.925280042852543,4.2504936331428285
230,Ukraine,2011,0.3311026626698115,1.5435153637091479,18,0.5361559023593164,117991.8,3.0202112901678446,4.68101685814263
230,Ukraine,2012,0.26555098432466834,1.6289431941426094,22,0.4169207597741082,82827.25,3.765755199677131,5.098483762937251
230,Ukraine,2013,0.2884989187829695,1.4551771883728686,23,0.38606775752668226,133005.15,3.466217496476217,4.285242693517162
230,Ukraine,2014,0.30661109879187837,1.434429056956107,24,0.4374693010154473,163604.75999999998,3.261460540535685,4.197247935044741
230,Ukraine,2015,0.35918943585349145,1.2568324046626,18,0.47470402635737335,162031.32,2.7840462446336716,3.5142720464805883
230,Ukraine,2016,0.3455665789474761,1.3470270561797226,24,0.4446056961101814,114382.97,2.89379836165231,3.845974651148053
230,Ukraine,2017,0.24604775439680526,1.6480097335964448,23,0.35004723467502846,142977.59,4.064251683383721,5.1966268561684945
230,Ukraine,2018,0.23307802912359557,1.6953913928261104,26,0.35525196906927103,160451.44,4.290408683135571,5.448778160605717
230,Ukraine,2019,0.23280254354642396,1.6813507524739317,24,0.3127670512866064,152828.78999999998,4.295485714057873,5.372808406143569
230,Ukraine,2020,0.2982942590024525,1.5484089290013292,26,0.4671881417137203,216023.12,3.3523943884946785,4.703979859420253
230,Ukraine,2021,0.25186318241325995,1.695553137868451,29,0.42150817967346443,142472.68,3.9704096105606603,5.449659544737844
230,Ukraine,2022,0.2279610983974083,1.7819345136178415,33,0.3272752471529678,157655.4,4.3867133779847105,5.941338909521339
230,Ukraine,2023,0.3173042515809415,1.4400663582530155,22,0.4151280523300019,145004.38999999998,3.1515493253481,4.220975904290428
230,Ukraine,2024,0.16308224525706272,2.1088247777995237,26,0.2607593170247728,165961.51,6.1318753517510345,8.238553462141137
231,United States of America,2005,0.6920580698099453,0.66970218092124,45,0.8218905015011148,774058.1,1.444965449611219,1.953655398135542
231,United States of America,2006,0.4162186086453222,1.2803174598144171,42,0.60948740088096,1177794.6500000001,2.4025835924413057,3.597781695404261
231,United States of America,2007,0.39690645087696963,1.3020230376318063,45,0.5836245857006872,1262221.5,2.519485379465332,3.6767273065569293
231,United States of America,2008,0.5135445794499022,1.1036820604546447,41,0.6971534806595037,1162219.4000000001,1.9472506185756615,3.0152479344743406
231,United States of America,2009,0.4926251114422397,1.223417637286846,43,0.6862407095471029,1199288.95,2.0299411799620573,3.3987837168626664
231,United States of America,2010,0.5859004616478511,0.9904974803475011,51,0.7514571516289863,1027964.4,1.7067745555063902,2.6925736416873685
231,United States of America,2011,0.4824321270467845,1.2395873841809453,49,0.6756894424228779,1136110.0999999999,2.0728304437797602,3.454187918104352
231,United States of America,2012,0.46255851202464304,1.218666907093516,49,0.6499772373265982,1146614.0,2.161888656254421,3.382675306091547
231,United States of America,2013,0.4122308841466198,1.3722010801429567,51,0.6080558300392208,1215059.15,2.4258250375154473,3.9440222576425317
231,United States of America,2014,0.4298167837808195,1.3635501231903708,52,0.6281530865778909,1323740.6099999999,2.326572711292585,3.910049849662778
231,United States of America,2015,0.4326252314795412,1.3374037097921723,53,0.6244462673051687,1380650.3699999999,2.3114694364452246,3.8091410205347773
231,United States of America,2016,0.44902375606950307,1.2613165028997917,48,0.6359205459080791,1418745.81,2.227053661377357,3.5300657714124126
231,United States of America,2017,0.47288838552547124,1.213609991854097,45,0.6552588450039092,1484924.16,2.1146639050752007,3.365612582520797
231,United States of America,2018,0.38610662530562345,1.421660957122166,47,0.5804943136396185,1700117.3599999999,2.589958147463665,4.143997729772315
231,United States of America,2019,0.41922549294490513,1.351520099342038,50,0.6125891252484581,1847433.8399999999,2.3853511220784003,3.8632936596476677
231,United States of America,2020,0.3686827691098263,1.482308133397671,54,0.5598762334989472,2272589.0900000003,2.712358926929161,4.403096896231887
231,United States of America,2021,0.3962321844305685,1.4117511237931348,59,0.5861074359609655,1836901.52,2.5237727758968287,4.10313421269171
231,United States of America,2022,0.40032313152489524,1.4026248388774178,61,0.5896207487648536,2470830.4499999997,2.497982058120996,4.065858195320183
231,United States of America,2023,0.38706205503504426,1.4415140772935502,58,0.5766545704649215,2576792.3400000003,2.5835650562787946,4.2270911169635506
231,United States of America,2024,0.40652156103800746,1.37642041355406,65,0.5931229138222718,2752240.3400000003,2.4598941257792366,3.9606985592261985
233,Burkina Faso,2009,0.23885990021229803,1.6847956329403748,19,0.3764445683343477,428337.30000000005,4.186554541432876,5.3913490056108895
233,Burkina Faso,2010,0.22160665252417414,1.65380577237837,21,0.26226168012781087,336685.1,4.512499911937049,5.2268341637597135
233,Burkina Faso,2011,0.21895496945921739,1.7526207574118176,16,0.3610246663519878,374773.7,4.567149137879057,5.769703873264877
233,Burkina Faso,2012,0.2719656108766782,1.5512817380362602,20,0.39142048324084827,506099.6,3.6769354653939916,4.717512924909533
233,Burkina Faso,2013,0.28782639473760685,1.441845728476105,18,0.416637281971918,544359.35,3.474316526500764,4.228493269231135
233,Burkina Faso,2014,0.21766132670845773,1.8313635198776392,20,0.3832960385579999,523844.6,4.594293415014559,6.242392484512144
233,Burkina Faso,2015,0.3153407140012735,1.525418037802838,27,0.4911446671235852,498279.97000000003,3.171173133057476,4.5970649145976274
233,Burkina Faso,2016,0.4734147692165311,0.9631539703355226,22,0.6010756305544478,651485.77,2.1123126379325496,2.619946690256155
233,Burkina Faso,2017,0.3371216054279576,1.3402054321568557,22,0.47228183068964014,603549.6,2.9662886741730903,3.8198281403026333
233,Burkina Faso,2018,0.2751842197621968,1.55546692961996,17,0.39834648758172275,836477.54,3.6339293033014757,4.737297993570967
233,Burkina Faso,2019,0.3117919257851744,1.3926299302494944,10,0.4359223760216932,540987.99,3.207267146131947,4.025422725197125
233,Burkina Faso,2020,0.38348130887444626,1.3695312104896327,12,0.5857495066772764,468937.45,2.6076890238408077,3.9335062767006836
233,Burkina Faso,2021,0.5899103868182024,0.9058746906887757,10,0.7562608903297107,276684.69,1.6951727285116922,2.4740950447871612
233,Burkina Faso,2022,0.6705471454310934,0.7998631529816452,13,0.8146985667441842,704906.96,1.4913194498160185,2.2252363906901973
233,Burkina Faso,2023,0.689288202234605,0.6106606275726935,11,0.8171164997388403,807877.0900000001,1.4507719655698412,1.8416476402064
233,Burkina Faso,2024,0.4027313212076946,1.1129009186647068,16,0.45719494552600654,902614.2,2.4830450162188527,3.0431736012545962
234,Uruguay,2005,0.5117111229982604,0.937791355994888,4,0.6894803548795945,197.25,1.9542276004100063,2.5543335700554977
234,Uruguay,2006,0.3848565971401145,1.1373215107750183,4,0.5513069777489739,231.45,2.598370425324762,3.118404555997762
234,Uruguay,2007,0.5977846477928646,0.6847145365012051,3,0.7402445151565902,298.55,1.6728432282297505,1.9832056219086835
234,Uruguay,2008,0.4423005806562139,0.9838511051447375,5,0.5815338793745345,134.3,2.2609059172302284,2.6747371267485263
234,Uruguay,2009,0.7874589132470415,0.4705665704283156,5,0.8838715400993612,563.6,1.2699075255578194,1.6009009594619275
234,Uruguay,2010,0.9351294386353072,0.1688403853746585,3,0.966732293401989,990.45,1.069370676063158,1.1839311511146462
234,Uruguay,2011,0.8056795345376553,0.3544651416228965,3,0.891239805408499,2795.6000000000004,1.2411882853321536,1.4254180535711438
234,Uruguay,2012,0.4863252538010488,0.7684054550951099,4,0.533705173829729,1461.2,2.056237039273907,2.1563251537325705
234,Uruguay,2013,0.9258697075677628,0.18743479731267587,3,0.9618199014385982,1004.45,1.0800655770745278,1.206151602531209
234,Uruguay,2014,0.3666707531543547,1.3024653273623281,11,0.5546593366979091,1109.6000000000001,2.72724233224851,3.6783538449606494
234,Uruguay,2015,0.5902585609311993,0.7798519442691834,6,0.7470025279884436,553.8,1.6941728018690443,2.1811493099359773
234,Uruguay,2016,0.4998072743099239,0.9206892432422156,8,0.6705997631976482,244.93,2.0007712000204165,2.511020497544315
234,Uruguay,2017,0.36795179823845947,1.2542828015248566,13,0.44601214396761607,1363.64,2.7177472831697576,3.5053234599636336
234,Uruguay,2018,0.5319077681134086,0.8236998309926118,10,0.6878426148880578,390.38,1.880025184717342,2.278915862534695
234,Uruguay,2019,0.8423813805014754,0.4170678971803418,11,0.9169245201655305,5287.240000000001,1.1871107590301833,1.517505543784869
234,Uruguay,2020,0.2877084820821875,1.4520910035284866,12,0.4400649381058678,640.6100000000001,3.4757404187838215,4.272038028960437
234,Uruguay,2021,0.2783422744885374,1.4534890160057943,10,0.3586108987659714,457.84999999999997,3.592698959716167,4.278014568093198
234,Uruguay,2022,0.2868629203661045,1.356898791267907,9,0.38839274483660785,397.51,3.4859855666384663,3.884129109563853
234,Uruguay,2023,0.845421757716143,0.3275804476848856,7,0.9164436874541118,5706.8099999999995,1.1828415709354831,1.3876066765525759
235,Uzbekistan,2017,0.5502628051978323,0.7903836510525976,3,0.7106870229007634,13.099999999999998,1.8173134555959614,2.2042419237917987
235,Uzbekistan,2018,0.381794083427647,1.0921548554744693,10,0.4479223739707729,41832.36,2.619212930232608,2.980690113668863
235,Uzbekistan,2019,0.40670513943431386,1.0745586720209868,10,0.47081034465724114,106275.15000000001,2.458783779794128,2.9287000979843376
235,Uzbekistan,2020,0.6259379849369788,0.8125513557671623,11,0.781576893378133,23958.5,1.597602356886334,2.253650522192837
235,Uzbekistan,2021,0.8916150223056953,0.30697752684039825,14,0.9438661799346987,57857.99,1.1215602866515457,1.3593104197287122
235,Uzbekistan,2022,0.6481508451005599,0.5730790391990974,11,0.775054774623963,12998.72,1.542850723036319,1.773720005621367
235,Uzbekistan,2023,0.44142161449963896,1.0367957967225696,15,0.5829651070679238,211826.28,2.265407871188007,2.8201661360922214
235,Uzbekistan,2024,0.3840442810289267,1.390670661730591,15,0.5787929889491632,93811.9,2.6038664013452104,4.017543562394685
236,Venezuela (Bolivarian Republic of),2005,0.9362776306457945,0.14484039933506215,2,0.9670533324181482,728.45,1.0680592671110312,1.1558550803066643
236,Venezuela (Bolivarian Republic of),2006,0.8502822877902645,0.3170616592217559,3,0.9196148483792262,1147.6,1.176080008203894,1.3730872328055477
236,Venezuela (Bolivarian Republic of),2007,0.8733964619669071,0.2586303788495631,3,0.9322796196350552,778.2,1.1449554051867568,1.2951549996642717
236,Venezuela (Bolivarian Republic of),2008,0.2604973936969842,1.4854507249535647,11,0.40220029895164155,295900.7,3.8388100003918657,4.416955796383325
236,Venezuela (Bolivarian Republic of),2009,0.2834662303733172,1.4095024311720217,11,0.3651054618557766,225534.15000000002,3.527757075977014,4.093917891284782
236,Venezuela (Bolivarian Republic of),2010,0.32487893399565465,1.3134293323598984,8,0.4911176736154409,416202.9,3.078069691072599,3.718905231481173
236,Venezuela (Bolivarian Republic of),2011,0.31958538304821277,1.3057353170144663,8,0.4371853085709392,301793.64999999997,3.1290542466679074,3.6904017114344407
236,Venezuela (Bolivarian Republic of),2012,0.35455822385213664,1.3692805941330506,10,0.5457064819267232,346461.80000000005,2.820411240600741,3.9325205992076344
236,Venezuela (Bolivarian Republic of),2013,0.38760963743437105,1.1050488477918492,10,0.5109360066575949,575523.15,2.5799152121683693,3.0193719548571214
236,Venezuela (Bolivarian Republic of),2014,0.24600769089930294,1.508926145513854,12,0.3621474612602156,297705.58,4.0649135656873625,4.5218723532394565
236,Venezuela (Bolivarian Republic of),2015,0.2625984567671123,1.586161187259608,10,0.40960253583583406,390138.82,3.8080954942048977,4.8849604402815325
236,Venezuela (Bolivarian Republic of),2016,0.30103333539594856,1.4697947241553229,17,0.446525989303403,339861.36,3.3218912406650976,4.3483424397736
236,Venezuela (Bolivarian Republic of),2017,0.3485596673669492,1.414740791587136,20,0.546049731202918,585132.84,2.868949260693554,4.115419576329198
236,Venezuela (Bolivarian Republic of),2018,0.5783186622060399,0.9748688665009131,16,0.7509312887057943,771181.37,1.7291504932339985,2.6508195769432983
236,Venezuela (Bolivarian Republic of),2019,0.5720313347312858,0.960926225370117,15,0.7450180365329823,1388426.48,1.7481559825210526,2.614116613580435
236,Venezuela (Bolivarian Republic of),2020,0.34689581300379324,1.2784775175944374,20,0.4925680802336909,1150227.03,2.8827099161011356,3.5911680711736476
236,Venezuela (Bolivarian Republic of),2022,0.27903811897320957,1.3516509765175528,14,0.3513643777061291,751615.55,3.5837397545530685,3.8637993096983303
236,Venezuela (Bolivarian Republic of),2023,0.813047905537377,0.40690246346187275,17,0.8987158734609934,957650.9500000001,1.2299398266564117,1.5021575832660297
237,Viet Nam,2012,0.792393709193403,0.39829465586690516,6,0.8839101092958258,44009.0,1.2619989134163174,1.4892827911742128
237,Viet Nam,2013,0.788656010455542,0.37790357353899856,4,0.880217385982521,40849.0,1.2679799389627195,1.4592222284563043
237,Viet Nam,2014,0.3515966974864899,1.2208389786131306,8,0.48515325211519617,28173.51,2.844167784136894,3.390030704117463
237,Viet Nam,2015,0.3399639524525578,1.2278257607396874,10,0.4709060705949008,49561.37,2.9414883336478175,3.41379904547295
237,Viet Nam,2016,0.3601244447849297,1.1634620784131704,13,0.47545229088824187,74370.28000000001,2.7768178874866742,3.2009962145810857
237,Viet Nam,2017,0.33321388204859975,1.2820795318699345,11,0.4391782981630738,77661.26000000001,3.001075446953163,3.6041268346461073
237,Viet Nam,2018,0.276188348300956,1.50043237355093,15,0.40960825320127076,107185.56,3.620717550728546,4.483627253134865
237,Viet Nam,2019,0.25282850328798007,1.5405157917830568,12,0.3282772218656832,73499.83,3.9552502466898156,4.666996848914434
237,Viet Nam,2020,0.20991210220572443,1.7057716987203921,14,0.31979087437088344,148303.2,4.763898743770141,5.505632718002331
237,Viet Nam,2021,0.6002878657388875,0.7857866410381121,13,0.7509445811179941,1301926.3,1.6658674230722812,2.194132256518169
237,Viet Nam,2022,0.5493805216053416,0.874847270268098,15,0.7106747213295228,1141422.49,1.8202319898017243,2.398508942363687
237,Viet Nam,2023,0.43708805735311534,1.0062050833430896,13,0.5264472886127328,832933.21,2.287868504245401,2.7352014332455448
238,Ethiopia,2005,0.35582393285044606,1.3167139193389343,14,0.4979438885498665,32610.1,2.810378694848228,3.7311403818887023
238,Ethiopia,2006,0.35524829721317613,1.280806874648593,16,0.46716282528718794,53249.1,2.8149325636314693,3.5995429340891327
238,Ethiopia,2007,0.4635564954321132,1.0229059059924661,14,0.6229802218053773,75967.5,2.157234360545052,2.7812651274269116
238,Ethiopia,2008,0.4255082583443224,1.055946760581949,11,0.5260975051388302,41278.85,2.350130650556722,2.874695514331208
238,Ethiopia,2009,0.36362329052776426,1.2284662150585024,13,0.5231612009237875,54125.0,2.750098868938225,3.415986128103689
238,Ethiopia,2010,0.45292140460489166,1.1302865510996023,11,0.6354824085105485,71135.25,2.207888586922394,3.0965436910055035
238,Ethiopia,2011,0.3905044244938526,1.2164182727874335,9,0.5714687962823367,112759.0,2.560790447627162,3.375077451951122
238,Ethiopia,2012,0.32917888373009935,1.5055478604740071,15,0.534578522836288,150729.4,3.0378619329055168,4.506621954118168
238,Ethiopia,2013,0.7036082937589038,0.607097810198181,12,0.8274504653387172,260014.9,1.4212453276491037,1.8350978607585429
238,Ethiopia,2014,0.8358251541144152,0.3521668125842151,19,0.9109305710221878,319487.06,1.1964224755350101,1.4221457357383613
238,Ethiopia,2015,0.8493223128799183,0.32747498597185015,17,0.9188618495498482,476821.31999999995,1.177409311912644,1.3874603448917766
238,Ethiopia,2016,0.868790841907573,0.27301104087633776,18,0.9296832584086605,531787.44,1.1510250243940598,1.3139147515149456
238,Ethiopia,2017,0.9305937167897202,0.18789574287575916,15,0.9643502644716543,610471.85,1.0745827980116944,1.206707700916497
238,Ethiopia,2018,0.8989792548413932,0.28028745397879407,18,0.9476269829914388,1017691.6100000001,1.1123727211885772,1.323510205936662
238,Ethiopia,2019,0.7774616946496903,0.5221747553147283,20,0.8789420012103561,810290.5299999999,1.2862370029054375,1.6856896287805283
238,Ethiopia,2020,0.8483014256532703,0.345000151044919,20,0.9188269395940573,2326092.66,1.1788262635889217,1.4119901329415783
238,Ethiopia,2021,0.950842731282405,0.15092544733573338,23,0.9750027465726634,2507124.64,1.0516986322767556,1.1629099568143724
238,Ethiopia,2022,0.9191860491335976,0.23289183107669056,23,0.9584782984970309,1572509.9799999997,1.0879190354798962,1.2622449362668278
238,Ethiopia,2023,0.6694837765859017,0.6917674487457083,18,0.8073429074110361,772655.8,1.4936881743417267,1.9972424391561936
244,Samoa,2012,0.36058923423046474,1.2509023808157889,9,0.45315933976353046,7666.95,2.773238646833439,3.4934939974923935
244,Samoa,2013,0.4640587763095494,0.8821873657102965,8,0.5018123557452073,6303.950000000001,2.1548994460411888,2.416178997531242
244,Samoa,2014,0.8559727585602629,0.3522212155716976,10,0.9237559841721666,91259.49,1.168261477949356,1.422223106819611
244,Samoa,2015,0.5305827893815478,0.8099226869502489,10,0.6653137241905919,388353.54000000004,1.8847200097945305,2.2477342007725074
244,Samoa,2017,0.47567658526975115,1.1439770130162203,9,0.668321947194117,13693.550000000001,2.102268707283354,3.1392283239594403
244,Samoa,2018,0.7315915898164868,0.6175551651480758,9,0.8506315600248653,56351.729999999996,1.3668828536572448,1.8543888208662358
244,Samoa,2019,0.24179592372395986,1.6567039804499728,9,0.37398886032562123,23340.0,4.135719017089901,5.2420045896286
244,Samoa,2021,0.5956140149158321,0.859934796704964,10,0.758688402134939,66722.28,1.6789396739452358,2.3630066128652096
244,Samoa,2022,0.20684695748762705,1.8202218102726944,11,0.3554313005217257,23836.28,4.834492187586646,6.17322758332767
244,Samoa,2023,0.2016601844719364,1.8293542011962383,12,0.33557698914924317,9604.86,4.9588370784177425,6.229862121638281
244,Samoa,2024,0.17548850755653017,1.892104460693737,13,0.2798704142271281,18017.41,5.698378850694081,6.633313550317786
249,Yemen,2005,0.22345879889674344,1.727980622524739,19,0.3628819697230979,207891.15,4.475097892484794,5.6292747922122786
249,Yemen,2006,0.6526093965605216,0.6672283528596155,4,0.7932122646851448,68432.25,1.5323101464219602,1.9488283636772556
249,Yemen,2007,0.29312043567007995,1.3557811543594394,13,0.3790172393682425,645136.75,3.411566981721958,3.8797904884669046
249,Yemen,2008,0.3245365436063857,1.2933100965339244,12,0.46710086453526023,606574.4500000001,3.0813170957192746,3.6448313536637618
249,Yemen,2009,0.3100676044652381,1.4368581933127933,15,0.47031316623192465,773121.3500000001,3.225103124606204,4.207456015992496
249,Yemen,2011,0.3326558613326942,1.1827634529174564,10,0.39706722561923125,637096.4,3.006109665387452,3.263379950523767
249,Yemen,2012,0.4082141368078394,1.045966984059013,15,0.5596824215878361,858068.4,2.4496946818643246,2.846149374497669
249,Yemen,2013,0.36642736736655246,1.1169411409068608,10,0.4885925962983237,859529.5,2.729053801812949,3.0554935698720973
249,Yemen,2014,0.37640181580698423,1.0877020066480778,12,0.5060388890739835,836508.99,2.656735323808299,2.9674470577391867
249,Yemen,2015,0.40685742269533365,1.0415506142243847,12,0.5361882173339948,820798.79,2.457863478009662,2.833607441547618
249,Yemen,2018,0.5157607389614939,0.8704583717634293,15,0.6613712254620333,144276.93000000002,1.9388835257478931,2.3880051968502345
249,Yemen,2019,0.48016175146510914,0.8234872880745319,10,0.5618656065228498,461864.38000000006,2.082631523541218,2.2784315465779996
250,Democratic Republic of the Congo,2007,0.43463964865939014,1.0524806715477613,20,0.5348506314749281,115261.9,2.300756507337554,2.864748811768812
250,Democratic Republic of the Congo,2008,0.29211088905767385,1.6231268410278357,27,0.4428501932882018,134643.5,3.4233574901158916,5.0689152548226195
250,Democratic Republic of the Congo,2016,0.6619057551028118,0.7816645373383428,29,0.8037798945340745,158589.61,1.510789099944709,2.1851064312999235
250,Democratic Republic of the Congo,2017,0.5530673461292279,0.9738751002387126,27,0.7261171917794199,162186.12,1.808098067981658,2.6481865903838457
250,Democratic Republic of the Congo,2018,0.6785105196558825,0.7475867892985891,19,0.8172460483685138,225578.98,1.4738165010428521,2.111897408827843
250,Democratic Republic of the Congo,2019,0.5686892321433229,0.9202691991247529,25,0.7339092566629676,339144.68,1.7584296369233465,2.5099659796430185
250,Democratic Republic of the Congo,2020,0.3577181377425407,1.2961183615886342,20,0.4913932571684293,380323.9,2.7954970533804095,3.655081391860321
250,Democratic Republic of the Congo,2021,0.2773048349600211,1.4645762527574415,23,0.31848497828299127,380100.69,3.6061397924928698,4.325709844261335
250,Democratic Republic of the Congo,2022,0.28451925491331487,1.4271899103322143,24,0.3498445862577171,275072.2,3.514700614215626,4.166973155822006
250,Democratic Republic of the Congo,2023,0.3022642045070542,1.3986459017238917,24,0.4337221234550998,384760.29,3.3083639580506863,4.049712543653907
251,Zambia,2005,0.26185696729282415,1.5832556936728264,14,0.34471132066541504,22184.65,3.8188787197009737,4.870787818252132
251,Zambia,2006,0.16264369776528287,2.009889783568345,19,0.22797851740893646,21896.8,6.148409152890369,7.462494812442127
251,Zambia,2007,0.1717939637797988,1.9221004863890572,15,0.24605478547630147,14691.85,5.820926288666201,6.835300857438095
251,Zambia,2008,0.1991698396495114,1.7936580924269476,13,0.28330001240519403,17331.45,5.020840513602598,6.011402560350859
251,Zambia,2009,0.27194215863807614,1.6039666972207605,13,0.4433951155177692,14861.35,3.677252563589765,4.972718623129195
251,Zambia,2010,0.14711119420610308,2.2532490518166024,20,0.29691539182016863,16015.0,6.797579241991592,9.518612113864153
251,Zambia,2011,0.12500058673277864,2.243564792150701,14,0.1850076014501228,6413.25,7.999962449278425,9.42687631608914
251,Zambia,2012,0.18033618622650288,1.9824157731593661,16,0.3153874117682699,19805.8,5.545198780814831,7.260260960472517
251,Zambia,2013,0.14936473527825486,2.239843377316114,16,0.3132512119380205,21752.35,6.695020736568628,9.39186019389223
251,Zambia,2014,0.13464544094021919,2.324568972507286,24,0.28454688469261236,13202.71,7.42691318040235,10.2222730553587
251,Zambia,2015,0.1604648243062011,2.162481432862781,22,0.3057189219969153,22900.12,6.231895397160606,8.692681222806577
251,Zambia,2016,0.30184422740085043,1.71990355477879,24,0.5194249629094927,21791.289999999997,3.312967117545686,5.5839898891648785
251,Zambia,2017,0.2518542601170997,1.6749689579302784,25,0.3953136195011714,24815.74,3.970550267980576,5.338629424394162
251,Zambia,2018,0.33679865476017684,1.3976770480583287,22,0.5277119066590991,37687.23,2.9691329993941538,4.045790864884703
251,Zambia,2019,0.5748920245268115,0.96615723132839,24,0.747794782001717,54210.06,1.739457076001517,2.627826901196447
251,Zambia,2020,0.6769311053905066,0.7802647773189139,28,0.8185199011440264,63486.3,1.4772552066773799,2.1820499463509635
251,Zambia,2021,0.7149994801524754,0.6676307686109153,24,0.8409824545768229,34110.89,1.3986024154685366,1.9496127607236573
251,Zambia,2022,0.35244124742438404,1.1096020408599254,14,0.41906838040978617,33409.13,2.8373523454133984,3.033151084024388
251,Zambia,2023,0.32367551294718416,1.329589517315109,22,0.4869383681893553,63190.42,3.0895139113077588,3.77949165322919
251,Zambia,2024,0.28666680866874134,1.5030053199726316,20,0.46035392962137156,51706.89,3.4883703650378055,4.495178239494228
255,Belgium,2005,0.14946592910242681,2.1693670770506426,30,0.2654606363741132,259880.15,6.690487966088343,8.752742475651312
255,Belgium,2006,0.16164794921528894,2.196072675982182,33,0.3216382093511171,306429.7,6.186283246118772,8.989638856466957
255,Belgium,2007,0.1374479165124923,2.258976727167615,31,0.24164210256090407,331886.7,7.275483145712961,9.573288067424265
255,Belgium,2008,0.12970286084947955,2.3188989514666956,30,0.23610526318557815,380239.3,7.709930170009914,10.164476560565143
255,Belgium,2009,0.1286931640901954,2.3501403197956057,34,0.23420559549416292,403236.95,7.770420496454215,10.487041160961558
255,Belgium,2010,0.13114723334474146,2.3614784030054388,37,0.2687984988158349,408051.2,7.625017886357848,10.606620726788668
255,Belgium,2011,0.1053762144896302,2.58018435653961,36,0.2159808580833521,429925.6,9.489807589343679,13.199571362663777
255,Belgium,2012,0.09059805682514531,2.6829856314055256,34,0.17963474714489872,451752.8,11.037764330089384,14.628704078943738
255,Belgium,2013,0.09067303937475771,2.66014745492554,35,0.18945313557135615,498842.1,11.028636592481845,14.298397312351572
255,Belgium,2014,0.098660560771489,2.5468460878870447,43,0.1719499909880462,439194.44,10.135762377391439,12.766774933164276
255,Belgium,2015,0.11988960526906808,2.353552096569123,48,0.2040318119408269,472637.62,8.341006693246685,10.522881709627207
255,Belgium,2016,0.11100425358934232,2.4711313229699545,53,0.1981659787447076,408057.43,9.00866379138476,11.835829425910172
255,Belgium,2017,0.169160209755625,2.285730153714819,49,0.3558105147933134,555984.3,5.911555687029688,9.832863105108828
255,Belgium,2018,0.15332169798932296,2.4409819301929656,49,0.3345111217695168,513731.2,6.522234055023564,11.484312000793945
255,Belgium,2019,0.19079027797123604,2.194834591879377,47,0.3857205248067263,506804.48,5.241357215018902,8.97851581456032
255,Belgium,2020,0.17725162716285536,2.293078285533528,52,0.3554048253899665,613543.78,5.641697151142197,9.90538239369993
255,Belgium,2021,0.14710967120919569,2.3684798808432217,59,0.3066128553951088,617905.24,6.7976496159655,10.681143326477248
255,Belgium,2022,0.25126119105539446,2.0196934158976534,60,0.46563129725651736,850643.25,3.9799222307257724,7.536014157320683
255,Belgium,2023,0.1466229104104167,2.3300609227535305,58,0.28023626582143124,663029.46,6.820216548702173,10.278567712616365
255,Belgium,2024,0.20670640407122942,2.149055804640322,58,0.4105030222890293,883499.22,4.837779479998151,8.576756439233245
256,Luxembourg,2005,0.35739874110972797,1.284223998709292,8,0.527619923115494,1196.6,2.797995306013072,3.6118640582724706
256,Luxembourg,2006,0.37318863344064634,1.2892798193502903,9,0.5530644926481293,1373.8,2.679610015933255,3.6301712350355557
256,Luxembourg,2007,0.4557902585879847,1.1376377071575638,8,0.6445036957035337,1481.4499999999998,2.1939916028437065,3.119390740143395
256,Luxembourg,2008,0.43512232802730305,1.1598056218174264,8,0.6239286598959624,2018.5,2.2982042878232902,3.1893132829419675
256,Luxembourg,2009,0.3902475228816383,1.3068995292315955,9,0.5854055062498335,1876.05,2.5624762269235446,3.694700624130789
256,Luxembourg,2010,0.31042737265008363,1.4647618357378498,8,0.4905035117222277,2021.8,3.2213654081568652,4.326512696882202
256,Luxembourg,2011,0.2339966110286421,1.711720590046613,9,0.4004748932410543,2716.4,4.273566166638183,5.538482742458344
256,Luxembourg,2012,0.3040473100571845,1.505146398043229,8,0.49171518137035375,4242.7,3.2889618389056703,4.504813077836098
256,Luxembourg,2013,0.3011948269028977,1.4486644555870676,7,0.4645688770146078,4042.3500000000004,3.320110143599479,4.257424736718031
256,Luxembourg,2014,0.3125674941478372,1.4370522860519919,12,0.4969082054143947,4461.8099999999995,3.199309009167227,4.208272731912448
256,Luxembourg,2015,0.3332578597975909,1.4002775887295016,13,0.5253126526518738,4626.54,3.000679415655387,4.056325800903539
256,Luxembourg,2016,0.3253003201346155,1.4363264301795304,10,0.518947723155988,4747.8,3.0740824343061846,4.205219240768375
256,Luxembourg,2017,0.334408831386244,1.429856952900367,13,0.5313273135235679,4951.43,2.990351647875575,4.178101483874824
256,Luxembourg,2018,0.33868398919909337,1.424492343949389,12,0.5370712083529129,5235.0599999999995,2.9526048821048816,4.155747616744374
256,Luxembourg,2019,0.30593356842539454,1.510285652965849,16,0.499337743727736,5737.960000000001,3.268683476438649,4.528024053094057
256,Luxembourg,2020,0.294939592431556,1.5513864358450973,14,0.48565606927755967,6674.6,3.390524791045343,4.718006864032652
256,Luxembourg,2021,0.28559491453155617,1.5444518277974415,15,0.4695274340090603,6322.08,3.50146290819022,4.685402515511788
256,Luxembourg,2022,0.26489189616963876,1.536914166949956,14,0.4244556702540449,6829.5,3.775124926281597,4.650218310305219
256,Luxembourg,2023,0.24940595147143385,1.5905341361219156,14,0.4034993869576095,7234.41,4.0095274154455645,4.906368897409819
256,Luxembourg,2024,0.25961448381310676,1.5380197343569737,14,0.4112258856493294,7266.42,3.8518652168878513,4.655362283084985
272,Serbia,2006,0.2924687782675917,1.7144714508654073,16,0.5069922047359906,25496.25,3.419168384137943,5.553739312359489
272,Serbia,2007,0.34494662675603804,1.5402516865977889,20,0.54002161687136,25489.35,2.898999214470491,4.665764433597808
272,Serbia,2008,0.18059904594903264,1.9123566727142882,16,0.26636012983236,23553.45,5.5371278111968145,6.769022386391356
272,Serbia,2009,0.18433321170184322,1.903973883669434,17,0.2660564694181627,26745.45,5.424958371676874,6.71251627000847
272,Serbia,2010,0.1711345442383554,1.968103993364987,19,0.2945517588763808,25610.1,5.843355615025361,7.157093718726829
272,Serbia,2011,0.1846287107042071,1.990674840672173,22,0.29654665113764916,26917.35,5.416275703739793,7.320472248189174
272,Serbia,2012,0.21134728302508377,1.9038026298321888,19,0.3237130945983357,24562.8,4.731548878635525,6.7113668242659665
272,Serbia,2013,0.17517488989190627,1.9521390447762477,18,0.26775303145044294,21920.2,5.708580725337186,7.043738349437923
272,Serbia,2014,0.21994884673356582,1.8222053126277933,32,0.37442288696984544,21250.17,4.546511676923435,6.185484346418528
272,Serbia,2015,0.17695081269899707,1.9371597654167205,21,0.2767752550694691,17935.31,5.651287975156431,6.9390145268069094
272,Serbia,2016,0.1644188978879726,1.9555240983862396,18,0.2500642851561668,14077.9,6.082025927952355,7.067622182587093
272,Serbia,2017,0.1846453067466525,1.9296746904937512,18,0.3015553316818642,13172.109999999999,5.415788885292798,6.887269382912383
272,Serbia,2018,0.15848070656349314,2.0349947551950316,21,0.2169504153735004,15488.47,6.3099163405064935,7.652211991013922
272,Serbia,2019,0.13223809200413908,2.233638947930562,26,0.20899740804916067,16084.41,7.562117577805794,9.333769456808199
272,Serbia,2020,0.11327092024914091,2.3302134739320612,24,0.18127993093579953,20595.33,8.828391239344455,10.28013583984132
272,Serbia,2021,0.13653296812226282,2.191540734233974,20,0.22009934551346277,21108.15,7.3242383415009185,8.948990514362606
272,Serbia,2022,0.1475919658805261,2.062699982483811,18,0.20051789208034562,24472.28,6.77543654923255,7.8671824153192995
272,Serbia,2023,0.1241606729973227,2.2868910929977386,23,0.18974527284540213,22394.55,8.054080054974921,9.844285090984304
272,Serbia,2024,0.1313680800753822,2.314638283708622,24,0.2473028753910854,21619.32,7.612199245251782,10.121261231460545
273,Montenegro,2006,0.4097544466211772,1.3895506598987346,14,0.6193009522796191,1879.6999999999998,2.4404860233878356,4.013046425116338
273,Montenegro,2007,0.4408146377646307,1.1393040644667185,12,0.6195252093574763,2024.0500000000002,2.2685272092392306,3.1245930929888854
273,Montenegro,2008,0.4071090226052892,1.3729077928390157,14,0.606055851898337,1912.2,2.4563444789322335,3.9468105333844314
273,Montenegro,2009,0.2547400906940815,1.6929180101209877,13,0.4172936314506729,2359.25,3.925569773000138,5.435317899989197
273,Montenegro,2010,0.27923339873679415,1.7614893419871638,17,0.4881868969019807,2461.25,3.5812334932849548,5.82110055106197
273,Montenegro,2011,0.21928388408662716,1.8297257755119931,15,0.33750055612403795,2247.7,4.5602986474143,6.232177408517305
273,Montenegro,2012,0.22025204989898675,1.8218692177139268,15,0.3694759483770043,2557.0,4.5402528623848255,6.183405785906271
273,Montenegro,2013,0.2692138505373169,1.5163968107887562,13,0.40680505028889363,2336.5,3.714519137868004,4.555780247568506
273,Montenegro,2014,0.19907168556669072,1.8541994398455763,18,0.3420554083622865,2860.94,5.0233160841198155,6.386583359344605
273,Montenegro,2015,0.1748187172190581,1.9674398503064277,21,0.28755899466319407,2657.02,5.720211290344508,7.152341962711625
273,Montenegro,2016,0.15897923788615892,2.1562091258047698,26,0.2919393563153053,2673.98,6.290129537015866,8.63832869309151
273,Montenegro,2017,0.2529663725684953,1.8571007693161206,29,0.4495229489111759,3032.17,3.9530945945364007,6.405139848088058
273,Montenegro,2018,0.26668045351147035,1.6665241690922246,20,0.4389897136124705,3530.88,3.7498061325180267,5.293735652231166
273,Montenegro,2019,0.15417659389508218,2.0860742138297157,26,0.25375915337546395,3987.6,6.486068830139705,8.053237736253418
273,Montenegro,2020,0.15576269829157932,2.0593358981479173,23,0.21753531126223752,3345.25,6.420022322212564,7.840761017012109
273,Montenegro,2021,0.17812936900662432,2.082782200803744,27,0.34266916539151465,3489.78,5.613897391411136,8.026769962755361
273,Montenegro,2022,0.22627332675580145,1.8808607528120118,25,0.4080168319526177,3417.31,4.419433851693971,6.559148238357335
273,Montenegro,2023,0.22098312900285738,1.7923568835629742,29,0.3807461500752236,2957.85,4.525232331139042,6.003585556934429
273,Montenegro,2024,0.2191647689769748,1.802929233655824,27,0.34094084769445737,3757.25,4.562777150122422,6.067394274959369
276,Sudan,2012,0.24437834655126628,1.6788272870417853,17,0.40006408165834173,34955.4,4.092015573852071,5.359267402170462
276,Sudan,2015,0.5895924335988614,0.8062472582935375,13,0.7489324244406116,113376.05,1.696086894969154,2.2394879775638925
276,Sudan,2016,0.3979370912637237,1.3117066497377217,20,0.593325938209465,39999.33,2.51296001793729,3.712504253075491
276,Sudan,2017,0.4168328507121288,1.471177358071924,19,0.6312690494367487,34318.6,2.399043161525231,4.354358763740174
276,Sudan,2018,0.5767434913813458,0.9493466232756075,12,0.7480219728564076,48716.47,1.7338730561222662,2.5840207686094336
299,Palestine,2014,0.2747513331802215,1.5472021780053338,13,0.4050281528890969,46485.46,3.63965476864149,4.698306750742983
299,Palestine,2015,0.21365967334572933,1.910616514928634,17,0.3665436200566643,49872.7,4.680340395269018,6.757253462246736
299,Palestine,2016,0.19830046923854808,1.9327154049229975,24,0.3152536226713797,47652.68,5.042852414015407,6.908243474253766
299,Palestine,2017,0.3048615771360316,1.5388844867490334,17,0.4613724081227725,47093.28,3.280177218114279,4.65938975988931
299,Palestine,2018,0.37276119099510274,1.5866312866817978,21,0.5899127019039535,64560.399999999994,2.682682704523116,4.887257397218693
299,Palestine,2019,0.3401031045557744,1.525268830640232,20,0.5248838492943683,68518.73999999999,2.9402848330542284,4.596379050754576
299,Palestine,2020,0.36417874732395067,1.4180243058371482,20,0.5465977440539028,80821.08,2.745904332276871,4.128954824582296
299,Palestine,2021,0.34845086743368003,1.5306019845635643,19,0.5456784233785518,101370.18,2.8698450584007458,4.620957730406512
299,Palestine,2022,0.49498666770801364,1.2738558324341382,20,0.6930229890112412,104597.79999999999,2.0202564336336577,3.5746091176008536
299,Palestine,2023,0.6993794687035337,0.7959352197455413,15,0.833557716961325,70281.42,1.4298389425896902,2.216512954466463
