Reporter Country Code,Reporter Countries,Commodity,baseline_total_import_t,volume_from_targets_t,share_lost,remaining_import_t,remaining_suppliers,loses_over_50pct,loses_over_25pct,n_exporters_removed,removed_exporters
108,Kazakhstan,Wheat,1905984.8166666667,1902751.9833333332,0.9983038514761166,3232.8333333334886,23,True,True,1,Russian Federation
141,Mongolia,Wheat,97143.23666666666,96742.12,0.9958708739750659,401.1166666666686,13,True,True,1,Russian Federation
1,Armenia,Wheat,355089.5166666666,353205.1433333333,0.9946932442528226,1884.373333333293,20,True,True,1,Russian Federation
57,Belarus,Wheat,224306.62999999998,218628.83,0.9746873286803872,5677.799999999988,12,True,True,1,Russian Federation
73,Georgia,Wheat,394533.45833333326,361705.1333333333,0.916792038022124,32828.32499999995,25,True,True,1,Russian Federation
52,Azerbaijan,Wheat,1241345.8316666665,1078237.14,0.8686033436406096,163108.69166666665,20,True,True,1,Russian Federation
113,Kyrgyzstan,Wheat,306955.935,232002.87333333332,0.7558181708828445,74953.06166666668,9,True,True,1,Russian Federation
223,Türkiye,Wheat,10084583.318333331,7191319.949999999,0.7131003555621871,2893263.3683333322,83,True,True,1,Russian Federation
59,Egypt,Wheat,7545042.261666666,4125946.3699999996,0.5468420489786092,3419095.891666666,33,True,True,1,Russian Federation
250,Democratic Republic of the Congo,Wheat,572264.745,258497.6,0.4517098113391556,313767.145,27,False,True,1,Russian Federation
165,Pakistan,Wheat,2695318.6666666665,1116403.0,0.41420074509433397,1578915.6666666665,18,False,True,1,Russian Federation
215,United Republic of Tanzania,Wheat,1090438.2049999998,436086.91333333333,0.3999189604085207,654351.2916666665,28,False,True,1,Russian Federation
226,Uganda,Wheat,702932.555,276608.95666666667,0.3935071077575382,426323.5983333334,29,False,True,1,Russian Federation
105,Israel,Wheat,1904542.925,724027.3333333334,0.3801580546331521,1180515.5916666668,35,False,True,1,Russian Federation
184,Rwanda,Wheat,203761.075,77064.3,0.3782091353807394,126696.77500000001,27,False,True,1,Russian Federation
114,Kenya,Wheat,2067159.9800000002,739711.8366666668,0.3578396659298071,1327448.1433333335,31,False,True,1,Russian Federation
3,Albania,Wheat,194643.43,69554.53,0.35734332260790924,125088.9,10,False,True,1,Russian Federation
102,Iran (Islamic Republic of),Wheat,6214463.955,2161900.0,0.34788197592820375,4052563.955,13,False,True,1,Russian Federation
130,Malawi,Wheat,129700.72333333333,44769.729999999996,0.3451771805847292,84930.99333333333,21,False,True,1,Russian Federation
195,Senegal,Wheat,964337.7383333334,321019.3,0.33289094394959406,643318.4383333335,33,False,True,1,Russian Federation
194,Saudi Arabia,Wheat,3965680.4883333333,1297806.33,0.3272594284431201,2667874.158333333,48,False,True,1,Russian Federation
299,Palestine,Wheat,81547.995,26442.23,0.3242535883316322,55105.765,8,False,True,1,Russian Federation
35,Cabo Verde,Wheat,48784.573333333334,11993.0,0.24583591042304903,36791.573333333334,12,False,False,1,Russian Federation
147,Namibia,Wheat,191745.43,45826.095,0.23899445739071853,145919.335,26,False,False,1,Russian Federation
225,United Arab Emirates,Wheat,1620812.0650000002,374667.3666666667,0.23116027746663315,1246144.6983333335,82,False,False,1,Russian Federation
32,Cameroon,Wheat,1142038.15,252195.17,0.2208290239691205,889842.9799999999,33,False,False,1,Russian Federation
221,Oman,Wheat,1993362.9883333333,434168.23,0.21780690849638554,1559194.7583333333,34,False,False,1,Russian Federation
29,Burundi,Wheat,110166.27,20958.253333333334,0.19024201630257004,89208.01666666666,18,False,False,1,Russian Federation
144,Mozambique,Wheat,775830.7166666667,146526.39666666667,0.18886387651189285,629304.3200000001,25,False,False,1,Russian Federation
50,Cyprus,Wheat,59801.91333333333,11288.43,0.18876369284505615,48513.48333333333,31,False,False,1,Russian Federation
217,Togo,Wheat,214040.30166666667,39071.02333333334,0.1825404983505404,174969.27833333332,15,False,False,1,Russian Federation
46,Congo,Wheat,304476.0966666667,51758.05666666667,0.16999054189574095,252718.04,24,False,False,1,Russian Federation
121,Lebanon,Wheat,643999.76,106969.21,0.1661013196650881,537030.55,36,False,False,1,Russian Federation
84,Greece,Wheat,1114411.31,175504.17666666667,0.1574859973977352,938907.1333333334,42,False,False,1,Russian Federation
157,Nicaragua,Wheat,162270.4916666667,22219.233333333334,0.13692713385607844,140051.25833333336,15,False,False,1,Russian Federation
53,Benin,Wheat,176118.51833333334,23851.76,0.13543016501454214,152266.75833333333,26,False,False,1,Russian Federation
75,Gambia,Wheat,75239.125,8775.64,0.11663665679259294,66463.485,25,False,False,1,Russian Federation
74,Gabon,Wheat,135714.97,15347.5,0.11308627191237636,120367.47,23,False,False,1,Russian Federation
222,Tunisia,Wheat,2063761.65,229861.30000000002,0.11137977101183173,1833900.3499999999,27,False,False,1,Russian Federation
112,Jordan,Wheat,797523.4083333332,78425.89333333333,0.09833679176543293,719097.5149999999,24,False,False,1,Russian Federation
7,Angola,Wheat,764724.5666666667,74123.65666666666,0.09692856735302997,690600.91,41,False,False,1,Russian Federation
202,South Africa,Wheat,1889045.3266666667,171476.4833333333,0.090774149731978,1717568.8433333333,49,False,False,1,Russian Federation
133,Mali,Wheat,380548.6,33490.89,0.08800686692842911,347057.70999999996,21,False,False,1,Russian Federation
146,Republic of Moldova,Wheat,38321.009999999995,3231.1366666666668,0.0843176280235481,35089.87333333333,24,False,False,1,Russian Federation
236,Venezuela (Bolivarian Republic of),Wheat,947875.2799999999,75294.03,0.07943453277946019,872581.2499999999,22,False,False,1,Russian Federation
107,Côte d'Ivoire,Wheat,942426.3033333333,74233.33333333333,0.07876831649410916,868192.97,22,False,False,1,Russian Federation
119,Latvia,Wheat,736247.935,57991.69,0.07876652312783736,678256.2450000001,29,False,False,1,Russian Federation
81,Ghana,Wheat,285910.6683333333,22164.52666666667,0.07752255904220343,263746.1416666666,36,False,False,1,Russian Federation
181,Zimbabwe,Wheat,289315.57333333336,21211.5,0.07331613627159049,268104.07333333336,21,False,False,1,Russian Federation
21,Brazil,Wheat,5670976.333333333,410138.83666666667,0.07232243842315454,5260837.496666666,17,False,False,1,Russian Federation
238,Ethiopia,Wheat,1550405.2083333335,109817.71,0.07083161834708533,1440587.4983333335,33,False,False,1,Russian Federation
129,Madagascar,Wheat,377028.57333333336,24460.323333333334,0.06487657717047299,352568.25,28,False,False,1,Russian Federation
136,Mauritania,Wheat,1121813.9483333332,72671.2,0.06478008239063777,1049142.7483333333,17,False,False,1,Russian Federation
162,Norway,Wheat,319872.61,19642.71,0.061407914857105145,300229.89999999997,53,False,False,1,Russian Federation
138,Mexico,Wheat,4538461.473333334,258016.05,0.05685099488362444,4280445.423333334,6,False,False,1,Russian Federation
233,Burkina Faso,Wheat,277433.055,14836.913333333332,0.05347925586348509,262596.14166666666,18,False,False,1,Russian Federation
134,Malta,Wheat,62867.19333333333,3145.535,0.0500346020431006,59721.658333333326,31,False,False,1,Russian Federation
170,Peru,Wheat,1969950.4766666666,92836.19333333334,0.04712615592774725,1877114.2833333332,16,False,False,1,Russian Federation
101,Indonesia,Wheat,10831044.365,483479.22,0.04463828267219917,10347565.145,30,False,False,1,Russian Federation
209,Eswatini,Wheat,77077.04333333333,3373.26,0.0437647820170234,73703.78333333334,12,False,False,1,Russian Federation
115,Cambodia,Wheat,32405.605,1400.0,0.04320240279420798,31005.605,19,False,False,1,Russian Federation
54,Denmark,Wheat,226129.63333333333,9142.94,0.04043229480906896,216986.69333333333,59,False,False,1,Russian Federation
49,Cuba,Wheat,533711.83,21561.8,0.040399704087503555,512150.02999999997,23,False,False,1,Russian Federation
143,Morocco,Wheat,6010951.550000001,213518.09999999998,0.03552151406044854,5797433.450000001,33,False,False,1,Russian Federation
28,Myanmar,Wheat,387536.165,11641.4,0.030039519021405395,375894.76499999996,18,False,False,1,Russian Federation
106,Italy,Wheat,7690994.831666667,226461.77333333332,0.029445055976491694,7464533.058333334,54,False,False,1,Russian Federation
237,Viet Nam,Wheat,4530319.218333333,102734.62666666666,0.022677127530201256,4427584.591666666,31,False,False,1,Russian Federation
38,Sri Lanka,Wheat,1047264.8899999999,21296.683333333334,0.020335526891704866,1025968.2066666665,26,False,False,1,Russian Federation
58,Ecuador,Wheat,1494988.2983333333,30333.69,0.020290252461385206,1464654.6083333334,12,False,False,1,Russian Federation
56,Dominican Republic,Wheat,616329.505,11721.45,0.01901815490725209,604608.055,15,False,False,1,Russian Federation
126,Lithuania,Wheat,211229.00666666665,3795.945,0.017970756289122036,207433.06166666665,23,False,False,1,Russian Federation
117,Republic of Korea,Wheat,4574909.953333333,76640.84000000001,0.016752425901663617,4498269.113333333,44,False,False,1,Russian Federation
203,Spain,Wheat,6470927.093333334,88920.91333333333,0.013741603336088273,6382006.180000001,61,False,False,1,Russian Federation
235,Uzbekistan,Wheat,3301487.6500000004,40053.09333333333,0.012131831943497751,3261434.556666667,13,False,False,1,Russian Federation
41,"China, mainland",Wheat,10653459.285,128848.80333333333,0.012094550688784402,10524610.481666667,22,False,False,1,Russian Federation
131,Malaysia,Wheat,1704770.3416666666,20300.0,0.011907762297268575,1684470.3416666666,37,False,False,1,Russian Federation
44,Colombia,Wheat,2038830.1449999998,18987.3,0.009312840526006644,2019842.8449999997,15,False,False,1,Russian Federation
208,Tajikistan,Wheat,1085642.8200000003,9475.806666666665,0.008728291194949977,1076167.0133333337,7,False,False,1,Russian Federation
229,United Kingdom of Great Britain and Northern Ireland,Wheat,1920833.05,15583.755,0.008113018984132952,1905249.2950000002,72,False,False,1,Russian Federation
272,Serbia,Wheat,7950.384999999999,47.66,0.005994678245141587,7902.724999999999,28,False,False,1,Russian Federation
100,India,Wheat,50674.48833333333,243.5,0.004805179253084385,50430.98833333333,22,False,False,1,Russian Federation
37,Central African Republic,Wheat,13473.124999999998,64.61,0.004795472468339751,13408.514999999998,18,False,False,1,Russian Federation
20,Botswana,Wheat,125714.44499999998,565.62,0.004499244299252962,125148.82499999998,14,False,False,1,Russian Federation
72,Djibouti,Wheat,274732.36833333335,1063.515,0.003871094645497451,273668.85333333333,27,False,False,1,Russian Federation
154,North Macedonia,Wheat,130299.42333333334,418.84,0.003214442468624893,129880.58333333334,21,False,False,1,Russian Federation
67,Finland,Wheat,49910.399999999994,104.635,0.0020964568506764126,49805.76499999999,31,False,False,1,Russian Federation
230,Ukraine,Wheat,51129.59166666667,93.37,0.0018261440578034476,51036.221666666665,31,False,False,1,Russian Federation
179,Qatar,Wheat,191576.565,93.765,0.0004894387786940433,191482.8,22,False,False,1,Russian Federation
214,"China, Taiwan Province of",Wheat,1292712.5783333334,491.0,0.00037982147635094244,1292221.5783333334,29,False,False,1,Russian Federation
27,Bulgaria,Wheat,76722.895,28.349999999999998,0.0003695116040655139,76694.545,36,False,False,1,Russian Federation
231,United States of America,Wheat,2215946.768333333,674.95,0.00030458764156489473,2215271.818333333,74,False,False,1,Russian Federation
150,Netherlands (Kingdom of the),Wheat,5045586.116666667,1099.4733333333334,0.00021790795120938162,5044486.643333334,97,False,False,1,Russian Federation
173,Poland,Wheat,907960.6599999999,192.28,0.00021177128973847833,907768.3799999999,40,False,False,1,Russian Federation
220,Trinidad and Tobago,Wheat,121130.23166666666,20.3,0.00016758822071654864,121109.93166666666,16,False,False,1,Russian Federation
216,Thailand,Wheat,3119897.8833333333,381.21333333333337,0.00012218775985258878,3119516.67,43,False,False,1,Russian Federation
10,Australia,Wheat,22742.556666666667,2.04,8.969967756483549e-05,22740.516666666666,41,False,False,1,Russian Federation
171,Philippines,Wheat,5964567.626666667,181.2,3.0379402387841592e-05,5964386.426666667,28,False,False,1,Russian Federation
200,Singapore,Wheat,296938.3133333333,8.873333333333333,2.9882749833540063e-05,296929.43999999994,51,False,False,1,Russian Federation
128,"China, Macao SAR",Wheat,10787.148333333334,0.3,2.7810871856927274e-05,10786.848333333335,27,False,False,1,Russian Federation
63,Estonia,Wheat,13043.01,0.33666666666666667,2.581203776326681e-05,13042.673333333334,19,False,False,1,Russian Federation
33,Canada,Wheat,304196.75666666665,6.79,2.232107953550721e-05,304189.9666666667,81,False,False,1,Russian Federation
68,France,Wheat,579355.1166666667,6.533333333333335,1.1276906245211093e-05,579348.5833333334,102,False,False,1,Russian Federation
79,Germany,Wheat,4577278.135,46.52333333333333,1.0163973427263304e-05,4577231.611666666,81,False,False,1,Russian Federation
11,Austria,Wheat,1306988.9566666668,9.756666666666666,7.464995489747659e-06,1306979.2000000002,56,False,False,1,Russian Federation
210,Sweden,Wheat,84913.53666666665,0.59,6.948244333716561e-06,84912.94666666666,66,False,False,1,Russian Federation
273,Montenegro,Wheat,61712.576666666675,0.2233333333333333,3.6189273790923106e-06,61712.35333333334,28,False,False,1,Russian Federation
118,Kuwait,Wheat,452122.9066666667,1.325,2.930619042880906e-06,452121.58166666667,42,False,False,1,Russian Federation
167,Czechia,Wheat,167463.58666666667,0.34,2.0302921176336924e-06,167463.24666666667,41,False,False,1,Russian Federation
97,Hungary,Wheat,338191.67166666663,0.56,1.6558657321164176e-06,338191.11166666663,31,False,False,1,Russian Federation
13,Bahrain,Wheat,117401.04666666665,0.15,1.2776717436420359e-06,117400.89666666665,47,False,False,1,Russian Federation
211,Switzerland,Wheat,498749.30833333335,0.26,5.213039810898986e-07,498749.04833333334,68,False,False,1,Russian Federation
132,Maldives,Wheat,24735.413333333334,0.01,4.042786698261494e-07,24735.403333333335,47,False,False,1,Russian Federation
156,New Zealand,Wheat,631362.475,0.23,3.642915268285465e-07,631362.245,43,False,False,1,Russian Federation
99,Iceland,Wheat,43417.265,0.01,2.3032312145871004e-07,43417.255,41,False,False,1,Russian Federation
255,Belgium,Wheat,3981667.2350000003,0.023333333333333334,5.860191712714368e-09,3981667.211666667,78,False,False,1,Russian Federation
108,Kazakhstan,Wheat,1905984.8166666667,1902751.9833333332,0.9983038514761166,3232.8333333334886,23,True,True,2,"Russian Federation, Australia"
141,Mongolia,Wheat,97143.23666666666,96742.12,0.9958708739750659,401.1166666666686,13,True,True,2,"Russian Federation, Australia"
1,Armenia,Wheat,355089.5166666666,353205.1433333333,0.9946932442528226,1884.373333333293,20,True,True,2,"Russian Federation, Australia"
66,Fiji,Wheat,131472.305,130419.08666666667,0.9919890479342146,1053.2183333333232,9,True,True,2,"Russian Federation, Australia"
156,New Zealand,Wheat,631362.475,619969.7533333333,0.9819553392579015,11392.721666666679,42,True,True,2,"Russian Federation, Australia"
57,Belarus,Wheat,224306.62999999998,218628.83,0.9746873286803872,5677.799999999988,12,True,True,2,"Russian Federation, Australia"
73,Georgia,Wheat,394533.45833333326,361705.1433333333,0.9167920633685167,32828.314999999944,24,True,True,2,"Russian Federation, Australia"
52,Azerbaijan,Wheat,1241345.8316666665,1078237.14,0.8686033436406096,163108.69166666665,20,True,True,2,"Russian Federation, Australia"
13,Bahrain,Wheat,117401.04666666665,98352.32999999999,0.837746619749046,19048.71666666666,46,True,True,2,"Russian Federation, Australia"
118,Kuwait,Wheat,452122.9066666667,369747.4116666667,0.8178028722160446,82375.495,41,True,True,2,"Russian Federation, Australia"
113,Kyrgyzstan,Wheat,306955.935,232002.87333333332,0.7558181708828445,74953.06166666668,9,True,True,2,"Russian Federation, Australia"
100,India,Wheat,50674.48833333333,38151.799999999996,0.7528798268083154,12522.688333333332,21,True,True,2,"Russian Federation, Australia"
223,Türkiye,Wheat,10084583.318333331,7207693.515,0.7147239789170791,2876889.803333332,82,True,True,2,"Russian Federation, Australia"
28,Myanmar,Wheat,387536.165,270516.15,0.6980410460530827,117020.01499999996,17,True,True,2,"Russian Federation, Australia"
237,Viet Nam,Wheat,4530319.218333333,2982210.543333333,0.6582782359496653,1548108.6749999998,30,True,True,2,"Russian Federation, Australia"
221,Oman,Wheat,1993362.9883333333,1308997.0766666667,0.6566777272016722,684365.9116666666,33,True,True,2,"Russian Federation, Australia"
131,Malaysia,Wheat,1704770.3416666666,1046116.1566666666,0.6136405186659527,658654.1849999999,36,True,True,2,"Russian Federation, Australia"
184,Rwanda,Wheat,203761.075,122286.695,0.6001474766463615,81474.38,26,True,True,2,"Russian Federation, Australia"
59,Egypt,Wheat,7545042.261666666,4264964.836666666,0.5652671898652234,3280077.425,32,True,True,2,"Russian Federation, Australia"
114,Kenya,Wheat,2067159.9800000002,1068642.07,0.5169614738768308,998517.9100000001,30,True,True,2,"Russian Federation, Australia"
226,Uganda,Wheat,702932.555,355415.0266666667,0.5056175363320122,347517.5283333334,28,True,True,2,"Russian Federation, Australia"
215,United Republic of Tanzania,Wheat,1090438.2049999998,543232.32,0.49817799624876496,547205.8849999999,27,False,True,2,"Russian Federation, Australia"
41,"China, mainland",Wheat,10653459.285,5262606.86,0.49398103650799285,5390852.425,21,False,True,2,"Russian Federation, Australia"
130,Malawi,Wheat,129700.72333333333,61376.90666666666,0.4732194631553969,68323.81666666667,20,False,True,2,"Russian Federation, Australia"
101,Indonesia,Wheat,10831044.365,4909444.946666666,0.4532753057988851,5921599.418333334,29,False,True,2,"Russian Federation, Australia"
250,Democratic Republic of the Congo,Wheat,572264.745,258497.6,0.4517098113391556,313767.145,27,False,True,2,"Russian Federation, Australia"
165,Pakistan,Wheat,2695318.6666666665,1169139.0,0.43376652061920695,1526179.6666666665,17,False,True,2,"Russian Federation, Australia"
117,Republic of Korea,Wheat,4574909.953333333,1895303.6566666667,0.4142821773542726,2679606.2966666664,43,False,True,2,"Russian Federation, Australia"
171,Philippines,Wheat,5964567.626666667,2431647.2800000003,0.40768207055419714,3532920.3466666667,27,False,True,2,"Russian Federation, Australia"
144,Mozambique,Wheat,775830.7166666667,306540.99,0.3951132423797863,469289.7266666667,24,False,True,2,"Russian Federation, Australia"
216,Thailand,Wheat,3119897.8833333333,1229612.3666666667,0.3941194271887307,1890285.5166666666,42,False,True,2,"Russian Federation, Australia"
115,Cambodia,Wheat,32405.605,12400.696666666665,0.38267135165866106,20004.908333333333,18,False,True,2,"Russian Federation, Australia"
105,Israel,Wheat,1904542.925,724027.3333333334,0.3801580546331521,1180515.5916666668,35,False,True,2,"Russian Federation, Australia"
200,Singapore,Wheat,296938.3133333333,109522.30333333333,0.36883857156683975,187416.00999999995,50,False,True,2,"Russian Federation, Australia"
194,Saudi Arabia,Wheat,3965680.4883333333,1444089.935,0.3641468190007691,2521590.553333333,47,False,True,2,"Russian Federation, Australia"
225,United Arab Emirates,Wheat,1620812.0650000002,585694.92,0.3613589339859708,1035117.1450000001,81,False,True,2,"Russian Federation, Australia"
3,Albania,Wheat,194643.43,69554.53,0.35734332260790924,125088.9,10,False,True,2,"Russian Federation, Australia"
102,Iran (Islamic Republic of),Wheat,6214463.955,2161900.0,0.34788197592820375,4052563.955,13,False,True,2,"Russian Federation, Australia"
209,Eswatini,Wheat,77077.04333333333,26790.583333333336,0.347581876194611,50286.46,11,False,True,2,"Russian Federation, Australia"
195,Senegal,Wheat,964337.7383333334,321019.3,0.33289094394959406,643318.4383333335,33,False,True,2,"Russian Federation, Australia"
179,Qatar,Wheat,191576.565,62876.765,0.328206975628778,128699.8,21,False,True,2,"Russian Federation, Australia"
299,Palestine,Wheat,81547.995,26442.23,0.3242535883316322,55105.765,8,False,True,2,"Russian Federation, Australia"
202,South Africa,Wheat,1889045.3266666667,590862.0566666666,0.31278341939485277,1298183.27,48,False,True,2,"Russian Federation, Australia"
137,Mauritius,Wheat,154810.55,38848.0,0.250938970244599,115962.54999999999,13,False,True,2,"Russian Federation, Australia"
29,Burundi,Wheat,110166.27,27308.253333333334,0.24788216332760774,82858.01666666666,17,False,False,2,"Russian Federation, Australia"
35,Cabo Verde,Wheat,48784.573333333334,11993.0,0.24583591042304903,36791.573333333334,12,False,False,2,"Russian Federation, Australia"
214,"China, Taiwan Province of",Wheat,1292712.5783333334,312574.0466666667,0.2417970180731603,980138.5316666667,28,False,False,2,"Russian Federation, Australia"
251,Zambia,Wheat,82569.29666666666,19777.18,0.2395222049648883,62792.11666666666,17,False,False,2,"Russian Federation, Australia"
147,Namibia,Wheat,191745.43,45826.115,0.23899456169568162,145919.315,25,False,False,2,"Russian Federation, Australia"
181,Zimbabwe,Wheat,289315.57333333336,66682.3,0.2304829264174188,222633.27333333337,20,False,False,2,"Russian Federation, Australia"
110,Japan,Wheat,5170178.388333334,1170529.6666666667,0.22640024748623816,3999648.7216666667,24,False,False,2,"Russian Federation, Australia"
32,Cameroon,Wheat,1142038.15,252195.17,0.2208290239691205,889842.9799999999,33,False,False,2,"Russian Federation, Australia"
50,Cyprus,Wheat,59801.91333333333,11288.43,0.18876369284505615,48513.48333333333,31,False,False,2,"Russian Federation, Australia"
217,Togo,Wheat,214040.30166666667,39071.02333333334,0.1825404983505404,174969.27833333332,15,False,False,2,"Russian Federation, Australia"
46,Congo,Wheat,304476.0966666667,51758.05666666667,0.16999054189574095,252718.04,24,False,False,2,"Russian Federation, Australia"
121,Lebanon,Wheat,643999.76,107000.36,0.1661496892483314,536999.4,35,False,False,2,"Russian Federation, Australia"
84,Greece,Wheat,1114411.31,175504.17666666667,0.1574859973977352,938907.1333333334,42,False,False,2,"Russian Federation, Australia"
129,Madagascar,Wheat,377028.57333333336,56767.52333333333,0.15056557340322532,320261.05000000005,27,False,False,2,"Russian Federation, Australia"
38,Sri Lanka,Wheat,1047264.8899999999,152974.15000000002,0.14607015995733424,894290.7399999999,25,False,False,2,"Russian Federation, Australia"
157,Nicaragua,Wheat,162270.4916666667,22219.233333333334,0.13692713385607844,140051.25833333336,15,False,False,2,"Russian Federation, Australia"
53,Benin,Wheat,176118.51833333334,23851.76,0.13543016501454214,152266.75833333333,26,False,False,2,"Russian Federation, Australia"
222,Tunisia,Wheat,2063761.65,257364.30000000002,0.12470640686631619,1806397.3499999999,26,False,False,2,"Russian Federation, Australia"
75,Gambia,Wheat,75239.125,8775.64,0.11663665679259294,66463.485,25,False,False,2,"Russian Federation, Australia"
74,Gabon,Wheat,135714.97,15347.5,0.11308627191237636,120367.47,23,False,False,2,"Russian Federation, Australia"
112,Jordan,Wheat,797523.4083333332,78425.89333333333,0.09833679176543293,719097.5149999999,24,False,False,2,"Russian Federation, Australia"
7,Angola,Wheat,764724.5666666667,74123.65666666666,0.09692856735302997,690600.91,41,False,False,2,"Russian Federation, Australia"
133,Mali,Wheat,380548.6,33490.89,0.08800686692842911,347057.70999999996,21,False,False,2,"Russian Federation, Australia"
146,Republic of Moldova,Wheat,38321.009999999995,3231.1366666666668,0.0843176280235481,35089.87333333333,24,False,False,2,"Russian Federation, Australia"
236,Venezuela (Bolivarian Republic of),Wheat,947875.2799999999,75294.03,0.07943453277946019,872581.2499999999,22,False,False,2,"Russian Federation, Australia"
107,Côte d'Ivoire,Wheat,942426.3033333333,74233.33333333333,0.07876831649410916,868192.97,22,False,False,2,"Russian Federation, Australia"
119,Latvia,Wheat,736247.935,57991.71,0.07876655029259945,678256.2250000001,28,False,False,2,"Russian Federation, Australia"
81,Ghana,Wheat,285910.6683333333,22167.06666666667,0.07753144293595529,263743.6016666666,35,False,False,2,"Russian Federation, Australia"
168,Papua New Guinea,Wheat,36109.60666666667,2715.98,0.07521488741407872,33393.62666666666,18,False,False,2,"Russian Federation, Australia"
21,Brazil,Wheat,5670976.333333333,410138.83666666667,0.07232243842315454,5260837.496666666,17,False,False,2,"Russian Federation, Australia"
238,Ethiopia,Wheat,1550405.2083333335,109817.71,0.07083161834708533,1440587.4983333335,33,False,False,2,"Russian Federation, Australia"
70,French Polynesia,Wheat,17284.625,1217.6100000000001,0.07044468711354746,16067.015,19,False,False,2,"Russian Federation, Australia"
83,Kiribati,Wheat,3725.6800000000003,246.26,0.06609800090184878,3479.42,5,False,False,2,"Russian Federation, Australia"
136,Mauritania,Wheat,1121813.9483333332,72671.2,0.06478008239063777,1049142.7483333333,17,False,False,2,"Russian Federation, Australia"
162,Norway,Wheat,319872.61,19643.91,0.061411666350551244,300228.7,52,False,False,2,"Russian Federation, Australia"
138,Mexico,Wheat,4538461.473333334,258016.05,0.05685099488362444,4280445.423333334,6,False,False,2,"Russian Federation, Australia"
106,Italy,Wheat,7690994.831666667,422499.29666666663,0.05493428430442847,7268495.535,53,False,False,2,"Russian Federation, Australia"
233,Burkina Faso,Wheat,277433.055,14836.913333333332,0.05347925586348509,262596.14166666666,18,False,False,2,"Russian Federation, Australia"
134,Malta,Wheat,62867.19333333333,3145.535,0.0500346020431006,59721.658333333326,31,False,False,2,"Russian Federation, Australia"
170,Peru,Wheat,1969950.4766666666,92836.19333333334,0.04712615592774725,1877114.2833333332,16,False,False,2,"Russian Federation, Australia"
54,Denmark,Wheat,226129.63333333333,9142.94,0.04043229480906896,216986.69333333333,59,False,False,2,"Russian Federation, Australia"
49,Cuba,Wheat,533711.83,21561.8,0.040399704087503555,512150.02999999997,23,False,False,2,"Russian Federation, Australia"
143,Morocco,Wheat,6010951.550000001,213518.09999999998,0.03552151406044854,5797433.450000001,33,False,False,2,"Russian Federation, Australia"
244,Samoa,Wheat,10856.033333333333,348.84,0.032133283796107234,10507.193333333333,11,False,False,2,"Russian Federation, Australia"
219,Tonga,Wheat,3989.93,108.94999999999999,0.027306243467930515,3880.98,17,False,False,2,"Russian Federation, Australia"
58,Ecuador,Wheat,1494988.2983333333,30333.69,0.020290252461385206,1464654.6083333334,12,False,False,2,"Russian Federation, Australia"
96,"China, Hong Kong SAR",Wheat,165827.89500000002,3221.43,0.01942634560970577,162606.46500000003,27,False,False,2,"Russian Federation, Australia"
56,Dominican Republic,Wheat,616329.505,11721.45,0.01901815490725209,604608.055,15,False,False,2,"Russian Federation, Australia"
126,Lithuania,Wheat,211229.00666666665,3795.945,0.017970756289122036,207433.06166666665,23,False,False,2,"Russian Federation, Australia"
203,Spain,Wheat,6470927.093333334,105853.60833333334,0.016358337345878757,6365073.485,60,False,False,2,"Russian Federation, Australia"
229,United Kingdom of Great Britain and Northern Ireland,Wheat,1920833.05,24462.415,0.012735315544471708,1896370.635,71,False,False,2,"Russian Federation, Australia"
235,Uzbekistan,Wheat,3301487.6500000004,40053.09333333333,0.012131831943497751,3261434.556666667,13,False,False,2,"Russian Federation, Australia"
44,Colombia,Wheat,2038830.1449999998,18987.3,0.009312840526006644,2019842.8449999997,15,False,False,2,"Russian Federation, Australia"
208,Tajikistan,Wheat,1085642.8200000003,9475.806666666665,0.008728291194949977,1076167.0133333337,7,False,False,2,"Russian Federation, Australia"
272,Serbia,Wheat,7950.384999999999,47.66,0.005994678245141587,7902.724999999999,28,False,False,2,"Russian Federation, Australia"
37,Central African Republic,Wheat,13473.124999999998,64.61,0.004795472468339751,13408.514999999998,18,False,False,2,"Russian Federation, Australia"
20,Botswana,Wheat,125714.44499999998,565.62,0.004499244299252962,125148.82499999998,14,False,False,2,"Russian Federation, Australia"
72,Djibouti,Wheat,274732.36833333335,1063.515,0.003871094645497451,273668.85333333333,27,False,False,2,"Russian Federation, Australia"
154,North Macedonia,Wheat,130299.42333333334,418.84,0.003214442468624893,129880.58333333334,21,False,False,2,"Russian Federation, Australia"
196,Seychelles,Wheat,5123.785,12.085,0.002358607943151401,5111.7,35,False,False,2,"Russian Federation, Australia"
128,"China, Macao SAR",Wheat,10787.148333333334,24.560000000000002,0.0022767833760204467,10762.588333333335,26,False,False,2,"Russian Federation, Australia"
67,Finland,Wheat,49910.399999999994,104.905,0.0021018665448483687,49805.494999999995,30,False,False,2,"Russian Federation, Australia"
230,Ukraine,Wheat,51129.59166666667,93.37,0.0018261440578034476,51036.221666666665,31,False,False,2,"Russian Federation, Australia"
26,Brunei Darussalam,Wheat,14341.491666666667,13.280000000000001,0.0009259845704102142,14328.211666666666,19,False,False,2,"Russian Federation, Australia"
27,Bulgaria,Wheat,76722.895,28.369999999999997,0.000369772282445807,76694.52500000001,35,False,False,2,"Russian Federation, Australia"
231,United States of America,Wheat,2215946.768333333,679.5,0.00030664093998569665,2215267.268333333,73,False,False,2,"Russian Federation, Australia"
150,Netherlands (Kingdom of the),Wheat,5045586.116666667,1125.49,0.00022306427320351583,5044460.626666667,96,False,False,2,"Russian Federation, Australia"
173,Poland,Wheat,907960.6599999999,192.52,0.00021203561837139512,907768.1399999999,39,False,False,2,"Russian Federation, Australia"
132,Maldives,Wheat,24735.413333333334,4.8133333333333335,0.00019459279974298657,24730.600000000002,46,False,False,2,"Russian Federation, Australia"
220,Trinidad and Tobago,Wheat,121130.23166666666,20.3,0.00016758822071654864,121109.93166666666,16,False,False,2,"Russian Federation, Australia"
104,Ireland,Wheat,531042.1749999999,56.06,0.00010556600330284503,530986.1149999999,59,False,False,2,"Russian Federation, Australia"
10,Australia,Wheat,22742.556666666667,2.04,8.969967756483549e-05,22740.516666666666,41,False,False,2,"Russian Federation, Australia"
176,Timor-Leste,Wheat,16254.881666666668,1.0599999999999998,6.521117912372784e-05,16253.821666666669,10,False,False,2,"Russian Federation, Australia"
63,Estonia,Wheat,13043.01,0.33666666666666667,2.581203776326681e-05,13042.673333333334,19,False,False,2,"Russian Federation, Australia"
33,Canada,Wheat,304196.75666666665,6.8,2.2353952995795147e-05,304189.95666666667,80,False,False,2,"Russian Federation, Australia"
68,France,Wheat,579355.1166666667,9.036666666666669,1.559780246467718e-05,579346.0800000001,101,False,False,2,"Russian Federation, Australia"
99,Iceland,Wheat,43417.265,0.48,1.105550983001808e-05,43416.784999999996,40,False,False,2,"Russian Federation, Australia"
79,Germany,Wheat,4577278.135,48.053333333333335,1.049823321110753e-05,4577230.081666666,80,False,False,2,"Russian Federation, Australia"
11,Austria,Wheat,1306988.9566666668,10.223333333333333,7.82205027914454e-06,1306978.7333333334,55,False,False,2,"Russian Federation, Australia"
255,Belgium,Wheat,3981667.2350000003,29.276666666666664,7.352866258967184e-06,3981637.9583333335,77,False,False,2,"Russian Federation, Australia"
210,Sweden,Wheat,84913.53666666665,0.61,7.183778039944241e-06,84912.92666666665,65,False,False,2,"Russian Federation, Australia"
273,Montenegro,Wheat,61712.576666666675,0.2233333333333333,3.6189273790923106e-06,61712.35333333334,28,False,False,2,"Russian Federation, Australia"
167,Czechia,Wheat,167463.58666666667,0.47000000000000003,2.806580280258339e-06,167463.11666666667,40,False,False,2,"Russian Federation, Australia"
97,Hungary,Wheat,338191.67166666663,0.56,1.6558657321164176e-06,338191.11166666663,31,False,False,2,"Russian Federation, Australia"
109,Jamaica,Wheat,184641.23333333334,0.2,1.0831816728549439e-06,184641.03333333333,10,False,False,2,"Russian Federation, Australia"
211,Switzerland,Wheat,498749.30833333335,0.26,5.213039810898986e-07,498749.04833333334,68,False,False,2,"Russian Federation, Australia"
149,Nepal,Wheat,178732.435,0.01,5.594955386804863e-08,178732.425,9,False,False,2,"Russian Federation, Australia"
40,Chile,Wheat,1328367.3650000002,0.05,3.764018999367693e-08,1328367.3150000002,23,False,False,2,"Russian Federation, Australia"
108,Kazakhstan,Wheat,1905984.8166666667,1902839.2533333332,0.9983496388293194,3145.56333333347,22,True,True,3,"Russian Federation, Australia, Canada"
141,Mongolia,Wheat,97143.23666666666,96742.14,0.9958710798566145,401.09666666666453,12,True,True,3,"Russian Federation, Australia, Canada"
1,Armenia,Wheat,355089.5166666666,353205.1433333333,0.9946932442528226,1884.373333333293,20,True,True,3,"Russian Federation, Australia, Canada"
66,Fiji,Wheat,131472.305,130419.08666666667,0.9919890479342146,1053.2183333333232,9,True,True,3,"Russian Federation, Australia, Canada"
118,Kuwait,Wheat,452122.9066666667,445123.38833333337,0.9845185496462938,6999.518333333312,40,True,True,3,"Russian Federation, Australia, Canada"
156,New Zealand,Wheat,631362.475,619977.7533333333,0.9819680102675302,11384.721666666679,41,True,True,3,"Russian Federation, Australia, Canada"
57,Belarus,Wheat,224306.62999999998,218628.83,0.9746873286803872,5677.799999999988,12,True,True,3,"Russian Federation, Australia, Canada"
73,Georgia,Wheat,394533.45833333326,361705.1433333333,0.9167920633685167,32828.314999999944,24,True,True,3,"Russian Federation, Australia, Canada"
52,Azerbaijan,Wheat,1241345.8316666665,1078237.14,0.8686033436406096,163108.69166666665,20,True,True,3,"Russian Federation, Australia, Canada"
231,United States of America,Wheat,2215946.768333333,1922252.5366666664,0.8674633182242184,293694.2316666667,72,True,True,3,"Russian Federation, Australia, Canada"
13,Bahrain,Wheat,117401.04666666665,98355.35333333333,0.8377723719328568,19045.693333333315,45,True,True,3,"Russian Federation, Australia, Canada"
113,Kyrgyzstan,Wheat,306955.935,232002.87333333332,0.7558181708828445,74953.06166666668,9,True,True,3,"Russian Federation, Australia, Canada"
100,India,Wheat,50674.48833333333,38151.799999999996,0.7528798268083154,12522.688333333332,21,True,True,3,"Russian Federation, Australia, Canada"
131,Malaysia,Wheat,1704770.3416666666,1265037.1433333333,0.7420572216763058,439733.19833333325,35,True,True,3,"Russian Federation, Australia, Canada"
28,Myanmar,Wheat,387536.165,280560.5133333333,0.7239595647372248,106975.65166666667,16,True,True,3,"Russian Federation, Australia, Canada"
223,Türkiye,Wheat,10084583.318333331,7289900.551666666,0.7228757323482018,2794682.7666666657,81,True,True,3,"Russian Federation, Australia, Canada"
41,"China, mainland",Wheat,10653459.285,7555627.83,0.7092182574573006,3097831.455,20,True,True,3,"Russian Federation, Australia, Canada"
170,Peru,Wheat,1969950.4766666666,1390532.6033333333,0.7058718581018542,579417.8733333333,15,True,True,3,"Russian Federation, Australia, Canada"
48,Costa Rica,Wheat,267089.45,183655.91,0.6876194847830942,83433.54000000001,9,True,True,3,"Russian Federation, Australia, Canada"
237,Viet Nam,Wheat,4530319.218333333,3094672.4699999997,0.6831025190181862,1435646.748333333,29,True,True,3,"Russian Federation, Australia, Canada"
221,Oman,Wheat,1993362.9883333333,1356865.9966666666,0.6806918783021817,636496.9916666667,32,True,True,3,"Russian Federation, Australia, Canada"
81,Ghana,Wheat,285910.6683333333,184810.22333333333,0.6463914914775741,101100.44499999995,34,True,True,3,"Russian Federation, Australia, Canada"
101,Indonesia,Wheat,10831044.365,6782635.543333333,0.6262217487771626,4048408.8216666672,28,True,True,3,"Russian Federation, Australia, Canada"
184,Rwanda,Wheat,203761.075,126286.695,0.6197783114365686,77474.38,25,True,True,3,"Russian Federation, Australia, Canada"
110,Japan,Wheat,5170178.388333334,3039672.7333333334,0.5879241498112422,2130505.6550000003,23,True,True,3,"Russian Federation, Australia, Canada"
58,Ecuador,Wheat,1494988.2983333333,862483.7000000001,0.5769166895563851,632504.5983333333,11,True,True,3,"Russian Federation, Australia, Canada"
44,Colombia,Wheat,2038830.1449999998,1163406.9866666666,0.5706247720143782,875423.1583333332,14,True,True,3,"Russian Federation, Australia, Canada"
59,Egypt,Wheat,7545042.261666666,4293262.556666667,0.5690176950338651,3251779.704999999,31,True,True,3,"Russian Federation, Australia, Canada"
130,Malawi,Wheat,129700.72333333333,72223.51666666666,0.5568474470342841,57477.206666666665,19,True,True,3,"Russian Federation, Australia, Canada"
114,Kenya,Wheat,2067159.9800000002,1144649.61,0.553730539036461,922510.3700000001,29,True,True,3,"Russian Federation, Australia, Canada"
215,United Republic of Tanzania,Wheat,1090438.2049999998,576274.34,0.5284795941279405,514163.8649999999,26,True,True,3,"Russian Federation, Australia, Canada"
60,El Salvador,Wheat,324902.3666666667,171558.26333333334,0.5280302051765089,153344.10333333336,10,True,True,3,"Russian Federation, Australia, Canada"
226,Uganda,Wheat,702932.555,364812.2266666667,0.5189861019691522,338120.32833333337,27,True,True,3,"Russian Federation, Australia, Canada"
144,Mozambique,Wheat,775830.7166666667,396257.7233333334,0.5107528160728706,379572.9933333333,23,True,True,3,"Russian Federation, Australia, Canada"
225,United Arab Emirates,Wheat,1620812.0650000002,806001.3533333334,0.497282424494621,814810.7116666668,80,False,True,3,"Russian Federation, Australia, Canada"
157,Nicaragua,Wheat,162270.4916666667,80609.45333333334,0.49675977748881117,81661.03833333336,14,False,True,3,"Russian Federation, Australia, Canada"
217,Togo,Wheat,214040.30166666667,99058.52666666667,0.46280315387022014,114981.775,14,False,True,3,"Russian Federation, Australia, Canada"
117,Republic of Korea,Wheat,4574909.953333333,2109947.756666667,0.46119984397273966,2464962.1966666663,42,False,True,3,"Russian Federation, Australia, Canada"
216,Thailand,Wheat,3119897.8833333333,1429131.3966666667,0.4580699273207516,1690766.4866666666,41,False,True,3,"Russian Federation, Australia, Canada"
171,Philippines,Wheat,5964567.626666667,2723707.45,0.4566479283129798,3240860.1766666668,26,False,True,3,"Russian Federation, Australia, Canada"
250,Democratic Republic of the Congo,Wheat,572264.745,258497.6,0.4517098113391556,313767.145,27,False,True,3,"Russian Federation, Australia, Canada"
200,Singapore,Wheat,296938.3133333333,132754.19,0.447076662185302,164184.1233333333,49,False,True,3,"Russian Federation, Australia, Canada"
165,Pakistan,Wheat,2695318.6666666665,1169140.0,0.43376689163285087,1526178.6666666665,16,False,True,3,"Russian Federation, Australia, Canada"
56,Dominican Republic,Wheat,616329.505,263935.5133333333,0.4282376735044241,352393.9916666667,14,False,True,3,"Russian Federation, Australia, Canada"
89,Guatemala,Wheat,720883.4216666666,307560.86000000004,0.426644379321314,413322.5616666666,12,False,True,3,"Russian Federation, Australia, Canada"
105,Israel,Wheat,1904542.925,805048.1733333333,0.4226988863132782,1099494.7516666667,34,False,True,3,"Russian Federation, Australia, Canada"
209,Eswatini,Wheat,77077.04333333333,30733.283333333333,0.39873459079666307,46343.76,10,False,True,3,"Russian Federation, Australia, Canada"
115,Cambodia,Wheat,32405.605,12400.696666666665,0.38267135165866106,20004.908333333333,18,False,True,3,"Russian Federation, Australia, Canada"
3,Albania,Wheat,194643.43,73586.01,0.37805545247532885,121057.42,9,False,True,3,"Russian Federation, Australia, Canada"
194,Saudi Arabia,Wheat,3965680.4883333333,1481800.375,0.3736560167565996,2483880.1133333333,46,False,True,3,"Russian Federation, Australia, Canada"
102,Iran (Islamic Republic of),Wheat,6214463.955,2161900.0,0.34788197592820375,4052563.955,13,False,True,3,"Russian Federation, Australia, Canada"
195,Senegal,Wheat,964337.7383333334,335114.8,0.3475077109179399,629222.9383333335,32,False,True,3,"Russian Federation, Australia, Canada"
202,South Africa,Wheat,1889045.3266666667,624829.94,0.3307649272251978,1264215.3866666667,47,False,True,3,"Russian Federation, Australia, Canada"
236,Venezuela (Bolivarian Republic of),Wheat,947875.2799999999,312532.925,0.3297194595052632,635342.355,21,False,True,3,"Russian Federation, Australia, Canada"
179,Qatar,Wheat,191576.565,62876.765,0.328206975628778,128699.8,21,False,True,3,"Russian Federation, Australia, Canada"
299,Palestine,Wheat,81547.995,26442.23,0.3242535883316322,55105.765,8,False,True,3,"Russian Federation, Australia, Canada"
181,Zimbabwe,Wheat,289315.57333333336,89513.85,0.30939865755815055,199801.72333333336,19,False,True,3,"Russian Federation, Australia, Canada"
229,United Kingdom of Great Britain and Northern Ireland,Wheat,1920833.05,575374.265,0.2995441300846005,1345458.7850000001,70,False,True,3,"Russian Federation, Australia, Canada"
32,Cameroon,Wheat,1142038.15,341839.93,0.2993244402562209,800198.22,32,False,True,3,"Russian Federation, Australia, Canada"
147,Namibia,Wheat,191745.43,51034.735,0.26615880753976773,140710.695,24,False,True,3,"Russian Federation, Australia, Canada"
38,Sri Lanka,Wheat,1047264.8899999999,278339.51666666666,0.265777569098747,768925.3733333333,24,False,True,3,"Russian Federation, Australia, Canada"
29,Burundi,Wheat,110166.27,28917.463333333333,0.2624892658463732,81248.80666666667,16,False,True,3,"Russian Federation, Australia, Canada"
12,Bahamas,Wheat,4550.631666666666,1184.01,0.2601858569817597,3366.621666666666,11,False,True,3,"Russian Federation, Australia, Canada"
222,Tunisia,Wheat,2063761.65,527746.5333333333,0.2557206804057694,1536015.1166666667,25,False,True,3,"Russian Federation, Australia, Canada"
251,Zambia,Wheat,82569.29666666666,20875.523333333334,0.2528242842809731,61693.77333333333,16,False,True,3,"Russian Federation, Australia, Canada"
137,Mauritius,Wheat,154810.55,38848.0,0.250938970244599,115962.54999999999,13,False,True,3,"Russian Federation, Australia, Canada"
214,"China, Taiwan Province of",Wheat,1292712.5783333334,319087.2466666667,0.24683541571016432,973625.3316666667,27,False,False,3,"Russian Federation, Australia, Canada"
35,Cabo Verde,Wheat,48784.573333333334,11993.0,0.24583591042304903,36791.573333333334,12,False,False,3,"Russian Federation, Australia, Canada"
40,Chile,Wheat,1328367.3650000002,307223.315,0.23127887894174512,1021144.0500000003,22,False,False,3,"Russian Federation, Australia, Canada"
91,Guyana,Wheat,46054.42333333334,9616.03,0.20879709925800105,36438.39333333334,13,False,False,3,"Russian Federation, Australia, Canada"
106,Italy,Wheat,7690994.831666667,1508124.6166666667,0.19608966715946297,6182870.215,52,False,False,3,"Russian Federation, Australia, Canada"
50,Cyprus,Wheat,59801.91333333333,11288.43,0.18876369284505615,48513.48333333333,31,False,False,3,"Russian Federation, Australia, Canada"
143,Morocco,Wheat,6010951.550000001,1083629.9066666667,0.18027593429307653,4927321.6433333345,32,False,False,3,"Russian Federation, Australia, Canada"
220,Trinidad and Tobago,Wheat,121130.23166666666,21319.620000000003,0.1760057725198495,99810.61166666666,15,False,False,3,"Russian Federation, Australia, Canada"
46,Congo,Wheat,304476.0966666667,51758.05666666667,0.16999054189574095,252718.04,24,False,False,3,"Russian Federation, Australia, Canada"
166,Panama,Wheat,176217.82666666666,29857.96,0.16943779505622472,146359.86666666667,17,False,False,3,"Russian Federation, Australia, Canada"
121,Lebanon,Wheat,643999.76,107010.25,0.1661650463969117,536989.51,34,False,False,3,"Russian Federation, Australia, Canada"
84,Greece,Wheat,1114411.31,177249.01,0.15905169698968688,937162.3,41,False,False,3,"Russian Federation, Australia, Canada"
138,Mexico,Wheat,4538461.473333334,702936.2066666667,0.1548842511491864,3835525.266666667,5,False,False,3,"Russian Federation, Australia, Canada"
129,Madagascar,Wheat,377028.57333333336,56767.52333333333,0.15056557340322532,320261.05000000005,27,False,False,3,"Russian Federation, Australia, Canada"
74,Gabon,Wheat,135714.97,19492.206666666665,0.1436260617871902,116222.76333333334,22,False,False,3,"Russian Federation, Australia, Canada"
53,Benin,Wheat,176118.51833333334,23851.76,0.13543016501454214,152266.75833333333,26,False,False,3,"Russian Federation, Australia, Canada"
133,Mali,Wheat,380548.6,49107.19,0.12904314981056297,331441.41,20,False,False,3,"Russian Federation, Australia, Canada"
75,Gambia,Wheat,75239.125,8778.25,0.11667134619122697,66460.875,24,False,False,3,"Russian Federation, Australia, Canada"
112,Jordan,Wheat,797523.4083333332,78594.69666666666,0.09854845117451046,718928.7116666666,23,False,False,3,"Russian Federation, Australia, Canada"
7,Angola,Wheat,764724.5666666667,74130.44333333333,0.09693744200798744,690594.1233333333,40,False,False,3,"Russian Federation, Australia, Canada"
49,Cuba,Wheat,533711.83,49945.56,0.09358151195561845,483766.26999999996,22,False,False,3,"Russian Federation, Australia, Canada"
107,Côte d'Ivoire,Wheat,942426.3033333333,85345.80333333333,0.09055965758963624,857080.5,21,False,False,3,"Russian Federation, Australia, Canada"
146,Republic of Moldova,Wheat,38321.009999999995,3231.1366666666668,0.0843176280235481,35089.87333333333,24,False,False,3,"Russian Federation, Australia, Canada"
21,Brazil,Wheat,5670976.333333333,469278.3666666667,0.08275089492232644,5201697.966666667,16,False,False,3,"Russian Federation, Australia, Canada"
233,Burkina Faso,Wheat,277433.055,22512.623333333333,0.08114614653013619,254920.43166666667,17,False,False,3,"Russian Federation, Australia, Canada"
211,Switzerland,Wheat,498749.30833333335,39867.443333333336,0.07993483432901002,458881.865,67,False,False,3,"Russian Federation, Australia, Canada"
119,Latvia,Wheat,736247.935,57991.96,0.0787668898521257,678255.9750000001,27,False,False,3,"Russian Federation, Australia, Canada"
168,Papua New Guinea,Wheat,36109.60666666667,2715.98,0.07521488741407872,33393.62666666666,18,False,False,3,"Russian Federation, Australia, Canada"
136,Mauritania,Wheat,1121813.9483333332,82202.11499999999,0.07327606785610642,1039611.8333333333,16,False,False,3,"Russian Federation, Australia, Canada"
238,Ethiopia,Wheat,1550405.2083333335,109817.71,0.07083161834708533,1440587.4983333335,33,False,False,3,"Russian Federation, Australia, Canada"
70,French Polynesia,Wheat,17284.625,1217.6100000000001,0.07044468711354746,16067.015,19,False,False,3,"Russian Federation, Australia, Canada"
83,Kiribati,Wheat,3725.6800000000003,246.26,0.06609800090184878,3479.42,5,False,False,3,"Russian Federation, Australia, Canada"
162,Norway,Wheat,319872.61,19643.91,0.061411666350551244,300228.7,52,False,False,3,"Russian Federation, Australia, Canada"
109,Jamaica,Wheat,184641.23333333334,10142.383333333333,0.0549302187286805,174498.85,9,False,False,3,"Russian Federation, Australia, Canada"
203,Spain,Wheat,6470927.093333334,330082.1583333333,0.05101002585447148,6140844.9350000005,59,False,False,3,"Russian Federation, Australia, Canada"
134,Malta,Wheat,62867.19333333333,3145.535,0.0500346020431006,59721.658333333326,31,False,False,3,"Russian Federation, Australia, Canada"
54,Denmark,Wheat,226129.63333333333,9245.243333333334,0.04088470492368021,216884.38999999998,58,False,False,3,"Russian Federation, Australia, Canada"
174,Portugal,Wheat,1453938.5816666665,58252.48333333334,0.040065298540023504,1395686.0983333332,37,False,False,3,"Russian Federation, Australia, Canada"
244,Samoa,Wheat,10856.033333333333,348.84,0.032133283796107234,10507.193333333333,11,False,False,3,"Russian Federation, Australia, Canada"
19,Bolivia (Plurinational State of),Wheat,225795.63,6985.15,0.03093571828648765,218810.48,10,False,False,3,"Russian Federation, Australia, Canada"
255,Belgium,Wheat,3981667.2350000003,116605.27666666666,0.029285540399175684,3865061.9583333335,76,False,False,3,"Russian Federation, Australia, Canada"
219,Tonga,Wheat,3989.93,108.94999999999999,0.027306243467930515,3880.98,17,False,False,3,"Russian Federation, Australia, Canada"
96,"China, Hong Kong SAR",Wheat,165827.89500000002,3562.2549999999997,0.02148163914159315,162265.64,26,False,False,3,"Russian Federation, Australia, Canada"
126,Lithuania,Wheat,211229.00666666665,3795.945,0.017970756289122036,207433.06166666665,23,False,False,3,"Russian Federation, Australia, Canada"
235,Uzbekistan,Wheat,3301487.6500000004,40053.09333333333,0.012131831943497751,3261434.556666667,13,False,False,3,"Russian Federation, Australia, Canada"
99,Iceland,Wheat,43417.265,411.85666666666674,0.009486011306024614,43005.40833333333,39,False,False,3,"Russian Federation, Australia, Canada"
208,Tajikistan,Wheat,1085642.8200000003,9475.806666666665,0.008728291194949977,1076167.0133333337,7,False,False,3,"Russian Federation, Australia, Canada"
272,Serbia,Wheat,7950.384999999999,53.959999999999994,0.006787092700542174,7896.424999999999,27,False,False,3,"Russian Federation, Australia, Canada"
37,Central African Republic,Wheat,13473.124999999998,64.61,0.004795472468339751,13408.514999999998,18,False,False,3,"Russian Federation, Australia, Canada"
20,Botswana,Wheat,125714.44499999998,565.62,0.004499244299252962,125148.82499999998,14,False,False,3,"Russian Federation, Australia, Canada"
72,Djibouti,Wheat,274732.36833333335,1063.515,0.003871094645497451,273668.85333333333,27,False,False,3,"Russian Federation, Australia, Canada"
154,North Macedonia,Wheat,130299.42333333334,418.86999999999995,0.003214672707556367,129880.55333333334,20,False,False,3,"Russian Federation, Australia, Canada"
132,Maldives,Wheat,24735.413333333334,78.51333333333334,0.0031741265963617076,24656.9,45,False,False,3,"Russian Federation, Australia, Canada"
196,Seychelles,Wheat,5123.785,12.111666666666668,0.0023638124290278903,5111.673333333333,34,False,False,3,"Russian Federation, Australia, Canada"
128,"China, Macao SAR",Wheat,10787.148333333334,24.560000000000002,0.0022767833760204467,10762.588333333335,26,False,False,3,"Russian Federation, Australia, Canada"
230,Ukraine,Wheat,51129.59166666667,114.14333333333335,0.0022324319364308114,51015.448333333334,30,False,False,3,"Russian Federation, Australia, Canada"
67,Finland,Wheat,49910.399999999994,104.905,0.0021018665448483687,49805.494999999995,30,False,False,3,"Russian Federation, Australia, Canada"
68,France,Wheat,579355.1166666667,793.7566666666665,0.0013700693129864187,578561.36,100,False,False,3,"Russian Federation, Australia, Canada"
10,Australia,Wheat,22742.556666666667,24.38,0.0010719990877601417,22718.176666666666,40,False,False,3,"Russian Federation, Australia, Canada"
191,Saint Vincent and the Grenadines,Wheat,24903.558333333334,26.313333333333333,0.0010566093801187045,24877.245000000003,9,False,False,3,"Russian Federation, Australia, Canada"
26,Brunei Darussalam,Wheat,14341.491666666667,13.280000000000001,0.0009259845704102142,14328.211666666666,19,False,False,3,"Russian Federation, Australia, Canada"
104,Ireland,Wheat,531042.1749999999,352.6766666666666,0.0006641217652188674,530689.4983333333,58,False,False,3,"Russian Federation, Australia, Canada"
8,Antigua and Barbuda,Wheat,3987.8266666666664,2.41,0.0006043392056491924,3985.4166666666665,16,False,False,3,"Russian Federation, Australia, Canada"
150,Netherlands (Kingdom of the),Wheat,5045586.116666667,2863.7266666666665,0.0005675706648246782,5042722.390000001,95,False,False,3,"Russian Federation, Australia, Canada"
27,Bulgaria,Wheat,76722.895,28.444999999999997,0.00037074982637190626,76694.45,34,False,False,3,"Russian Federation, Australia, Canada"
173,Poland,Wheat,907960.6599999999,192.535,0.00021205213891095238,907768.1249999999,38,False,False,3,"Russian Federation, Australia, Canada"
176,Timor-Leste,Wheat,16254.881666666668,1.0599999999999998,6.521117912372784e-05,16253.821666666669,10,False,False,3,"Russian Federation, Australia, Canada"
63,Estonia,Wheat,13043.01,0.33666666666666667,2.581203776326681e-05,13042.673333333334,19,False,False,3,"Russian Federation, Australia, Canada"
33,Canada,Wheat,304196.75666666665,6.8,2.2353952995795147e-05,304189.95666666667,80,False,False,3,"Russian Federation, Australia, Canada"
23,Belize,Wheat,20870.82,0.44000000000000006,2.1082065774128666e-05,20870.38,3,False,False,3,"Russian Federation, Australia, Canada"
169,Paraguay,Wheat,630.9233333333333,0.01,1.5849786292048165e-05,630.9133333333333,10,False,False,3,"Russian Federation, Australia, Canada"
79,Germany,Wheat,4577278.135,64.16,1.4017063876761773e-05,4577213.975,79,False,False,3,"Russian Federation, Australia, Canada"
14,Barbados,Wheat,23636.095,0.21000000000000002,8.884716362834048e-06,23635.885000000002,18,False,False,3,"Russian Federation, Australia, Canada"
11,Austria,Wheat,1306988.9566666668,10.408333333333333,7.963596999226875e-06,1306978.5483333333,54,False,False,3,"Russian Federation, Australia, Canada"
210,Sweden,Wheat,84913.53666666665,0.62,7.301544893058081e-06,84912.91666666666,64,False,False,3,"Russian Federation, Australia, Canada"
273,Montenegro,Wheat,61712.576666666675,0.2233333333333333,3.6189273790923106e-06,61712.35333333334,28,False,False,3,"Russian Federation, Australia, Canada"
167,Czechia,Wheat,167463.58666666667,0.47000000000000003,2.806580280258339e-06,167463.11666666667,40,False,False,3,"Russian Federation, Australia, Canada"
55,Dominica,Wheat,3812.4866666666667,0.01,2.622959992865549e-06,3812.4766666666665,10,False,False,3,"Russian Federation, Australia, Canada"
234,Uruguay,Wheat,7739.349999999999,0.02,2.5841963472384632e-06,7739.329999999999,9,False,False,3,"Russian Federation, Australia, Canada"
95,Honduras,Wheat,288189.365,0.58,2.012565592071727e-06,288188.785,8,False,False,3,"Russian Federation, Australia, Canada"
97,Hungary,Wheat,338191.67166666663,0.56,1.6558657321164176e-06,338191.11166666663,31,False,False,3,"Russian Federation, Australia, Canada"
86,Grenada,Wheat,17974.788333333334,0.01,5.563347848416945e-07,17974.778333333335,16,False,False,3,"Russian Federation, Australia, Canada"
80,Bosnia and Herzegovina,Wheat,313720.25,0.03,9.56265972630074e-08,313720.22,20,False,False,3,"Russian Federation, Australia, Canada"
256,Luxembourg,Wheat,159353.12166666667,0.01,6.27537126063831e-08,159353.11166666666,19,False,False,3,"Russian Federation, Australia, Canada"
149,Nepal,Wheat,178732.435,0.01,5.594955386804863e-08,178732.425,9,False,False,3,"Russian Federation, Australia, Canada"
18,Bhutan,Rice,178790.71,178716.99,0.9995876743260318,73.72000000000116,2,True,True,1,India
149,Nepal,Rice,1370628.835,1364318.415,0.995395967282419,6310.4199999999255,18,True,True,1,India
38,Sri Lanka,Rice,642346.7666666666,607683.3366666667,0.9460362660812024,34663.429999999935,21,True,True,1,India
238,Ethiopia,Rice,1622988.455,1525156.0933333335,0.9397208517625182,97832.36166666658,30,True,True,1,India
118,Kuwait,Rice,377129.48000000004,346521.39666666667,0.9188393245382637,30608.083333333372,32,True,True,1,India
132,Maldives,Rice,58444.37499999999,51981.909999999996,0.8894253724160794,6462.4649999999965,46,True,True,1,India
179,Qatar,Rice,328933.33499999996,285035.7166666667,0.8665455468861698,43897.61833333329,21,True,True,1,India
196,Seychelles,Rice,12227.388333333334,10288.446666666667,0.8414263443828901,1938.9416666666675,31,True,True,1,India
59,Egypt,Rice,390780.10833333334,326559.77,0.8356611890834686,64220.33833333332,22,True,True,1,India
233,Burkina Faso,Rice,598254.925,481220.7333333334,0.8043740439467897,117034.19166666665,13,True,True,1,India
217,Togo,Rice,391536.82166666666,312949.32666666666,0.7992845355758005,78587.495,16,True,True,1,India
13,Bahrain,Rice,128786.82166666667,100725.52666666667,0.7821105091588499,28061.295,47,True,True,1,India
129,Madagascar,Rice,1193238.7216666664,927301.2599999999,0.7771297085505102,265937.46166666655,25,True,True,1,India
72,Djibouti,Rice,941153.77,725792.4633333334,0.7711730925046747,215361.30666666664,27,True,True,1,India
194,Saudi Arabia,Rice,2436291.665,1834191.0033333332,0.7528618308240747,602100.6616666669,45,True,True,1,India
185,Russian Federation,Rice,347945.98999999993,260679.65999999997,0.7491957588015313,87266.32999999996,21,True,True,1,India
52,Azerbaijan,Rice,100689.05333333333,75203.44,0.746887943727481,25485.613333333327,36,True,True,1,India
46,Congo,Rice,211692.30166666667,152673.33666666667,0.7212040091427983,59018.965,22,True,True,1,India
133,Mali,Rice,706084.9349999999,502622.2949999999,0.7118439582626133,203462.64,28,True,True,1,India
225,United Arab Emirates,Rice,1213173.0716666665,855692.8766666666,0.705334545128923,357480.19499999995,70,True,True,1,India
53,Benin,Rice,2937718.1933333334,1962505.2766666666,0.6680372818333115,975212.9166666667,33,True,True,1,India
299,Palestine,Rice,93808.38666666666,62129.27333333332,0.662299774476454,31679.113333333335,22,True,True,1,India
137,Mauritius,Rice,91806.035,59482.81,0.6479182986172968,32323.225000000006,20,True,True,1,India
237,Viet Nam,Rice,1092159.58,706794.89,0.6471534956457553,385364.69000000006,15,True,True,1,India
221,Oman,Rice,429075.5316666667,267142.14666666667,0.6225993489514563,161933.385,28,True,True,1,India
195,Senegal,Rice,1489134.8283333331,904575.5599999999,0.6074504086459501,584559.2683333332,28,True,True,1,India
143,Morocco,Rice,127616.95666666667,74396.21333333333,0.5829649544743101,53220.74333333333,26,True,True,1,India
209,Eswatini,Rice,77558.85333333333,43500.02333333334,0.5608647042057009,34058.829999999994,11,True,True,1,India
7,Angola,Rice,902366.0266666667,485797.2,0.5383593637656453,416568.8266666667,40,True,True,1,India
158,Niger,Rice,1368628.5716666665,712341.5733333332,0.520478373811727,656286.9983333333,12,True,True,1,India
32,Cameroon,Rice,1511014.0033333334,770410.8133333334,0.5098634503940986,740603.1900000001,33,True,True,1,India
102,Iran (Islamic Republic of),Rice,2591336.34,1306648.5,0.5042373233572606,1284687.8399999999,3,True,True,1,India
147,Namibia,Rice,35142.636666666665,17463.27,0.49692543464059946,17679.366666666665,36,False,True,1,India
114,Kenya,Rice,1461968.586666667,703694.4233333333,0.48133347716983316,758274.1633333336,28,False,True,1,India
73,Georgia,Rice,21404.343333333334,10138.136666666667,0.4736485725716416,11266.206666666667,30,False,True,1,India
107,Côte d'Ivoire,Rice,2570650.4883333333,1217132.7266666666,0.47347266078781003,1353517.7616666667,25,False,True,1,India
176,Timor-Leste,Rice,228947.52166666667,104841.33666666667,0.45792737088156443,124106.185,16,False,True,1,India
75,Gambia,Rice,228819.095,92029.34666666668,0.40219259964587606,136789.74833333332,50,False,True,1,India
200,Singapore,Rice,766455.05,305971.84,0.3992038933007226,460483.21,33,False,True,1,India
230,Ukraine,Rice,150432.36333333334,57281.833333333336,0.3807813163608035,93150.53,38,False,True,1,India
144,Mozambique,Rice,2367776.39,886913.2733333334,0.37457644948192653,1480863.1166666667,32,False,True,1,India
112,Jordan,Rice,407029.9216666667,151069.87666666668,0.3711517719583867,255960.045,32,False,True,1,India
216,Thailand,Rice,16353.101666666666,6032.423333333333,0.3688855763447933,10320.678333333333,33,False,True,1,India
91,Guyana,Rice,191.21833333333333,63.81666666666666,0.3337371765259607,127.40166666666667,9,False,True,1,India
136,Mauritania,Rice,49900.276666666665,15805.676666666666,0.31674527121860313,34094.6,17,False,True,1,India
184,Rwanda,Rice,400168.59500000003,117098.025,0.2926217261002203,283070.57000000007,25,False,True,1,India
250,Democratic Republic of the Congo,Rice,347865.1333333333,101428.47333333333,0.2915741292075454,246436.65999999997,29,False,True,1,India
37,Central African Republic,Rice,38795.02166666667,11009.773333333333,0.2837934575196568,27785.248333333337,13,False,True,1,India
10,Australia,Rice,434797.99166666664,116800.55,0.26863176058445076,317997.44166666665,46,False,True,1,India
57,Belarus,Rice,53333.66,14318.4,0.2684683556313217,39015.26,15,False,True,1,India
108,Kazakhstan,Rice,30285.485,7278.31,0.2403233760331063,23007.175,20,False,False,1,India
121,Lebanon,Rice,130551.33333333331,31272.746666666662,0.23954367885940142,99278.58666666666,44,False,False,1,India
33,Canada,Rice,1135966.3116666665,268870.26666666666,0.23668859182292626,867096.0449999999,98,False,False,1,India
229,United Kingdom of Great Britain and Northern Ireland,Rice,920762.5116666667,211307.30000000002,0.2294916412458126,709455.2116666667,73,False,False,1,India
131,Malaysia,Rice,2505617.803333333,570855.1,0.227830078170967,1934762.7033333331,16,False,False,1,India
105,Israel,Rice,347346.57833333337,77538.45000000001,0.22323078687589587,269808.12833333336,29,False,False,1,India
231,United States of America,Rice,2295418.248333333,495579.8666666667,0.21589959347343318,1799838.3816666664,70,False,False,1,India
193,Sao Tome and Principe,Rice,20906.076666666668,4453.566666666667,0.21302737656977883,16452.510000000002,22,False,False,1,India
202,South Africa,Rice,2132549.51,453178.14666666667,0.21250533436228017,1679371.363333333,53,False,False,1,India
115,Cambodia,Rice,14089.263333333332,2948.6199999999994,0.2092813463869296,11140.643333333333,11,False,False,1,India
134,Malta,Rice,8183.841666666666,1654.68,0.20218866241506384,6529.161666666666,23,False,False,1,India
146,Republic of Moldova,Rice,19035.95333333333,3617.1200000000003,0.1900151747938025,15418.83333333333,36,False,False,1,India
41,"China, mainland",Rice,6813513.54,1282834.1966666665,0.18827792579196467,5530679.343333334,16,False,False,1,India
272,Serbia,Rice,23919.413333333334,4488.813333333333,0.18766402297492243,19430.600000000002,28,False,False,1,India
150,Netherlands (Kingdom of the),Rice,661761.2833333333,120468.41666666667,0.18204210445775804,541292.8666666667,90,False,False,1,India
50,Cyprus,Rice,16792.286666666667,2967.9133333333334,0.1767426552587835,13824.373333333333,37,False,False,1,India
156,New Zealand,Rice,106374.715,18512.06333333333,0.17402691356995253,87862.65166666667,40,False,False,1,India
181,Zimbabwe,Rice,252287.31833333336,39788.003333333334,0.15770908976393191,212499.31500000003,23,False,False,1,India
80,Bosnia and Herzegovina,Rice,14326.873333333333,2231.77,0.15577509119226293,12095.103333333333,29,False,False,1,India
130,Malawi,Rice,1789.9466666666667,271.37666666666667,0.15161159364152377,1518.5700000000002,23,False,False,1,India
223,Türkiye,Rice,1038401.9666666667,155907.65,0.15014190554788048,882494.3166666667,54,False,False,1,India
66,Fiji,Rice,86703.76666666666,12562.896666666667,0.14489447401939096,74140.87,18,False,False,1,India
113,Kyrgyzstan,Rice,16644.936666666665,2404.4166666666665,0.14445333826242657,14240.519999999999,18,False,False,1,India
104,Ireland,Rice,55937.815,7846.790000000001,0.14027702011599846,48091.025,57,False,False,1,India
45,Comoros,Rice,64256.6,8909.84,0.13866030882430755,55346.759999999995,7,False,False,1,India
1,Armenia,Rice,19397.673333333336,2639.0033333333336,0.13604741599593903,16758.670000000002,22,False,False,1,India
29,Burundi,Rice,19669.428333333337,2514.795,0.12785297861139328,17154.63333333334,19,False,False,1,India
99,Iceland,Rice,3462.5933333333332,419.02666666666664,0.12101526986516849,3043.5666666666666,45,False,False,1,India
236,Venezuela (Bolivarian Republic of),Rice,856376.47,97268.6,0.11358158871413178,759107.87,19,False,False,1,India
168,Papua New Guinea,Rice,588894.73,66646.25,0.1131717548228017,522248.48,23,False,False,1,India
211,Switzerland,Rice,135450.33166666667,13189.966666666667,0.09737862214413921,122260.36499999999,69,False,False,1,India
273,Montenegro,Rice,3591.8283333333334,347.3933333333334,0.09671768834535059,3244.435,36,False,False,1,India
81,Ghana,Rice,1170137.2883333333,112335.82333333332,0.09600225926766003,1057801.465,77,False,False,1,India
28,Myanmar,Rice,2708.27,240.86,0.0889350027877575,2467.41,5,False,False,1,India
26,Brunei Darussalam,Rice,51312.53666666666,4462.246666666667,0.08696211406686126,46850.28999999999,17,False,False,1,India
251,Zambia,Rice,60122.541666666664,5024.97,0.08357880190527542,55097.57166666666,32,False,False,1,India
210,Sweden,Rice,134514.49333333332,10658.25,0.07923495629268995,123856.24333333332,58,False,False,1,India
162,Norway,Rice,55702.235,4298.233333333334,0.07716446805650318,51404.00166666666,54,False,False,1,India
106,Italy,Rice,446204.33666666667,34217.90333333333,0.07668662207309637,411986.43333333335,57,False,False,1,India
101,Indonesia,Rice,2268413.5166666666,163317.13,0.07199618975996375,2105096.3866666667,15,False,False,1,India
84,Greece,Rice,46567.121666666666,3190.5866666666666,0.0685158659688114,43376.534999999996,38,False,False,1,India
35,Cabo Verde,Rice,82655.01333333334,5272.48,0.06378899219018938,77382.53333333334,23,False,False,1,India
215,United Republic of Tanzania,Rice,213824.11,12618.966666666667,0.059015639848409365,201205.1433333333,21,False,False,1,India
63,Estonia,Rice,7987.675,385.0566666666667,0.04820635124321741,7602.618333333334,25,False,False,1,India
79,Germany,Rice,400578.5083333333,16372.673333333334,0.04087257052669722,384205.83499999996,70,False,False,1,India
222,Tunisia,Rice,40056.06166666667,1588.1566666666668,0.0396483478551332,38467.905,16,False,False,1,India
255,Belgium,Rice,713247.5283333333,25954.153333333332,0.03638870420480975,687293.375,72,False,False,1,India
68,France,Rice,977469.6733333333,33829.74333333334,0.034609506827939035,943639.93,85,False,False,1,India
208,Tajikistan,Rice,53678.354999999996,1846.3400000000001,0.03439635957547507,51832.015,11,False,False,1,India
9,Argentina,Rice,3749.6549999999997,105.91333333333334,0.02824615420174212,3643.7416666666663,13,False,False,1,India
40,Chile,Rice,349213.61,9618.294999999998,0.027542726642297816,339595.315,27,False,False,1,India
203,Spain,Rice,455592.2783333333,12102.470000000001,0.02656425619036776,443489.80833333335,52,False,False,1,India
3,Albania,Rice,26217.885000000002,675.92,0.025780874391660498,25541.965000000004,9,False,False,1,India
174,Portugal,Rice,222503.89166666666,5623.496666666666,0.0252737002689878,216880.395,46,False,False,1,India
54,Denmark,Rice,76635.55166666667,1915.93,0.025000537718231776,74719.62166666667,44,False,False,1,India
11,Austria,Rice,74639.48,1591.1066666666666,0.021317226039981343,73048.37333333332,45,False,False,1,India
23,Belize,Rice,291.72,5.21,0.01785959138900315,286.51000000000005,7,False,False,1,India
117,Republic of Korea,Rice,417349.32,6666.813333333333,0.0159741804139835,410682.50666666665,28,False,False,1,India
74,Gabon,Rice,167755.005,2503.5666666666666,0.01492394618370204,165251.43833333332,20,False,False,1,India
220,Trinidad and Tobago,Rice,27710.348333333335,406.7133333333333,0.014677308579484353,27303.635000000002,21,False,False,1,India
67,Finland,Rice,65397.4,700.5166666666668,0.010711689863307512,64696.88333333333,32,False,False,1,India
109,Jamaica,Rice,138828.52333333332,1435.256666666667,0.010338341373988062,137393.26666666666,13,False,False,1,India
154,North Macedonia,Rice,599.76,6.0,0.010004001600640256,593.76,16,False,False,1,India
235,Uzbekistan,Rice,99262.265,957.14,0.009642536365657182,98305.125,21,False,False,1,India
119,Latvia,Rice,15616.935,148.16333333333333,0.009487350324076608,15468.771666666666,32,False,False,1,India
20,Botswana,Rice,75275.47166666666,707.5099999999999,0.009398944760292988,74567.96166666667,20,False,False,1,India
198,Slovenia,Rice,41310.03666666667,369.9466666666667,0.008955370087220936,40940.09,31,False,False,1,India
27,Bulgaria,Rice,125444.48999999999,1119.8033333333333,0.008926684092169639,124324.68666666666,38,False,False,1,India
21,Brazil,Rice,1347013.2366666666,11992.246666666668,0.008902842481594918,1335020.99,16,False,False,1,India
256,Luxembourg,Rice,6815.174999999999,59.455000000000005,0.00872391391270217,6755.719999999999,15,False,False,1,India
173,Poland,Rice,299122.51166666666,2548.766666666667,0.008520811932426329,296573.745,43,False,False,1,India
56,Dominican Republic,Rice,54490.19499999999,400.16,0.007343706514538993,54090.03499999999,11,False,False,1,India
207,Suriname,Rice,464.16166666666663,3.175,0.0068402891234016884,460.9866666666666,7,False,False,1,India
19,Bolivia (Plurinational State of),Rice,12212.276666666667,78.77,0.0064500667770655915,12133.506666666666,11,False,False,1,India
226,Uganda,Rice,707634.595,3759.7033333333334,0.005313057558093713,703874.8916666666,29,False,False,1,India
214,"China, Taiwan Province of",Rice,184153.83666666667,908.1133333333333,0.0049312756647969915,183245.72333333333,10,False,False,1,India
126,Lithuania,Rice,44495.715,193.40666666666667,0.004346635775302559,44302.30833333333,33,False,False,1,India
171,Philippines,Rice,6000174.996666667,25248.23,0.004207915604799257,5974926.766666667,18,False,False,1,India
169,Paraguay,Rice,1482.5616666666667,6.0566666666666675,0.004085271326544034,1476.505,12,False,False,1,India
167,Czechia,Rice,191640.2,674.59,0.0035200860779732016,190965.61000000002,48,False,False,1,India
234,Uruguay,Rice,2199.83,7.666666666666667,0.0034851177894049392,2192.1633333333334,13,False,False,1,India
96,"China, Hong Kong SAR",Rice,553793.5633333334,1913.0133333333333,0.003454379862811575,551880.55,23,False,False,1,India
141,Mongolia,Rice,114962.25833333333,386.04333333333335,0.003358000607590709,114576.215,21,False,False,1,India
83,Kiribati,Rice,15297.329999999998,50.8,0.003320840957212795,15246.529999999999,7,False,False,1,India
120,Lao People's Democratic Republic,Rice,137566.58333333334,452.0133333333333,0.0032857785835828587,137114.57,11,False,False,1,India
183,Romania,Rice,122772.80166666665,402.57,0.0032789835740084728,122370.23166666664,34,False,False,1,India
98,Croatia,Rice,26772.466666666667,74.67333333333333,0.0027891839128258633,26697.793333333335,25,False,False,1,India
110,Japan,Rice,680264.9466666668,1744.6666666666667,0.002564687002050632,678520.2800000001,17,False,False,1,India
157,Nicaragua,Rice,107725.635,275.69,0.0025591865854399467,107449.94499999999,16,False,False,1,India
89,Guatemala,Rice,110053.64,222.74666666666667,0.0020239827293914736,109830.89333333333,23,False,False,1,India
70,French Polynesia,Rice,22167.965,26.445,0.0011929376467348265,22141.52,23,False,False,1,India
97,Hungary,Rice,85056.425,96.64999999999999,0.0011363045178538833,84959.77500000001,34,False,False,1,India
44,Colombia,Rice,146570.39666666667,165.97666666666666,0.0011324023843923552,146404.42,11,False,False,1,India
219,Tonga,Rice,736.155,0.8,0.0010867276592565426,735.355,19,False,False,1,India
138,Mexico,Rice,903525.8833333333,691.13,0.0007649255132019553,902834.7533333333,8,False,False,1,India
128,"China, Macao SAR",Rice,56023.74166666667,31.813333333333333,0.0005678544914514665,55991.92833333334,31,False,False,1,India
199,Slovakia,Rice,61236.55333333334,20.990000000000002,0.00034276912819935547,61215.56333333334,29,False,False,1,India
58,Ecuador,Rice,35265.09166666667,11.56,0.00032780291936478263,35253.53166666667,9,False,False,1,India
48,Costa Rica,Rice,201275.22833333333,36.81666666666667,0.00018291702844671143,201238.41166666665,18,False,False,1,India
60,El Salvador,Rice,96108.40833333334,17.34,0.00018042125866718736,96091.06833333334,20,False,False,1,India
170,Peru,Rice,332791.73666666663,38.7,0.00011628894511513364,332753.0366666666,15,False,False,1,India
14,Barbados,Rice,6509.724999999999,0.18666666666666668,2.8675046436933464e-05,6509.538333333333,17,False,False,1,India
191,Saint Vincent and the Grenadines,Rice,2316.8966666666665,0.02,8.632236511770775e-06,2316.8766666666666,23,False,False,1,India
166,Panama,Rice,127057.78166666666,0.94,7.3982088123187105e-06,127056.84166666666,13,False,False,1,India
95,Honduras,Rice,131426.53,0.74,5.630522239307391e-06,131425.79,18,False,False,1,India
49,Cuba,Rice,774739.81,4.0,5.1630236995308136e-06,774735.81,28,False,False,1,India
18,Bhutan,Rice,178790.71,178736.71,0.9996979708845052,54.0,1,True,True,2,"India, Thailand"
149,Nepal,Rice,1370628.835,1364370.665,0.9954340884707858,6258.1699999999255,17,True,True,2,"India, Thailand"
202,South Africa,Rice,2132549.51,2081267.7233333332,0.9759528271553861,51281.78666666662,52,True,True,2,"India, Thailand"
38,Sri Lanka,Rice,642346.7666666666,608300.7833333333,0.9469975018166461,34045.98333333328,20,True,True,2,"India, Thailand"
238,Ethiopia,Rice,1622988.455,1530117.4700000002,0.9427777907391215,92870.98499999987,29,True,True,2,"India, Thailand"
118,Kuwait,Rice,377129.48000000004,352263.9066666667,0.934066216904249,24865.573333333363,31,True,True,2,"India, Thailand"
7,Angola,Rice,902366.0266666667,827675.8766666667,0.9172285438583001,74690.15000000002,39,True,True,2,"India, Thailand"
132,Maldives,Rice,58444.37499999999,52843.35333333333,0.904164914644623,5601.02166666666,45,True,True,2,"India, Thailand"
233,Burkina Faso,Rice,598254.925,538558.5033333334,0.9002157455424765,59696.42166666663,12,True,True,2,"India, Thailand"
46,Congo,Rice,211692.30166666667,189808.9166666667,0.8966264487290717,21883.38499999998,21,True,True,2,"India, Thailand"
59,Egypt,Rice,390780.10833333334,348085.50333333336,0.8907451938070969,42694.60499999998,21,True,True,2,"India, Thailand"
179,Qatar,Rice,328933.33499999996,288881.5833333333,0.8782374803494251,40051.75166666665,20,True,True,2,"India, Thailand"
217,Togo,Rice,391536.82166666666,336665.9633333333,0.8598577316438263,54870.85833333334,15,True,True,2,"India, Thailand"
196,Seychelles,Rice,12227.388333333334,10295.82,0.8420293622254847,1931.5683333333345,30,True,True,2,"India, Thailand"
53,Benin,Rice,2937718.1933333334,2365469.53,0.8052064133884735,572248.6633333336,32,True,True,2,"India, Thailand"
231,United States of America,Rice,2295418.248333333,1835377.74,0.7995831440882892,460040.50833333307,69,True,True,2,"India, Thailand"
13,Bahrain,Rice,128786.82166666667,102562.47,0.7963739509424185,26224.35166666667,46,True,True,2,"India, Thailand"
32,Cameroon,Rice,1511014.0033333334,1196513.75,0.7918614568498119,314500.2533333334,32,True,True,2,"India, Thailand"
195,Senegal,Rice,1489134.8283333331,1167117.4666666666,0.7837554024392309,322017.3616666666,27,True,True,2,"India, Thailand"
185,Russian Federation,Rice,347945.98999999993,271711.6,0.7809016566048083,76234.38999999996,20,True,True,2,"India, Thailand"
120,Lao People's Democratic Republic,Rice,137566.58333333334,107364.22,0.7804527625713367,30202.363333333342,10,True,True,2,"India, Thailand"
129,Madagascar,Rice,1193238.7216666664,927384.4533333333,0.7771994291620046,265854.2683333332,24,True,True,2,"India, Thailand"
72,Djibouti,Rice,941153.77,729803.0433333333,0.7754344365356294,211350.72666666668,26,True,True,2,"India, Thailand"
194,Saudi Arabia,Rice,2436291.665,1873023.2533333332,0.7688009117468836,563268.4116666669,44,True,True,2,"India, Thailand"
52,Azerbaijan,Rice,100689.05333333333,76997.69,0.764707656403298,23691.363333333327,35,True,True,2,"India, Thailand"
209,Eswatini,Rice,77558.85333333333,58337.21000000001,0.752166999546495,19221.643333333326,10,True,True,2,"India, Thailand"
136,Mauritania,Rice,49900.276666666665,37085.91,0.7432004886011655,12814.366666666661,16,True,True,2,"India, Thailand"
143,Morocco,Rice,127616.95666666667,94811.59,0.7429388106131246,32805.36666666667,25,True,True,2,"India, Thailand"
222,Tunisia,Rice,40056.06166666667,29138.173333333332,0.7274348031469394,10917.888333333336,15,True,True,2,"India, Thailand"
225,United Arab Emirates,Rice,1213173.0716666665,880788.3966666666,0.7260203982739517,332384.67499999993,69,True,True,2,"India, Thailand"
133,Mali,Rice,706084.9349999999,507156.0199999999,0.7182648925939766,198928.91500000004,27,True,True,2,"India, Thailand"
158,Niger,Rice,1368628.5716666665,971921.2399999999,0.7101424448683175,396707.33166666667,11,True,True,2,"India, Thailand"
299,Palestine,Rice,93808.38666666666,66612.56,0.7100917345130052,27195.82666666666,21,True,True,2,"India, Thailand"
237,Viet Nam,Rice,1092159.58,733684.1166666667,0.6717737316983171,358475.4633333334,14,True,True,2,"India, Thailand"
137,Mauritius,Rice,91806.035,60993.299999999996,0.6643713564146408,30812.735000000008,19,True,True,2,"India, Thailand"
200,Singapore,Rice,766455.05,503472.83666666667,0.6568850145441232,262982.2133333334,32,True,True,2,"India, Thailand"
221,Oman,Rice,429075.5316666667,276061.38666666666,0.6433864583103955,153014.14500000002,27,True,True,2,"India, Thailand"
250,Democratic Republic of the Congo,Rice,347865.1333333333,218156.49,0.6271295082366213,129708.64333333331,28,True,True,2,"India, Thailand"
128,"China, Macao SAR",Rice,56023.74166666667,35086.64,0.6262816255429803,20937.10166666667,30,True,True,2,"India, Thailand"
102,Iran (Islamic Republic of),Rice,2591336.34,1610435.3,0.6214690370914955,980901.0399999998,2,True,True,2,"India, Thailand"
1,Armenia,Rice,19397.673333333336,11755.216666666667,0.6060116831881212,7642.456666666669,21,True,True,2,"India, Thailand"
10,Australia,Rice,434797.99166666664,261370.0466666667,0.6011298388586931,173427.94499999995,45,True,True,2,"India, Thailand"
144,Mozambique,Rice,2367776.39,1395609.53,0.589417791263642,972166.8600000001,31,True,True,2,"India, Thailand"
96,"China, Hong Kong SAR",Rice,553793.5633333334,320291.61666666664,0.5783592260242292,233501.9466666667,22,True,True,2,"India, Thailand"
26,Brunei Darussalam,Rice,51312.53666666666,28198.786666666663,0.5495496519661439,23113.749999999996,16,True,True,2,"India, Thailand"
105,Israel,Rice,347346.57833333337,185960.53000000003,0.5353745843482639,161386.04833333334,28,True,True,2,"India, Thailand"
73,Georgia,Rice,21404.343333333334,11247.936666666666,0.5254978623497443,10156.406666666668,29,True,True,2,"India, Thailand"
107,Côte d'Ivoire,Rice,2570650.4883333333,1335707.75,0.5195991271711148,1234942.7383333333,24,True,True,2,"India, Thailand"
147,Namibia,Rice,35142.636666666665,18167.57,0.5169666172837913,16975.066666666666,35,True,True,2,"India, Thailand"
176,Timor-Leste,Rice,228947.52166666667,116606.15666666668,0.5093139066009982,112341.36499999999,15,True,True,2,"India, Thailand"
114,Kenya,Rice,1461968.586666667,729113.4433333334,0.49872032134133215,732855.1433333335,27,False,True,2,"India, Thailand"
33,Canada,Rice,1135966.3116666665,552805.82,0.48663927294545783,583160.4916666666,97,False,True,2,"India, Thailand"
99,Iceland,Rice,3462.5933333333332,1669.1933333333334,0.4820645027137656,1793.3999999999999,44,False,True,2,"India, Thailand"
101,Indonesia,Rice,2268413.5166666666,1087338.9033333333,0.47933892799718886,1181074.6133333333,14,False,True,2,"India, Thailand"
156,New Zealand,Rice,106374.715,49026.77333333333,0.4608874706111629,57347.941666666666,39,False,True,2,"India, Thailand"
110,Japan,Rice,680264.9466666668,309989.7666666667,0.45568975468401324,370275.18000000005,16,False,True,2,"India, Thailand"
230,Ukraine,Rice,150432.36333333334,65059.46,0.43248313433618635,85372.90333333335,37,False,True,2,"India, Thailand"
75,Gambia,Rice,228819.095,96963.22666666668,0.42375496095143056,131855.86833333332,49,False,True,2,"India, Thailand"
35,Cabo Verde,Rice,82655.01333333334,33617.23333333334,0.4067174146807147,49037.78,22,False,True,2,"India, Thailand"
162,Norway,Rice,55702.235,22576.256666666668,0.40530252810621814,33125.97833333333,53,False,True,2,"India, Thailand"
131,Malaysia,Rice,2505617.803333333,1005962.54,0.40148283535570506,1499655.2633333332,15,False,True,2,"India, Thailand"
70,French Polynesia,Rice,22167.965,8804.5,0.39717222577715183,13363.465,22,False,True,2,"India, Thailand"
112,Jordan,Rice,407029.9216666667,160100.1366666667,0.3933375119232123,246929.785,31,False,True,2,"India, Thailand"
216,Thailand,Rice,16353.101666666666,6032.423333333333,0.3688855763447933,10320.678333333333,33,False,True,2,"India, Thailand"
168,Papua New Guinea,Rice,588894.73,214288.62,0.363882726544352,374606.11,22,False,True,2,"India, Thailand"
134,Malta,Rice,8183.841666666666,2905.4733333333334,0.35502560431582153,5278.368333333333,22,False,True,2,"India, Thailand"
66,Fiji,Rice,86703.76666666666,30671.8,0.35375395071263727,56031.96666666666,17,False,True,2,"India, Thailand"
41,"China, mainland",Rice,6813513.54,2314874.1133333333,0.3397474885378056,4498639.426666667,15,False,True,2,"India, Thailand"
121,Lebanon,Rice,130551.33333333331,44299.37999999999,0.33932537392698653,86251.95333333332,43,False,True,2,"India, Thailand"
91,Guyana,Rice,191.21833333333333,63.81666666666666,0.3337371765259607,127.40166666666667,9,False,True,2,"India, Thailand"
211,Switzerland,Rice,135450.33166666667,44528.04,0.32874072327545306,90922.29166666666,68,False,True,2,"India, Thailand"
115,Cambodia,Rice,14089.263333333332,4332.896666666666,0.3075318108659099,9756.366666666667,10,False,True,2,"India, Thailand"
184,Rwanda,Rice,400168.59500000003,121878.305,0.3045673911517219,278290.29000000004,24,False,True,2,"India, Thailand"
229,United Kingdom of Great Britain and Northern Ireland,Rice,920762.5116666667,278362.9066666667,0.30231781066195196,642399.605,72,False,True,2,"India, Thailand"
181,Zimbabwe,Rice,252287.31833333336,75850.11333333334,0.3006497268052006,176437.20500000002,22,False,True,2,"India, Thailand"
193,Sao Tome and Principe,Rice,20906.076666666668,6262.266666666666,0.29954289207460094,14643.810000000001,21,False,True,2,"India, Thailand"
150,Netherlands (Kingdom of the),Rice,661761.2833333333,191674.24666666667,0.2896425818403751,470087.0366666666,89,False,True,2,"India, Thailand"
37,Central African Republic,Rice,38795.02166666667,11207.048333333332,0.2888785171877508,27587.973333333335,12,False,True,2,"India, Thailand"
57,Belarus,Rice,53333.66,14318.4,0.2684683556313217,39015.26,15,False,True,2,"India, Thailand"
223,Türkiye,Rice,1038401.9666666667,278753.2166666667,0.2684444228871036,759648.75,53,False,True,2,"India, Thailand"
50,Cyprus,Rice,16792.286666666667,4443.22,0.26459886543146993,12349.066666666666,36,False,True,2,"India, Thailand"
108,Kazakhstan,Rice,30285.485,7989.31,0.2637999688629718,22296.175,19,False,True,2,"India, Thailand"
214,"China, Taiwan Province of",Rice,184153.83666666667,48521.71333333333,0.2634846724435156,135632.12333333335,9,False,True,2,"India, Thailand"
74,Gabon,Rice,167755.005,42101.45,0.2509698592897422,125653.55500000001,19,False,True,2,"India, Thailand"
215,United Republic of Tanzania,Rice,213824.11,52618.78166666667,0.24608441801379027,161205.3283333333,20,False,False,2,"India, Thailand"
100,India,Rice,15182.521666666667,3671.7233333333334,0.24183883375543785,11510.798333333334,32,False,False,2,"India, Thailand"
104,Ireland,Rice,55937.815,12655.93,0.22624998849168493,43281.885,56,False,False,2,"India, Thailand"
207,Suriname,Rice,464.16166666666663,99.345,0.2140310308549105,364.8166666666666,6,False,False,2,"India, Thailand"
272,Serbia,Rice,23919.413333333334,4916.153333333333,0.20552984577102223,19003.260000000002,27,False,False,2,"India, Thailand"
210,Sweden,Rice,134514.49333333332,26606.69666666667,0.19779799192889952,107907.79666666665,57,False,False,2,"India, Thailand"
146,Republic of Moldova,Rice,19035.95333333333,3694.196666666667,0.19406417960680022,15341.756666666664,35,False,False,2,"India, Thailand"
154,North Macedonia,Rice,599.76,110.43,0.18412364945978393,489.33,15,False,False,2,"India, Thailand"
80,Bosnia and Herzegovina,Rice,14326.873333333333,2427.7433333333333,0.16945381430049172,11899.13,28,False,False,2,"India, Thailand"
251,Zambia,Rice,60122.541666666664,10083.26,0.16771180526438711,50039.28166666666,31,False,False,2,"India, Thailand"
106,Italy,Rice,446204.33666666667,72376.17666666667,0.1622041085645806,373828.16000000003,56,False,False,2,"India, Thailand"
130,Malawi,Rice,1789.9466666666667,275.01166666666666,0.1536423804061201,1514.935,22,False,False,2,"India, Thailand"
68,France,Rice,977469.6733333333,150016.89666666667,0.15347473252554653,827452.7766666666,84,False,False,2,"India, Thailand"
81,Ghana,Rice,1170137.2883333333,177073.1133333333,0.15132678455666054,993064.175,76,False,False,2,"India, Thailand"
113,Kyrgyzstan,Rice,16644.936666666665,2468.4166666666665,0.148298351390543,14176.519999999999,17,False,False,2,"India, Thailand"
45,Comoros,Rice,64256.6,9163.04,0.14260076007756403,55093.56,6,False,False,2,"India, Thailand"
29,Burundi,Rice,19669.428333333337,2530.895,0.12867150773827774,17138.533333333336,18,False,False,2,"India, Thailand"
28,Myanmar,Rice,2708.27,328.31,0.12122498864588833,2379.96,4,False,False,2,"India, Thailand"
117,Republic of Korea,Rice,417349.32,47725.986666666664,0.1143550124070327,369623.3333333334,27,False,False,2,"India, Thailand"
236,Venezuela (Bolivarian Republic of),Rice,856376.47,97268.6,0.11358158871413178,759107.87,19,False,False,2,"India, Thailand"
273,Montenegro,Rice,3591.8283333333334,349.97,0.09743505744753021,3241.8583333333336,35,False,False,2,"India, Thailand"
255,Belgium,Rice,713247.5283333333,67839.81333333332,0.09511398306820162,645407.715,71,False,False,2,"India, Thailand"
235,Uzbekistan,Rice,99262.265,8683.66,0.08748198522369,90578.605,20,False,False,2,"India, Thailand"
84,Greece,Rice,46567.121666666666,3992.673333333333,0.08574017870190459,42574.448333333334,37,False,False,2,"India, Thailand"
54,Denmark,Rice,76635.55166666667,5988.34,0.07814049575902882,70647.21166666667,43,False,False,2,"India, Thailand"
203,Spain,Rice,455592.2783333333,35569.47,0.07807303084705851,420022.80833333335,51,False,False,2,"India, Thailand"
171,Philippines,Rice,6000174.996666667,447959.8933333333,0.07465780474439372,5552215.1033333335,17,False,False,2,"India, Thailand"
67,Finland,Rice,65397.4,4821.0199999999995,0.07371883285879866,60576.380000000005,31,False,False,2,"India, Thailand"
208,Tajikistan,Rice,53678.354999999996,3303.6566666666668,0.06154541559007661,50374.69833333333,10,False,False,2,"India, Thailand"
79,Germany,Rice,400578.5083333333,24227.333333333336,0.06048086162718708,376351.175,69,False,False,2,"India, Thailand"
63,Estonia,Rice,7987.675,419.86333333333334,0.0525638979219026,7567.8116666666665,24,False,False,2,"India, Thailand"
109,Jamaica,Rice,138828.52333333332,5947.723333333334,0.04284222860350241,132880.8,12,False,False,2,"India, Thailand"
174,Portugal,Rice,222503.89166666666,9260.16,0.04161796870444251,213243.73166666666,45,False,False,2,"India, Thailand"
167,Czechia,Rice,191640.2,7804.9766666666665,0.040727241292101896,183835.22333333336,47,False,False,2,"India, Thailand"
11,Austria,Rice,74639.48,2960.7299999999996,0.03966707699464144,71678.75,44,False,False,2,"India, Thailand"
173,Poland,Rice,299122.51166666666,10339.723333333333,0.034566851139761816,288782.78833333333,42,False,False,2,"India, Thailand"
9,Argentina,Rice,3749.6549999999997,129.33,0.034491173187933294,3620.325,12,False,False,2,"India, Thailand"
119,Latvia,Rice,15616.935,513.1133333333333,0.032856212395923616,15103.821666666667,31,False,False,2,"India, Thailand"
126,Lithuania,Rice,44495.715,1397.3733333333334,0.03140467196298191,43098.34166666666,32,False,False,2,"India, Thailand"
220,Trinidad and Tobago,Rice,27710.348333333335,863.27,0.031153343495200856,26847.078333333335,20,False,False,2,"India, Thailand"
3,Albania,Rice,26217.885000000002,804.4,0.030681345959065725,25413.485,8,False,False,2,"India, Thailand"
40,Chile,Rice,349213.61,9824.439999999999,0.028133038686550618,339389.17,26,False,False,2,"India, Thailand"
170,Peru,Rice,332791.73666666663,8704.893333333335,0.026157179924369323,324086.8433333333,14,False,False,2,"India, Thailand"
20,Botswana,Rice,75275.47166666666,1845.2666666666664,0.024513518491625523,73430.205,19,False,False,2,"India, Thailand"
21,Brazil,Rice,1347013.2366666666,31189.756666666668,0.023154751429057353,1315823.48,15,False,False,2,"India, Thailand"
12,Bahamas,Rice,6604.985,123.46666666666665,0.018692951863882607,6481.518333333333,26,False,False,2,"India, Thailand"
23,Belize,Rice,291.72,5.2299999999999995,0.017928150281091456,286.49,6,False,False,2,"India, Thailand"
89,Guatemala,Rice,110053.64,1120.7066666666667,0.010183276688228275,108932.93333333333,22,False,False,2,"India, Thailand"
56,Dominican Republic,Rice,54490.19499999999,553.7633333333333,0.010162623446903309,53936.43166666666,10,False,False,2,"India, Thailand"
27,Bulgaria,Rice,125444.48999999999,1212.0366666666666,0.009661936260944316,124232.45333333332,37,False,False,2,"India, Thailand"
219,Tonga,Rice,736.155,6.875,0.009339065821735913,729.28,18,False,False,2,"India, Thailand"
198,Slovenia,Rice,41310.03666666667,369.9466666666667,0.008955370087220936,40940.09,31,False,False,2,"India, Thailand"
256,Luxembourg,Rice,6815.174999999999,59.455000000000005,0.00872391391270217,6755.719999999999,15,False,False,2,"India, Thailand"
141,Mongolia,Rice,114962.25833333333,796.5566666666666,0.006928853679588033,114165.70166666666,20,False,False,2,"India, Thailand"
19,Bolivia (Plurinational State of),Rice,12212.276666666667,78.77,0.0064500667770655915,12133.506666666666,11,False,False,2,"India, Thailand"
97,Hungary,Rice,85056.425,532.6833333333333,0.006262705413886526,84523.74166666667,33,False,False,2,"India, Thailand"
226,Uganda,Rice,707634.595,3775.92,0.005335974282037469,703858.6749999999,28,False,False,2,"India, Thailand"
44,Colombia,Rice,146570.39666666667,660.1766666666666,0.0045041610153246266,145910.22,10,False,False,2,"India, Thailand"
169,Paraguay,Rice,1482.5616666666667,6.0566666666666675,0.004085271326544034,1476.505,12,False,False,2,"India, Thailand"
166,Panama,Rice,127057.78166666666,495.15999999999997,0.0038971245484124813,126562.62166666666,12,False,False,2,"India, Thailand"
234,Uruguay,Rice,2199.83,7.666666666666667,0.0034851177894049392,2192.1633333333334,13,False,False,2,"India, Thailand"
183,Romania,Rice,122772.80166666665,408.93,0.0033307865785311493,122363.87166666666,33,False,False,2,"India, Thailand"
83,Kiribati,Rice,15297.329999999998,50.8,0.003320840957212795,15246.529999999999,7,False,False,2,"India, Thailand"
98,Croatia,Rice,26772.466666666667,74.67333333333333,0.0027891839128258633,26697.793333333335,25,False,False,2,"India, Thailand"
157,Nicaragua,Rice,107725.635,275.73,0.0025595578991017324,107449.905,15,False,False,2,"India, Thailand"
8,Antigua and Barbuda,Rice,1606.31,3.66,0.0022785141099787715,1602.6499999999999,23,False,False,2,"India, Thailand"
48,Costa Rica,Rice,201275.22833333333,365.95,0.0018181571722971671,200909.27833333332,17,False,False,2,"India, Thailand"
138,Mexico,Rice,903525.8833333333,1209.88,0.0013390651251034998,902316.0033333333,7,False,False,2,"India, Thailand"
60,El Salvador,Rice,96108.40833333334,100.15,0.0010420524253471058,96008.25833333335,19,False,False,2,"India, Thailand"
191,Saint Vincent and the Grenadines,Rice,2316.8966666666665,2.2866666666666666,0.0009869523745124585,2314.6099999999997,22,False,False,2,"India, Thailand"
199,Slovakia,Rice,61236.55333333334,20.990000000000002,0.00034276912819935547,61215.56333333334,29,False,False,2,"India, Thailand"
58,Ecuador,Rice,35265.09166666667,11.56,0.00032780291936478263,35253.53166666667,9,False,False,2,"India, Thailand"
14,Barbados,Rice,6509.724999999999,0.18666666666666668,2.8675046436933464e-05,6509.538333333333,17,False,False,2,"India, Thailand"
244,Samoa,Rice,33472.91,0.35,1.0456216683879589e-05,33472.560000000005,12,False,False,2,"India, Thailand"
95,Honduras,Rice,131426.53,1.24,9.43492915775833e-06,131425.29,17,False,False,2,"India, Thailand"
49,Cuba,Rice,774739.81,4.0,5.1630236995308136e-06,774735.81,28,False,False,2,"India, Thailand"
18,Bhutan,Rice,178790.71,178736.71,0.9996979708845052,54.0,1,True,True,3,"India, Thailand, Viet Nam"
149,Nepal,Rice,1370628.835,1364474.71,0.9955099988831039,6154.125,16,True,True,3,"India, Thailand, Viet Nam"
202,South Africa,Rice,2132549.51,2092940.4599999997,0.9814264335649586,39609.05000000005,51,True,True,3,"India, Thailand, Viet Nam"
70,French Polynesia,Rice,22167.965,21152.395,0.9541874953339199,1015.5699999999997,21,True,True,3,"India, Thailand, Viet Nam"
38,Sri Lanka,Rice,642346.7666666666,608476.11,0.9472704488847483,33870.65666666662,19,True,True,3,"India, Thailand, Viet Nam"
118,Kuwait,Rice,377129.48000000004,357051.69333333336,0.9467615560929719,20077.78666666668,30,True,True,3,"India, Thailand, Viet Nam"
238,Ethiopia,Rice,1622988.455,1530948.1866666668,0.9432896345936526,92040.26833333331,28,True,True,3,"India, Thailand, Viet Nam"
200,Singapore,Rice,766455.05,720971.9633333334,0.9406578550605588,45483.08666666667,31,True,True,3,"India, Thailand, Viet Nam"
179,Qatar,Rice,328933.33499999996,306120.55333333334,0.930646184988619,22812.78166666662,19,True,True,3,"India, Thailand, Viet Nam"
217,Togo,Rice,391536.82166666666,362891.32666666666,0.9268383114567262,28645.494999999995,14,True,True,3,"India, Thailand, Viet Nam"
120,Lao People's Democratic Republic,Rice,137566.58333333334,127117.50333333333,0.9240434722822098,10449.080000000016,9,True,True,3,"India, Thailand, Viet Nam"
7,Angola,Rice,902366.0266666667,830843.2366666667,0.9207386050822363,71522.79000000004,38,True,True,3,"India, Thailand, Viet Nam"
233,Burkina Faso,Rice,598254.925,547712.5666666668,0.9155170208864837,50542.35833333328,11,True,True,3,"India, Thailand, Viet Nam"
171,Philippines,Rice,6000174.996666667,5447453.583333334,0.9078824511551093,552721.4133333331,16,True,True,3,"India, Thailand, Viet Nam"
132,Maldives,Rice,58444.37499999999,53047.35,0.907655356054368,5397.024999999994,44,True,True,3,"India, Thailand, Viet Nam"
46,Congo,Rice,211692.30166666667,191257.16333333333,0.9034677304160509,20435.138333333336,20,True,True,3,"India, Thailand, Viet Nam"
59,Egypt,Rice,390780.10833333334,348709.9033333334,0.8923430233452049,42070.20499999996,20,True,True,3,"India, Thailand, Viet Nam"
128,"China, Macao SAR",Rice,56023.74166666667,49259.81333333333,0.879266751343069,6763.928333333337,29,True,True,3,"India, Thailand, Viet Nam"
101,Indonesia,Rice,2268413.5166666666,1938420.69,0.8545270409287736,329992.82666666666,13,True,True,3,"India, Thailand, Viet Nam"
81,Ghana,Rice,1170137.2883333333,994448.6166666666,0.8498563600883908,175688.67166666675,75,True,True,3,"India, Thailand, Viet Nam"
196,Seychelles,Rice,12227.388333333334,10305.295,0.8428042619621824,1922.0933333333342,29,True,True,3,"India, Thailand, Viet Nam"
107,Côte d'Ivoire,Rice,2570650.4883333333,2165610.0233333334,0.8424365868334728,405040.46499999985,23,True,True,3,"India, Thailand, Viet Nam"
13,Bahrain,Rice,128786.82166666667,106963.06333333334,0.8305435443556576,21823.75833333333,45,True,True,3,"India, Thailand, Viet Nam"
115,Cambodia,Rice,14089.263333333332,11554.693333333333,0.8201062795097638,2534.5699999999997,9,True,True,3,"India, Thailand, Viet Nam"
231,United States of America,Rice,2295418.248333333,1880298.98,0.819153102649269,415119.2683333331,68,True,True,3,"India, Thailand, Viet Nam"
96,"China, Hong Kong SAR",Rice,553793.5633333334,452029.64999999997,0.8162421521824718,101763.91333333339,21,True,True,3,"India, Thailand, Viet Nam"
53,Benin,Rice,2937718.1933333334,2368772.8833333333,0.8063308756806125,568945.31,31,True,True,3,"India, Thailand, Viet Nam"
32,Cameroon,Rice,1511014.0033333334,1216096.0766666667,0.8048211823212289,294917.92666666675,31,True,True,3,"India, Thailand, Viet Nam"
225,United Arab Emirates,Rice,1213173.0716666665,965718.3899999999,0.7960268922498325,247454.68166666664,68,True,True,3,"India, Thailand, Viet Nam"
185,Russian Federation,Rice,347945.98999999993,275873.25999999995,0.7928623060147927,72072.72999999998,19,True,True,3,"India, Thailand, Viet Nam"
194,Saudi Arabia,Rice,2436291.665,1920265.2466666666,0.7881918549627622,516026.41833333345,43,True,True,3,"India, Thailand, Viet Nam"
195,Senegal,Rice,1489134.8283333331,1171904.2,0.7869698416171063,317230.6283333332,26,True,True,3,"India, Thailand, Viet Nam"
129,Madagascar,Rice,1193238.7216666664,927687.1666666665,0.7774531196665421,265551.55499999993,23,True,True,3,"India, Thailand, Viet Nam"
72,Djibouti,Rice,941153.77,729940.7633333334,0.7755807675650425,211213.0066666666,25,True,True,3,"India, Thailand, Viet Nam"
10,Australia,Rice,434797.99166666664,336794.0833333333,0.7745989857090532,98003.90833333333,44,True,True,3,"India, Thailand, Viet Nam"
52,Azerbaijan,Rice,100689.05333333333,77867.53666666667,0.7733465961675543,22821.516666666663,34,True,True,3,"India, Thailand, Viet Nam"
136,Mauritania,Rice,49900.276666666665,38088.31,0.7632885535771579,11811.966666666667,15,True,True,3,"India, Thailand, Viet Nam"
209,Eswatini,Rice,77558.85333333333,58337.780000000006,0.7521743488041942,19221.073333333326,9,True,True,3,"India, Thailand, Viet Nam"
143,Morocco,Rice,127616.95666666667,95541.365,0.7486572905006067,32075.59166666666,24,True,True,3,"India, Thailand, Viet Nam"
66,Fiji,Rice,86703.76666666666,63589.5,0.7334110436570807,23114.266666666663,16,True,True,3,"India, Thailand, Viet Nam"
176,Timor-Leste,Rice,228947.52166666667,167108.59,0.7298990999487633,61838.93166666667,14,True,True,3,"India, Thailand, Viet Nam"
222,Tunisia,Rice,40056.06166666667,29140.873333333333,0.7275022086752828,10915.188333333335,14,True,True,3,"India, Thailand, Viet Nam"
133,Mali,Rice,706084.9349999999,511909.4549999999,0.7249969934566016,194175.48000000004,26,True,True,3,"India, Thailand, Viet Nam"
299,Palestine,Rice,93808.38666666666,66868.37,0.7128186761979632,26940.016666666663,20,True,True,3,"India, Thailand, Viet Nam"
158,Niger,Rice,1368628.5716666665,973591.0066666666,0.7113624739552694,395037.56499999994,10,True,True,3,"India, Thailand, Viet Nam"
144,Mozambique,Rice,2367776.39,1641143.3233333335,0.6931158407797678,726633.0666666667,30,True,True,3,"India, Thailand, Viet Nam"
131,Malaysia,Rice,2505617.803333333,1712741.5033333334,0.683560557821228,792876.2999999998,14,True,True,3,"India, Thailand, Viet Nam"
237,Viet Nam,Rice,1092159.58,733684.1166666667,0.6717737316983171,358475.4633333334,14,True,True,3,"India, Thailand, Viet Nam"
137,Mauritius,Rice,91806.035,61193.415,0.6665511150764761,30612.620000000003,18,True,True,3,"India, Thailand, Viet Nam"
221,Oman,Rice,429075.5316666667,278787.66333333333,0.649740296889997,150287.86833333335,26,True,True,3,"India, Thailand, Viet Nam"
156,New Zealand,Rice,106374.715,68607.23999999999,0.6449581557045769,37767.475000000006,38,True,True,3,"India, Thailand, Viet Nam"
74,Gabon,Rice,167755.005,107797.09,0.6425864313258492,59957.91500000001,18,True,True,3,"India, Thailand, Viet Nam"
250,Democratic Republic of the Congo,Rice,347865.1333333333,218453.34,0.6279828561912021,129411.7933333333,27,True,True,3,"India, Thailand, Viet Nam"
102,Iran (Islamic Republic of),Rice,2591336.34,1610435.3,0.6214690370914955,980901.0399999998,2,True,True,3,"India, Thailand, Viet Nam"
1,Armenia,Rice,19397.673333333336,11758.736666666668,0.6061931482504259,7638.936666666668,20,True,True,3,"India, Thailand, Viet Nam"
41,"China, mainland",Rice,6813513.54,3951728.75,0.5799839872336997,2861784.79,14,True,True,3,"India, Thailand, Viet Nam"
73,Georgia,Rice,21404.343333333334,12083.316666666668,0.56452638973741,9321.026666666667,28,True,True,3,"India, Thailand, Viet Nam"
105,Israel,Rice,347346.57833333337,192174.62666666668,0.5532647754550357,155171.9516666667,27,True,True,3,"India, Thailand, Viet Nam"
26,Brunei Darussalam,Rice,51312.53666666666,28353.966666666664,0.5525738641778315,22958.569999999996,15,True,True,3,"India, Thailand, Viet Nam"
33,Canada,Rice,1135966.3116666665,610240.1,0.5371991173793421,525726.2116666666,96,True,True,3,"India, Thailand, Viet Nam"
162,Norway,Rice,55702.235,29776.640000000003,0.5345681371672071,25925.594999999998,52,True,True,3,"India, Thailand, Viet Nam"
99,Iceland,Rice,3462.5933333333332,1808.2466666666667,0.522223227677136,1654.3466666666666,43,True,True,3,"India, Thailand, Viet Nam"
147,Namibia,Rice,35142.636666666665,18195.895,0.5177726182753695,16946.741666666665,34,True,True,3,"India, Thailand, Viet Nam"
114,Kenya,Rice,1461968.586666667,729468.55,0.4989632175772057,732500.0366666669,26,False,True,3,"India, Thailand, Viet Nam"
168,Papua New Guinea,Rice,588894.73,291406.2966666667,0.49483597291941583,297488.4333333333,21,False,True,3,"India, Thailand, Viet Nam"
214,"China, Taiwan Province of",Rice,184153.83666666667,90212.24666666667,0.4898743805699695,93941.59,8,False,True,3,"India, Thailand, Viet Nam"
230,Ukraine,Rice,150432.36333333334,71118.25,0.4727589756893845,79314.11333333334,36,False,True,3,"India, Thailand, Viet Nam"
216,Thailand,Rice,16353.101666666666,7716.9366666666665,0.4718943735546193,8636.164999999999,32,False,True,3,"India, Thailand, Viet Nam"
35,Cabo Verde,Rice,82655.01333333334,38100.3,0.46095570569141525,44554.71333333333,21,False,True,3,"India, Thailand, Viet Nam"
110,Japan,Rice,680264.9466666668,310364.8666666667,0.45624115748940247,369900.0800000001,15,False,True,3,"India, Thailand, Viet Nam"
49,Cuba,Rice,774739.81,340355.7,0.43931613634259997,434384.11000000004,27,False,True,3,"India, Thailand, Viet Nam"
75,Gambia,Rice,228819.095,97389.93666666668,0.4256197965762721,131429.15833333333,48,False,True,3,"India, Thailand, Viet Nam"
112,Jordan,Rice,407029.9216666667,164063.12333333335,0.40307386410695206,242966.79833333334,30,False,True,3,"India, Thailand, Viet Nam"
134,Malta,Rice,8183.841666666666,3002.4733333333334,0.36687822854181157,5181.368333333333,21,False,True,3,"India, Thailand, Viet Nam"
121,Lebanon,Rice,130551.33333333331,46222.00333333333,0.3540523267986539,84329.32999999999,42,False,True,3,"India, Thailand, Viet Nam"
193,Sao Tome and Principe,Rice,20906.076666666668,7307.966666666667,0.3495618419078472,13598.11,20,False,True,3,"India, Thailand, Viet Nam"
91,Guyana,Rice,191.21833333333333,65.05666666666666,0.3402219103816754,126.16166666666668,8,False,True,3,"India, Thailand, Viet Nam"
211,Switzerland,Rice,135450.33166666667,44936.246666666666,0.3317544232911254,90514.08499999999,67,False,True,3,"India, Thailand, Viet Nam"
223,Türkiye,Rice,1038401.9666666667,334803.48,0.3224218469796812,703598.4866666667,52,False,True,3,"India, Thailand, Viet Nam"
150,Netherlands (Kingdom of the),Rice,661761.2833333333,211934.42666666667,0.320258123290531,449826.8566666667,88,False,True,3,"India, Thailand, Viet Nam"
229,United Kingdom of Great Britain and Northern Ireland,Rice,920762.5116666667,288885.83666666667,0.3137463059217693,631876.675,71,False,True,3,"India, Thailand, Viet Nam"
184,Rwanda,Rice,400168.59500000003,122628.305,0.30644160119561603,277540.29000000004,23,False,True,3,"India, Thailand, Viet Nam"
57,Belarus,Rice,53333.66,16301.1,0.3056437529320133,37032.560000000005,14,False,True,3,"India, Thailand, Viet Nam"
181,Zimbabwe,Rice,252287.31833333336,75850.11333333334,0.3006497268052006,176437.20500000002,22,False,True,3,"India, Thailand, Viet Nam"
108,Kazakhstan,Rice,30285.485,8902.560000000001,0.29395467828895594,21382.925,18,False,True,3,"India, Thailand, Viet Nam"
37,Central African Republic,Rice,38795.02166666667,11222.728333333333,0.28928269275787233,27572.293333333335,11,False,True,3,"India, Thailand, Viet Nam"
100,India,Rice,15182.521666666667,4144.223333333333,0.27296014616807723,11038.298333333334,31,False,True,3,"India, Thailand, Viet Nam"
50,Cyprus,Rice,16792.286666666667,4554.68,0.27123643672908554,12237.606666666667,35,False,True,3,"India, Thailand, Viet Nam"
117,Republic of Korea,Rice,417349.32,112709.23666666666,0.2700597108117168,304640.0833333334,26,False,True,3,"India, Thailand, Viet Nam"
215,United Republic of Tanzania,Rice,213824.11,56199.941666666666,0.26283257611438987,157624.16833333333,19,False,True,3,"India, Thailand, Viet Nam"
210,Sweden,Rice,134514.49333333332,33766.590000000004,0.2510256639507595,100747.90333333332,56,False,True,3,"India, Thailand, Viet Nam"
272,Serbia,Rice,23919.413333333334,5638.483333333333,0.2357283288999284,18280.93,26,False,False,3,"India, Thailand, Viet Nam"
104,Ireland,Rice,55937.815,13053.486666666668,0.23335710675625546,42884.32833333334,55,False,False,3,"India, Thailand, Viet Nam"
146,Republic of Moldova,Rice,19035.95333333333,4372.25,0.22968379484014986,14663.703333333331,34,False,False,3,"India, Thailand, Viet Nam"
106,Italy,Rice,446204.33666666667,97940.04666666666,0.21949595424894308,348264.29000000004,55,False,False,3,"India, Thailand, Viet Nam"
141,Mongolia,Rice,114962.25833333333,25186.27,0.21908294396037656,89775.98833333333,19,False,False,3,"India, Thailand, Viet Nam"
207,Suriname,Rice,464.16166666666663,99.345,0.2140310308549105,364.8166666666666,6,False,False,3,"India, Thailand, Viet Nam"
68,France,Rice,977469.6733333333,188375.67,0.1927176618765141,789094.0033333333,83,False,False,3,"India, Thailand, Viet Nam"
219,Tonga,Rice,736.155,137.555,0.18685602896129214,598.5999999999999,17,False,False,3,"India, Thailand, Viet Nam"
154,North Macedonia,Rice,599.76,110.73333333333333,0.18462940731848296,489.02666666666664,14,False,False,3,"India, Thailand, Viet Nam"
80,Bosnia and Herzegovina,Rice,14326.873333333333,2433.1966666666667,0.169834450968832,11893.676666666666,27,False,False,3,"India, Thailand, Viet Nam"
251,Zambia,Rice,60122.541666666664,10084.11,0.16772594305657682,50038.431666666664,30,False,False,3,"India, Thailand, Viet Nam"
130,Malawi,Rice,1789.9466666666667,275.01166666666666,0.1536423804061201,1514.935,22,False,False,3,"India, Thailand, Viet Nam"
113,Kyrgyzstan,Rice,16644.936666666665,2548.4166666666665,0.15310461780068854,14096.519999999999,16,False,False,3,"India, Thailand, Viet Nam"
3,Albania,Rice,26217.885000000002,3971.4,0.15147674955474097,22246.485,7,False,False,3,"India, Thailand, Viet Nam"
45,Comoros,Rice,64256.6,9210.22,0.14333500371946228,55046.38,5,False,False,3,"India, Thailand, Viet Nam"
167,Czechia,Rice,191640.2,25323.07,0.13213861183613876,166317.13,46,False,False,3,"India, Thailand, Viet Nam"
29,Burundi,Rice,19669.428333333337,2530.895,0.12867150773827774,17138.533333333336,18,False,False,3,"India, Thailand, Viet Nam"
28,Myanmar,Rice,2708.27,328.31,0.12122498864588833,2379.96,4,False,False,3,"India, Thailand, Viet Nam"
236,Venezuela (Bolivarian Republic of),Rice,856376.47,97268.62000000001,0.11358161206834655,759107.85,18,False,False,3,"India, Thailand, Viet Nam"
84,Greece,Rice,46567.121666666666,4945.61,0.10620390144362583,41621.511666666665,36,False,False,3,"India, Thailand, Viet Nam"
273,Montenegro,Rice,3591.8283333333334,367.09000000000003,0.10220143223251668,3224.7383333333332,34,False,False,3,"India, Thailand, Viet Nam"
83,Kiribati,Rice,15297.329999999998,1531.12,0.10009066941747351,13766.21,6,False,False,3,"India, Thailand, Viet Nam"
255,Belgium,Rice,713247.5283333333,70591.14333333333,0.09897145174591175,642656.385,70,False,False,3,"India, Thailand, Viet Nam"
54,Denmark,Rice,76635.55166666667,6847.493333333334,0.08935139350359389,69788.05833333333,42,False,False,3,"India, Thailand, Viet Nam"
244,Samoa,Rice,33472.91,2950.5699999999997,0.08814799788844171,30522.340000000004,11,False,False,3,"India, Thailand, Viet Nam"
235,Uzbekistan,Rice,99262.265,8733.66,0.08798570131358578,90528.605,19,False,False,3,"India, Thailand, Viet Nam"
67,Finland,Rice,65397.4,5701.513333333332,0.0871825689298555,59695.88666666667,30,False,False,3,"India, Thailand, Viet Nam"
79,Germany,Rice,400578.5083333333,34761.86,0.08677914385530044,365816.6483333333,68,False,False,3,"India, Thailand, Viet Nam"
203,Spain,Rice,455592.2783333333,38856.69666666667,0.08528831263078879,416735.58166666667,50,False,False,3,"India, Thailand, Viet Nam"
173,Poland,Rice,299122.51166666666,23156.56333333333,0.07741498025109633,275965.9483333333,41,False,False,3,"India, Thailand, Viet Nam"
11,Austria,Rice,74639.48,5157.383333333333,0.06909725701911822,69482.09666666666,43,False,False,3,"India, Thailand, Viet Nam"
63,Estonia,Rice,7987.675,548.7533333333333,0.06870000761589991,7438.921666666667,23,False,False,3,"India, Thailand, Viet Nam"
126,Lithuania,Rice,44495.715,2818.826666666667,0.06335051963243353,41676.88833333333,31,False,False,3,"India, Thailand, Viet Nam"
119,Latvia,Rice,15616.935,970.16,0.06212230504897408,14646.775,30,False,False,3,"India, Thailand, Viet Nam"
208,Tajikistan,Rice,53678.354999999996,3303.6566666666668,0.06154541559007661,50374.69833333333,10,False,False,3,"India, Thailand, Viet Nam"
198,Slovenia,Rice,41310.03666666667,2484.1033333333335,0.060133166992266854,38825.933333333334,30,False,False,3,"India, Thailand, Viet Nam"
97,Hungary,Rice,85056.425,4876.536666666667,0.05733296063955976,80179.88833333334,32,False,False,3,"India, Thailand, Viet Nam"
174,Portugal,Rice,222503.89166666666,11355.893333333333,0.051036830179786746,211147.99833333332,44,False,False,3,"India, Thailand, Viet Nam"
109,Jamaica,Rice,138828.52333333332,6252.700000000001,0.04503901539734019,132575.8233333333,11,False,False,3,"India, Thailand, Viet Nam"
220,Trinidad and Tobago,Rice,27710.348333333335,1015.4633333333334,0.03664563581511576,26694.885000000002,19,False,False,3,"India, Thailand, Viet Nam"
9,Argentina,Rice,3749.6549999999997,132.57000000000002,0.035355252683246866,3617.0849999999996,11,False,False,3,"India, Thailand, Viet Nam"
27,Bulgaria,Rice,125444.48999999999,3947.956666666667,0.0314717423353283,121496.53333333333,36,False,False,3,"India, Thailand, Viet Nam"
40,Chile,Rice,349213.61,10916.009999999998,0.03125883323963232,338297.6,25,False,False,3,"India, Thailand, Viet Nam"
170,Peru,Rice,332791.73666666663,8766.22666666667,0.02634147937226928,324025.50999999995,13,False,False,3,"India, Thailand, Viet Nam"
20,Botswana,Rice,75275.47166666666,1845.2666666666664,0.024513518491625523,73430.205,19,False,False,3,"India, Thailand, Viet Nam"
21,Brazil,Rice,1347013.2366666666,32376.980000000003,0.024036126088946553,1314636.2566666666,14,False,False,3,"India, Thailand, Viet Nam"
12,Bahamas,Rice,6604.985,123.73666666666665,0.01873383007935168,6481.248333333333,25,False,False,3,"India, Thailand, Viet Nam"
23,Belize,Rice,291.72,5.2299999999999995,0.017928150281091456,286.49,6,False,False,3,"India, Thailand, Viet Nam"
56,Dominican Republic,Rice,54490.19499999999,916.4633333333334,0.01681886683160766,53573.73166666666,9,False,False,3,"India, Thailand, Viet Nam"
89,Guatemala,Rice,110053.64,1202.54,0.01092685348708139,108851.1,21,False,False,3,"India, Thailand, Viet Nam"
256,Luxembourg,Rice,6815.174999999999,59.455000000000005,0.00872391391270217,6755.719999999999,15,False,False,3,"India, Thailand, Viet Nam"
19,Bolivia (Plurinational State of),Rice,12212.276666666667,78.77,0.0064500667770655915,12133.506666666666,11,False,False,3,"India, Thailand, Viet Nam"
44,Colombia,Rice,146570.39666666667,833.1766666666667,0.0056844812159545,145737.22,9,False,False,3,"India, Thailand, Viet Nam"
226,Uganda,Rice,707634.595,3775.92,0.005335974282037469,703858.6749999999,28,False,False,3,"India, Thailand, Viet Nam"
234,Uruguay,Rice,2199.83,11.666666666666668,0.005303440114311864,2188.1633333333334,12,False,False,3,"India, Thailand, Viet Nam"
183,Romania,Rice,122772.80166666665,627.6733333333334,0.005112478698967,122145.12833333331,32,False,False,3,"India, Thailand, Viet Nam"
98,Croatia,Rice,26772.466666666667,127.47333333333333,0.004761359306949677,26644.993333333336,24,False,False,3,"India, Thailand, Viet Nam"
169,Paraguay,Rice,1482.5616666666667,6.0566666666666675,0.004085271326544034,1476.505,12,False,False,3,"India, Thailand, Viet Nam"
166,Panama,Rice,127057.78166666666,495.15999999999997,0.0038971245484124813,126562.62166666666,12,False,False,3,"India, Thailand, Viet Nam"
157,Nicaragua,Rice,107725.635,275.73,0.0025595578991017324,107449.905,15,False,False,3,"India, Thailand, Viet Nam"
138,Mexico,Rice,903525.8833333333,2190.0,0.0024238375904855557,901335.8833333333,6,False,False,3,"India, Thailand, Viet Nam"
48,Costa Rica,Rice,201275.22833333333,472.69,0.002348475785689706,200802.53833333333,16,False,False,3,"India, Thailand, Viet Nam"
8,Antigua and Barbuda,Rice,1606.31,3.66,0.0022785141099787715,1602.6499999999999,23,False,False,3,"India, Thailand, Viet Nam"
60,El Salvador,Rice,96108.40833333334,100.19000000000001,0.001042468622022232,96008.21833333334,18,False,False,3,"India, Thailand, Viet Nam"
191,Saint Vincent and the Grenadines,Rice,2316.8966666666665,2.2866666666666666,0.0009869523745124585,2314.6099999999997,22,False,False,3,"India, Thailand, Viet Nam"
199,Slovakia,Rice,61236.55333333334,35.12666666666667,0.0005736225302469125,61201.42666666667,28,False,False,3,"India, Thailand, Viet Nam"
58,Ecuador,Rice,35265.09166666667,11.56,0.00032780291936478263,35253.53166666667,9,False,False,3,"India, Thailand, Viet Nam"
95,Honduras,Rice,131426.53,8.22,6.254444973933345e-05,131418.31,16,False,False,3,"India, Thailand, Viet Nam"
14,Barbados,Rice,6509.724999999999,0.18666666666666668,2.8675046436933464e-05,6509.538333333333,17,False,False,3,"India, Thailand, Viet Nam"
12,Bahamas,Maize,1196.0916666666667,1195.9066666666668,0.9998453295803694,0.18499999999994543,4,True,True,1,United States of America
14,Barbados,Maize,29890.498333333333,29848.983333333334,0.9986110970938982,41.51499999999942,4,True,True,1,United States of America
33,Canada,Maize,3607101.733333333,3596467.1666666665,0.9970517696885586,10634.566666666418,67,True,True,1,United States of America
191,Saint Vincent and the Grenadines,Maize,11322.5,11164.35,0.9860322366968426,158.14999999999964,15,True,True,1,United States of America
86,Grenada,Maize,12080.336666666668,11822.183333333334,0.978630286517953,258.15333333333365,12,True,True,1,United States of America
138,Mexico,Maize,17477297.62,16781467.866666667,0.960186650793366,695829.7533333339,8,True,True,1,United States of America
220,Trinidad and Tobago,Maize,84178.935,78915.22333333333,0.9374699660114889,5263.71166666667,11,True,True,1,United States of America
95,Honduras,Maize,827460.35,757411.205,0.9153444089496252,70049.14500000002,8,True,True,1,United States of America
70,French Polynesia,Maize,2242.4049999999997,2050.41,0.9143798733948596,191.9949999999999,6,True,True,1,United States of America
109,Jamaica,Maize,322690.5316666667,292278.46,0.9057546823280153,30412.071666666656,6,True,True,1,United States of America
8,Antigua and Barbuda,Maize,59.61666666666667,53.093333333333334,0.8905786972323175,6.523333333333333,6,True,True,1,United States of America
91,Guyana,Maize,43122.12333333334,34462.51,0.7991839764847696,8659.613333333335,7,True,True,1,United States of America
96,"China, Hong Kong SAR",Maize,15902.8,12256.876666666665,0.7707370190574405,3645.923333333334,13,True,True,1,United States of America
207,Suriname,Maize,9529.803333333333,7177.373333333333,0.7531502049185345,2352.4300000000003,11,True,True,1,United States of America
166,Panama,Maize,620097.9833333333,466502.4666666666,0.7523044409191354,153595.51666666666,12,True,True,1,United States of America
157,Nicaragua,Maize,496775.595,372076.31666666665,0.7489826803320857,124699.27833333332,8,True,True,1,United States of America
60,El Salvador,Maize,707667.3116666665,527280.7899999999,0.7450969986986847,180386.5216666666,11,True,True,1,United States of America
9,Argentina,Maize,9849.058333333334,6991.506666666667,0.7098654947554207,2857.551666666667,16,True,True,1,United States of America
89,Guatemala,Maize,1556906.9783333333,1102607.77,0.708204013049219,454299.20833333326,22,True,True,1,United States of America
48,Costa Rica,Maize,971740.36,674075.1633333333,0.6936782612727266,297665.19666666666,10,True,True,1,United States of America
219,Tonga,Maize,0.655,0.4,0.6106870229007634,0.255,4,True,True,1,United States of America
110,Japan,Maize,15170879.4,9247667.736666666,0.6095670193427724,5923211.663333334,30,True,True,1,United States of America
44,Colombia,Maize,6305439.778333333,3735540.5,0.5924313975428033,2569899.2783333333,13,True,True,1,United States of America
41,"China, mainland",Maize,25071336.63,13945339.203333333,0.5562263954705368,11125997.426666666,24,True,True,1,United States of America
165,Pakistan,Maize,30736.55333333333,15360.0,0.4997307223559875,15376.55333333333,18,False,True,1,United States of America
72,Djibouti,Maize,12341.494999999999,4742.525,0.3842747576367369,7598.969999999999,7,False,True,1,United States of America
10,Australia,Maize,2011.9883333333335,772.1833333333334,0.38379115849743994,1239.805,15,False,True,1,United States of America
56,Dominican Republic,Maize,1379278.8066666666,405435.16333333333,0.293947214568719,973843.6433333333,7,False,True,1,United States of America
128,"China, Macao SAR",Maize,2.9433333333333334,0.7233333333333333,0.24575311438278594,2.22,5,False,False,1,United States of America
214,"China, Taiwan Province of",Maize,4156219.7283333335,803253.2566666667,0.1932653490841245,3352966.4716666667,18,False,False,1,United States of America
194,Saudi Arabia,Maize,3539653.388333333,662803.8633333333,0.18725106404992337,2876849.525,35,False,False,1,United States of America
156,New Zealand,Maize,75109.39166666666,13120.963333333333,0.17469138069395895,61988.42833333333,20,False,False,1,United States of America
117,Republic of Korea,Maize,11591692.295,1858609.9733333334,0.16033983011566244,9733082.321666667,37,False,False,1,United States of America
236,Venezuela (Bolivarian Republic of),Maize,1131380.9100000001,177346.16999999998,0.1567519554488505,954034.7400000002,6,False,False,1,United States of America
143,Morocco,Maize,2290633.8183333334,340899.44,0.1488231935072183,1949734.3783333334,22,False,False,1,United States of America
105,Israel,Maize,1407795.89,191165.25,0.13579045894216954,1216630.64,22,False,False,1,United States of America
222,Tunisia,Maize,1009534.12,136996.59999999998,0.13570279328449045,872537.52,16,False,False,1,United States of America
75,Gambia,Maize,519.6283333333333,68.23333333333333,0.13131180298739162,451.395,17,False,False,1,United States of America
23,Belize,Maize,495.77,61.21,0.12346450975250621,434.56,6,False,False,1,United States of America
58,Ecuador,Maize,153279.21,17219.0,0.11233747877484494,136060.21,9,False,False,1,United States of America
13,Bahrain,Maize,19668.10166666667,2101.693333333333,0.10685796570267202,17566.408333333336,30,False,False,1,United States of America
132,Maldives,Maize,298.49833333333333,30.08,0.10077108191558858,268.41833333333335,50,False,False,1,United States of America
19,Bolivia (Plurinational State of),Maize,15404.093333333334,1527.8233333333335,0.09918294444680073,13876.27,4,False,False,1,United States of America
100,India,Maize,17645.758333333335,1511.7600000000002,0.08567271360303302,16133.998333333335,17,False,False,1,United States of America
202,South Africa,Maize,14773.153333333332,1158.4233333333334,0.07841408717524989,13614.729999999998,45,False,False,1,United States of America
170,Peru,Maize,3666959.3200000003,283214.36333333334,0.07723411650318862,3383744.956666667,13,False,False,1,United States of America
101,Indonesia,Maize,1120147.4566666665,74250.66333333334,0.06628650798733979,1045896.7933333332,17,False,False,1,United States of America
233,Burkina Faso,Maize,1490.7833333333333,91.95,0.06167898308495534,1398.8333333333333,17,False,False,1,United States of America
55,Dominica,Maize,44.943333333333335,2.36,0.052510568864496024,42.583333333333336,5,False,False,1,United States of America
40,Chile,Maize,2463753.37,113914.145,0.04623601793388922,2349839.225,31,False,False,1,United States of America
118,Kuwait,Maize,169824.2916666667,7177.206666666666,0.04226254439944422,162647.08500000002,40,False,False,1,United States of America
49,Cuba,Maize,425933.33999999997,17964.309999999998,0.04217634149043134,407969.02999999997,8,False,False,1,United States of America
221,Oman,Maize,245757.25,9611.313333333334,0.039108971691916856,236145.93666666668,29,False,False,1,United States of America
217,Togo,Maize,2028.0933333333332,78.0,0.03845976845247096,1950.0933333333332,12,False,False,1,United States of America
121,Lebanon,Maize,424997.0783333333,15516.43,0.03650949804372577,409480.6483333333,22,False,False,1,United States of America
225,United Arab Emirates,Maize,636644.96,21446.976666666666,0.03368749933505586,615197.9833333333,55,False,False,1,United States of America
238,Ethiopia,Maize,5942.213333333333,184.17000000000002,0.030993501860137416,5758.043333333333,11,False,False,1,United States of America
112,Jordan,Maize,712106.1966666667,21107.126666666667,0.029640419877636322,690999.07,24,False,False,1,United States of America
200,Singapore,Maize,7942.546666666666,217.43666666666664,0.027376190004549338,7725.11,35,False,False,1,United States of America
115,Cambodia,Maize,196901.17,4988.77,0.02533641623358561,191912.40000000002,13,False,False,1,United States of America
171,Philippines,Maize,630414.1983333334,15831.956666666667,0.025113578832016523,614582.2416666667,24,False,False,1,United States of America
230,Ukraine,Maize,19774.96,442.33666666666664,0.022368523964987373,19332.623333333333,29,False,False,1,United States of America
104,Ireland,Maize,1406261.0499999998,29315.52666666667,0.02084643293410329,1376945.5233333332,43,False,False,1,United States of America
141,Mongolia,Maize,3015.181666666667,58.919999999999995,0.019541111121552098,2956.2616666666668,6,False,False,1,United States of America
203,Spain,Maize,9676911.035,187245.67666666667,0.019349736293888194,9489665.358333334,46,False,False,1,United States of America
59,Egypt,Maize,6482082.083333333,111442.89666666667,0.01719245378783579,6370639.1866666665,28,False,False,1,United States of America
237,Viet Nam,Maize,9636765.53,144154.89,0.014958845844203083,9492610.639999999,26,False,False,1,United States of America
229,United Kingdom of Great Britain and Northern Ireland,Maize,2494114.6133333333,36378.98333333333,0.014585930870559939,2457735.63,59,False,False,1,United States of America
108,Kazakhstan,Maize,12735.446666666667,183.10666666666665,0.014377718462433197,12552.34,26,False,False,1,United States of America
66,Fiji,Maize,146.38833333333335,1.8599999999999999,0.012705930572791546,144.52833333333334,8,False,False,1,United States of America
150,Netherlands (Kingdom of the),Maize,5286572.358333333,51211.43666666667,0.009687077598766055,5235360.921666667,90,False,False,1,United States of America
99,Iceland,Maize,19910.125,161.46,0.008109441804107206,19748.665,20,False,False,1,United States of America
28,Myanmar,Maize,12828.946666666667,102.09,0.007957785050682259,12726.856666666667,7,False,False,1,United States of America
235,Uzbekistan,Maize,65950.03333333334,466.25333333333333,0.0070697967804918965,65483.780000000006,28,False,False,1,United States of America
174,Portugal,Maize,2226230.36,14940.076666666666,0.006710930250123202,2211290.283333333,33,False,False,1,United States of America
210,Sweden,Maize,55254.366666666654,301.07666666666665,0.005448920779111878,54953.289999999986,41,False,False,1,United States of America
215,United Republic of Tanzania,Maize,67085.51333333334,315.0466666666667,0.004696195214326948,66770.46666666667,24,False,False,1,United States of America
106,Italy,Maize,6235334.671666667,27632.093333333334,0.004431533315908999,6207702.578333333,42,False,False,1,United States of America
251,Zambia,Maize,3198.533333333333,12.753333333333336,0.003987244153570387,3185.7799999999993,24,False,False,1,United States of America
162,Norway,Maize,105131.43666666666,406.34,0.003865066557478478,104725.09666666666,37,False,False,1,United States of America
74,Gabon,Maize,762.6616666666666,2.465,0.0032321016090577515,760.1966666666666,16,False,False,1,United States of America
113,Kyrgyzstan,Maize,1639.513333333333,5.19,0.003165573523850574,1634.323333333333,20,False,False,1,United States of America
179,Qatar,Maize,84325.48666666666,217.39000000000001,0.0025779869004412506,84108.09666666666,16,False,False,1,United States of America
131,Malaysia,Maize,3551788.245,8686.156666666668,0.0024455727840460456,3543102.0883333334,31,False,False,1,United States of America
244,Samoa,Maize,5.59,0.01,0.0017889087656529517,5.58,3,False,False,1,United States of America
183,Romania,Maize,1063490.0233333332,1853.1266666666668,0.0017424955815366734,1061636.8966666665,39,False,False,1,United States of America
79,Germany,Maize,3021410.7533333334,5060.593333333333,0.0016749107441781286,3016350.16,57,False,False,1,United States of America
211,Switzerland,Maize,196625.41499999998,318.98,0.0016222724819169487,196306.43499999997,42,False,False,1,United States of America
216,Thailand,Maize,1555911.8283333334,2381.9333333333334,0.001530892233067487,1553529.895,25,False,False,1,United States of America
81,Ghana,Maize,67970.58833333333,97.55666666666666,0.0014352776555094796,67873.03166666666,31,False,False,1,United States of America
68,France,Maize,556506.36,752.6333333333333,0.001352425394263838,555753.7266666667,78,False,False,1,United States of America
173,Poland,Maize,997629.7883333333,1310.3933333333332,0.0013135066220531675,996319.395,28,False,False,1,United States of America
27,Bulgaria,Maize,73485.62166666667,94.69,0.0012885513907675316,73390.93166666667,28,False,False,1,United States of America
54,Denmark,Maize,194308.44166666665,140.76333333333332,0.0007244324133627236,194167.67833333332,39,False,False,1,United States of America
149,Nepal,Maize,502705.79999999993,342.665,0.0006816412303180112,502363.13499999995,13,False,False,1,United States of America
158,Niger,Maize,34681.613333333335,22.42,0.0006464520489435132,34659.193333333336,24,False,False,1,United States of America
272,Serbia,Maize,10055.6,5.78,0.0005748040892636938,10049.82,28,False,False,1,United States of America
196,Seychelles,Maize,7449.943333333333,4.006666666666667,0.0005378116970017222,7445.936666666666,22,False,False,1,United States of America
223,Türkiye,Maize,2589337.995,973.9200000000001,0.0003761270262440188,2588364.075,45,False,False,1,United States of America
73,Georgia,Maize,57012.39166666666,19.95,0.00034992392735672817,56992.441666666666,22,False,False,1,United States of America
97,Hungary,Maize,988250.8416666668,326.05,0.00032992635700681286,987924.7916666667,36,False,False,1,United States of America
26,Brunei Darussalam,Maize,30449.298333333332,9.636666666666667,0.0003164823885651662,30439.661666666667,16,False,False,1,United States of America
63,Estonia,Maize,63008.595,19.564999999999998,0.0003105131926842679,62989.03,17,False,False,1,United States of America
84,Greece,Maize,602624.7033333334,152.21333333333334,0.00025258395895718646,602472.49,28,False,False,1,United States of America
21,Brazil,Maize,2400998.8966666665,601.5500000000001,0.00025054155619777193,2400397.3466666667,10,False,False,1,United States of America
144,Mozambique,Maize,173990.88166666668,36.0,0.0002069073945436355,173954.88166666668,18,False,False,1,United States of America
234,Uruguay,Maize,265806.795,54.143333333333324,0.0002036943161416672,265752.6516666667,8,False,False,1,United States of America
119,Latvia,Maize,207169.03166666665,39.053333333333335,0.00018850951331456645,207129.9783333333,21,False,False,1,United States of America
114,Kenya,Maize,680715.5599999999,114.66333333333331,0.0001684452950265061,680600.8966666666,32,False,False,1,United States of America
129,Madagascar,Maize,2535.35,0.42500000000000004,0.00016762971581832885,2534.9249999999997,16,False,False,1,United States of America
126,Lithuania,Maize,218654.28833333333,30.615000000000002,0.0001400155479838024,218623.67333333334,23,False,False,1,United States of America
50,Cyprus,Maize,309581.55,39.696666666666665,0.00012822684900526749,309541.85333333333,23,False,False,1,United States of America
176,Timor-Leste,Maize,360.705,0.04,0.00011089394380449399,360.66499999999996,11,False,False,1,United States of America
255,Belgium,Maize,1796915.7766666666,198.93666666666664,0.00011071006735535497,1796716.8399999999,52,False,False,1,United States of America
273,Montenegro,Maize,24982.619999999995,2.42,9.686734217628097e-05,24980.199999999997,16,False,False,1,United States of America
226,Uganda,Maize,69807.83333333334,6.27,8.981800036767601e-05,69801.56333333334,22,False,False,1,United States of America
7,Angola,Maize,58084.70166666667,5.18,8.918010855468798e-05,58079.52166666667,28,False,False,1,United States of America
130,Malawi,Maize,15183.806666666667,1.2433333333333334,8.188548238452281e-05,15182.563333333334,12,False,False,1,United States of America
133,Mali,Maize,4091.7149999999997,0.32,7.820681547957275e-05,4091.3949999999995,15,False,False,1,United States of America
107,Côte d'Ivoire,Maize,59360.17166666667,3.2550000000000003,5.483474708055511e-05,59356.91666666667,22,False,False,1,United States of America
1,Armenia,Maize,76786.80166666667,3.0,3.906921417332983e-05,76783.80166666667,16,False,False,1,United States of America
137,Mauritius,Maize,107813.985,3.17,2.9402493563335033e-05,107810.815,5,False,False,1,United States of America
98,Croatia,Maize,110486.32666666666,3.0966666666666662,2.802760088141223e-05,110483.23,23,False,False,1,United States of America
154,North Macedonia,Maize,45389.79333333334,1.1099999999999999,2.4454837056612866e-05,45388.68333333334,21,False,False,1,United States of America
198,Slovenia,Maize,857152.0416666667,20.41,2.3811411520777937e-05,857131.6316666667,20,False,False,1,United States of America
80,Bosnia and Herzegovina,Maize,178882.23166666666,3.245,1.8140426635814837e-05,178878.98666666666,17,False,False,1,United States of America
35,Cabo Verde,Maize,33138.875,0.5366666666666667,1.6194474515706002e-05,33138.33833333333,10,False,False,1,United States of America
11,Austria,Maize,964477.1166666667,15.32,1.5884254520156493e-05,964461.7966666667,38,False,False,1,United States of America
52,Azerbaijan,Maize,59959.73833333334,0.88,1.4676515015923322e-05,59958.858333333344,15,False,False,1,United States of America
181,Zimbabwe,Maize,292059.77499999997,3.3449999999999998,1.1453134893362155e-05,292056.43,13,False,False,1,United States of America
32,Cameroon,Maize,31991.86,0.255,7.97077756654349e-06,31991.605,25,False,False,1,United States of America
29,Burundi,Maize,18069.753333333334,0.13,7.194342811541792e-06,18069.623333333333,10,False,False,1,United States of America
195,Senegal,Maize,436659.53833333333,1.0366666666666668,2.374084557097904e-06,436658.50166666665,24,False,False,1,United States of America
184,Rwanda,Maize,128803.25,0.3,2.3291337757393544e-06,128802.95,16,False,False,1,United States of America
256,Luxembourg,Maize,12479.845000000003,0.01,8.012920032260015e-07,12479.835000000003,12,False,False,1,United States of America
67,Finland,Maize,54897.40166666667,0.04,7.286319349479837e-07,54897.36166666667,20,False,False,1,United States of America
147,Namibia,Maize,146577.54499999998,0.09,6.14009465092351e-07,146577.455,14,False,False,1,United States of America
146,Republic of Moldova,Maize,39621.04166666667,0.02,5.047822863482682e-07,39621.021666666675,23,False,False,1,United States of America
20,Botswana,Maize,263275.80666666664,0.055,2.089063962859127e-07,263275.75166666665,4,False,False,1,United States of America
134,Malta,Maize,53417.97833333333,0.01,1.8720289146098036e-07,53417.96833333333,19,False,False,1,United States of America
167,Czechia,Maize,219172.96666666667,0.03,1.3687819468003125e-07,219172.93666666668,27,False,False,1,United States of America
38,Sri Lanka,Maize,132714.81,0.01,7.534954086887514e-08,132714.8,7,False,False,1,United States of America
102,Iran (Islamic Republic of),Maize,9429564.185,0.02,2.1209887973205413e-09,9429564.165000001,24,False,False,1,United States of America
12,Bahamas,Maize,1196.0916666666667,1195.9066666666668,0.9998453295803694,0.18499999999994543,4,True,True,2,"United States of America, Argentina"
137,Mauritius,Maize,107813.985,107722.17,0.999148394338638,91.81500000000233,4,True,True,2,"United States of America, Argentina"
14,Barbados,Maize,29890.498333333333,29848.983333333334,0.9986110970938982,41.51499999999942,4,True,True,2,"United States of America, Argentina"
33,Canada,Maize,3607101.733333333,3596652.5766666667,0.9971031710666474,10449.15666666627,66,True,True,2,"United States of America, Argentina"
191,Saint Vincent and the Grenadines,Maize,11322.5,11179.386666666667,0.9873602708471333,143.11333333333278,14,True,True,2,"United States of America, Argentina"
86,Grenada,Maize,12080.336666666668,11822.183333333334,0.978630286517953,258.15333333333365,12,True,True,2,"United States of America, Argentina"
138,Mexico,Maize,17477297.62,16781889.476666667,0.960210774088006,695408.1433333345,7,True,True,2,"United States of America, Argentina"
250,Democratic Republic of the Congo,Maize,57915.915,54796.166666666664,0.9461331426200668,3119.7483333333366,17,True,True,2,"United States of America, Argentina"
109,Jamaica,Maize,322690.5316666667,304946.50333333336,0.9450122436450581,17744.02833333332,5,True,True,2,"United States of America, Argentina"
220,Trinidad and Tobago,Maize,84178.935,79011.38333333333,0.9386122945524713,5167.551666666666,10,True,True,2,"United States of America, Argentina"
170,Peru,Maize,3666959.3200000003,3374125.22,0.9201425283332567,292834.1000000001,12,True,True,2,"United States of America, Argentina"
26,Brunei Darussalam,Maize,30449.298333333332,27916.296666666665,0.9168124782733088,2533.001666666667,15,True,True,2,"United States of America, Argentina"
95,Honduras,Maize,827460.35,758497.9099999999,0.9166577105477017,68962.44000000006,7,True,True,2,"United States of America, Argentina"
70,French Polynesia,Maize,2242.4049999999997,2050.52,0.9144289278698541,191.88499999999976,5,True,True,2,"United States of America, Argentina"
49,Cuba,Maize,425933.33999999997,384729.74,0.903262796943766,41203.59999999998,7,True,True,2,"United States of America, Argentina"
8,Antigua and Barbuda,Maize,59.61666666666667,53.093333333333334,0.8905786972323175,6.523333333333333,6,True,True,2,"United States of America, Argentina"
81,Ghana,Maize,67970.58833333333,60116.05333333333,0.8844421507508406,7854.5350000000035,30,True,True,2,"United States of America, Argentina"
19,Bolivia (Plurinational State of),Maize,15404.093333333334,13078.036666666667,0.8489974959036862,2326.0566666666673,3,True,True,2,"United States of America, Argentina"
107,Côte d'Ivoire,Maize,59360.17166666667,47842.39833333333,0.805967991500923,11517.773333333338,21,True,True,2,"United States of America, Argentina"
40,Chile,Maize,2463753.37,1982691.185,0.8047441798121213,481062.18500000006,30,True,True,2,"United States of America, Argentina"
91,Guyana,Maize,43122.12333333334,34462.51,0.7991839764847696,8659.613333333335,7,True,True,2,"United States of America, Argentina"
195,Senegal,Maize,436659.53833333333,347312.76,0.7953857170408847,89346.77833333332,23,True,True,2,"United States of America, Argentina"
96,"China, Hong Kong SAR",Maize,15902.8,12256.876666666665,0.7707370190574405,3645.923333333334,13,True,True,2,"United States of America, Argentina"
166,Panama,Maize,620097.9833333333,474816.1733333333,0.7657115263961375,145281.81,11,True,True,2,"United States of America, Argentina"
207,Suriname,Maize,9529.803333333333,7210.073333333333,0.7565815454043997,2319.7300000000005,10,True,True,2,"United States of America, Argentina"
157,Nicaragua,Maize,496775.595,372462.9033333333,0.7497608720761199,124312.69166666665,7,True,True,2,"United States of America, Argentina"
60,El Salvador,Maize,707667.3116666665,527767.0466666666,0.7457841247798958,179900.2649999999,10,True,True,2,"United States of America, Argentina"
32,Cameroon,Maize,31991.86,23725.628333333334,0.7416145336136547,8266.231666666667,24,True,True,2,"United States of America, Argentina"
44,Colombia,Maize,6305439.778333333,4662913.016666667,0.7395063914002169,1642526.7616666667,12,True,True,2,"United States of America, Argentina"
58,Ecuador,Maize,153279.21,111803.84333333334,0.7294129669205194,41475.366666666654,8,True,True,2,"United States of America, Argentina"
89,Guatemala,Maize,1556906.9783333333,1112758.2666666666,0.7147236682424487,444148.71166666667,21,True,True,2,"United States of America, Argentina"
131,Malaysia,Maize,3551788.245,2526937.536666667,0.7114550086773732,1024850.708333333,30,True,True,2,"United States of America, Argentina"
9,Argentina,Maize,9849.058333333334,6991.506666666667,0.7098654947554207,2857.551666666667,16,True,True,2,"United States of America, Argentina"
35,Cabo Verde,Maize,33138.875,23261.62,0.7019435632621808,9877.255000000001,9,True,True,2,"United States of America, Argentina"
48,Costa Rica,Maize,971740.36,674531.19,0.694147549866098,297209.17000000004,9,True,True,2,"United States of America, Argentina"
101,Indonesia,Maize,1120147.4566666665,776382.62,0.6931075148894758,343764.83666666655,16,True,True,2,"United States of America, Argentina"
118,Kuwait,Maize,169824.2916666667,115507.34000000001,0.6801579377508566,54316.951666666675,39,True,True,2,"United States of America, Argentina"
7,Angola,Maize,58084.70166666667,39344.26666666667,0.6773602263200629,18740.434999999998,27,True,True,2,"United States of America, Argentina"
110,Japan,Maize,15170879.4,10207486.07,0.6728341713664932,4963393.33,29,True,True,2,"United States of America, Argentina"
194,Saudi Arabia,Maize,3539653.388333333,2327340.7266666666,0.6575052614862126,1212312.6616666666,34,True,True,2,"United States of America, Argentina"
112,Jordan,Maize,712106.1966666667,450514.95666666667,0.6326513640458468,261591.24,23,True,True,2,"United States of America, Argentina"
219,Tonga,Maize,0.655,0.4,0.6106870229007634,0.255,4,True,True,2,"United States of America, Argentina"
74,Gabon,Maize,762.6616666666666,436.5283333333333,0.5723748188908581,326.1333333333333,15,True,True,2,"United States of America, Argentina"
115,Cambodia,Maize,196901.17,112458.12666666668,0.5711399615688757,84443.04333333333,12,True,True,2,"United States of America, Argentina"
10,Australia,Maize,2011.9883333333335,1148.8500000000001,0.5710023169451778,863.1383333333333,14,True,True,2,"United States of America, Argentina"
238,Ethiopia,Maize,5942.213333333333,3382.8700000000003,0.5692946062746542,2559.343333333333,10,True,True,2,"United States of America, Argentina"
143,Morocco,Maize,2290633.8183333334,1293274.22,0.5645923017678082,997359.5983333334,21,True,True,2,"United States of America, Argentina"
41,"China, mainland",Maize,25071336.63,13945852.173333334,0.5562468558874492,11125484.456666665,23,True,True,2,"United States of America, Argentina"
117,Republic of Korea,Maize,11591692.295,6137439.84,0.5294688371470441,5454252.455,36,True,True,2,"United States of America, Argentina"
237,Viet Nam,Maize,9636765.53,5036593.496666666,0.5226435655186753,4600172.033333333,25,True,True,2,"United States of America, Argentina"
225,United Arab Emirates,Maize,636644.96,328315.69333333336,0.5156966817633071,308329.2666666666,54,True,True,2,"United States of America, Argentina"
72,Djibouti,Maize,12341.494999999999,6183.658333333333,0.5010461320393788,6157.836666666666,6,True,True,2,"United States of America, Argentina"
165,Pakistan,Maize,30736.55333333333,15361.0,0.4997632569082242,15375.55333333333,17,False,True,2,"United States of America, Argentina"
75,Gambia,Maize,519.6283333333333,227.81333333333333,0.4384159190703612,291.815,16,False,True,2,"United States of America, Argentina"
214,"China, Taiwan Province of",Maize,4156219.7283333335,1711124.59,0.4117021480686177,2445095.1383333337,17,False,True,2,"United States of America, Argentina"
136,Mauritania,Maize,35708.845,14530.473333333333,0.40691524280142166,21178.371666666666,9,False,True,2,"United States of America, Argentina"
56,Dominican Republic,Maize,1379278.8066666666,547051.28,0.3966212468109119,832227.5266666666,6,False,True,2,"United States of America, Argentina"
236,Venezuela (Bolivarian Republic of),Maize,1131380.9100000001,442546.58,0.3911561314924431,688834.3300000001,5,False,True,2,"United States of America, Argentina"
169,Paraguay,Maize,47925.473333333335,17113.643333333333,0.3570886658605076,30811.83,2,False,True,2,"United States of America, Argentina"
222,Tunisia,Maize,1009534.12,348176.9666666667,0.3448887558814423,661357.1533333333,15,False,True,2,"United States of America, Argentina"
53,Benin,Maize,7928.755,2456.0833333333335,0.30976910414476594,5472.671666666667,17,False,True,2,"United States of America, Argentina"
59,Egypt,Maize,6482082.083333333,1985640.0433333332,0.30632750678038956,4496442.04,27,False,True,2,"United States of America, Argentina"
221,Oman,Maize,245757.25,69983.26333333334,0.2847658139620839,175773.98666666666,28,False,True,2,"United States of America, Argentina"
234,Uruguay,Maize,265806.795,65843.69,0.24771259139556612,199963.10499999998,7,False,False,2,"United States of America, Argentina"
66,Fiji,Maize,146.38833333333335,36.03333333333333,0.24614894174171434,110.35500000000002,7,False,False,2,"United States of America, Argentina"
128,"China, Macao SAR",Maize,2.9433333333333334,0.7233333333333333,0.24575311438278594,2.22,5,False,False,2,"United States of America, Argentina"
21,Brazil,Maize,2400998.8966666665,567481.6200000001,0.23635230352993547,1833517.2766666664,9,False,False,2,"United States of America, Argentina"
100,India,Maize,17645.758333333335,4126.950000000001,0.23387773548978485,13518.808333333334,16,False,False,2,"United States of America, Argentina"
231,United States of America,Maize,775279.9383333334,178862.03333333333,0.23070638680248062,596417.905,47,False,False,2,"United States of America, Argentina"
121,Lebanon,Maize,424997.0783333333,91237.25666666665,0.2146773738409268,333759.82166666666,21,False,False,2,"United States of America, Argentina"
179,Qatar,Maize,84325.48666666666,17824.91,0.211382236908525,66500.57666666666,15,False,False,2,"United States of America, Argentina"
13,Bahrain,Maize,19668.10166666667,3670.1099999999997,0.186602147080624,15997.991666666669,29,False,False,2,"United States of America, Argentina"
171,Philippines,Maize,630414.1983333334,115003.51666666666,0.182425327619062,515410.6816666667,23,False,False,2,"United States of America, Argentina"
156,New Zealand,Maize,75109.39166666666,13120.963333333333,0.17469138069395895,61988.42833333333,20,False,False,2,"United States of America, Argentina"
105,Israel,Maize,1407795.89,237184.21333333335,0.16847912045924027,1170611.6766666665,21,False,False,2,"United States of America, Argentina"
217,Togo,Maize,2028.0933333333332,330.2733333333333,0.16284917853879177,1697.82,11,False,False,2,"United States of America, Argentina"
233,Burkina Faso,Maize,1490.7833333333333,206.95,0.13881963620915178,1283.8333333333333,16,False,False,2,"United States of America, Argentina"
23,Belize,Maize,495.77,61.21,0.12346450975250621,434.56,6,False,False,2,"United States of America, Argentina"
132,Maldives,Maize,298.49833333333333,30.15,0.10100558908759959,268.34833333333336,49,False,False,2,"United States of America, Argentina"
202,South Africa,Maize,14773.153333333332,1160.44,0.0785505960587065,13612.713333333331,44,False,False,2,"United States of America, Argentina"
229,United Kingdom of Great Britain and Northern Ireland,Maize,2494114.6133333333,176173.58333333334,0.07063572074495844,2317941.03,58,False,False,2,"United States of America, Argentina"
173,Poland,Maize,997629.7883333333,53639.01333333333,0.053766451203250534,943990.775,27,False,False,2,"United States of America, Argentina"
55,Dominica,Maize,44.943333333333335,2.36,0.052510568864496024,42.583333333333336,5,False,False,2,"United States of America, Argentina"
133,Mali,Maize,4091.7149999999997,188.64499999999998,0.0461041397067,3903.0699999999997,14,False,False,2,"United States of America, Argentina"
200,Singapore,Maize,7942.546666666666,242.83666666666664,0.030574156735622998,7699.709999999999,34,False,False,2,"United States of America, Argentina"
223,Türkiye,Maize,2589337.995,68660.29999999999,0.026516545979158656,2520677.6950000003,44,False,False,2,"United States of America, Argentina"
230,Ukraine,Maize,19774.96,468.33666666666664,0.023683318027781935,19306.623333333333,28,False,False,2,"United States of America, Argentina"
104,Ireland,Maize,1406261.0499999998,31961.966666666667,0.022728331035455098,1374299.0833333333,42,False,False,2,"United States of America, Argentina"
203,Spain,Maize,9676911.035,218020.44333333333,0.022529962561894455,9458890.591666667,45,False,False,2,"United States of America, Argentina"
141,Mongolia,Maize,3015.181666666667,58.919999999999995,0.019541111121552098,2956.2616666666668,6,False,False,2,"United States of America, Argentina"
46,Congo,Maize,12054.86,229.3166666666667,0.019022756520330114,11825.543333333333,17,False,False,2,"United States of America, Argentina"
54,Denmark,Maize,194308.44166666665,3356.4766666666665,0.01727396214943998,190951.965,38,False,False,2,"United States of America, Argentina"
149,Nepal,Maize,502705.79999999993,8633.27,0.01717360332822896,494072.5299999999,12,False,False,2,"United States of America, Argentina"
27,Bulgaria,Maize,73485.62166666667,1116.1566666666668,0.0151887762714942,72369.46500000001,27,False,False,2,"United States of America, Argentina"
108,Kazakhstan,Maize,12735.446666666667,183.10666666666665,0.014377718462433197,12552.34,26,False,False,2,"United States of America, Argentina"
154,North Macedonia,Maize,45389.79333333334,621.46,0.013691624357840212,44768.33333333334,20,False,False,2,"United States of America, Argentina"
150,Netherlands (Kingdom of the),Maize,5286572.358333333,71551.29666666666,0.013534534631665237,5215021.0616666665,89,False,False,2,"United States of America, Argentina"
99,Iceland,Maize,19910.125,161.46,0.008109441804107206,19748.665,20,False,False,2,"United States of America, Argentina"
28,Myanmar,Maize,12828.946666666667,102.09,0.007957785050682259,12726.856666666667,7,False,False,2,"United States of America, Argentina"
235,Uzbekistan,Maize,65950.03333333334,466.25333333333333,0.0070697967804918965,65483.780000000006,28,False,False,2,"United States of America, Argentina"
174,Portugal,Maize,2226230.36,15331.183333333332,0.0068866113807437845,2210899.1766666668,32,False,False,2,"United States of America, Argentina"
215,United Republic of Tanzania,Maize,67085.51333333334,442.11333333333334,0.006590295152644481,66643.40000000001,23,False,False,2,"United States of America, Argentina"
273,Montenegro,Maize,24982.619999999995,161.25,0.006454487159473267,24821.369999999995,15,False,False,2,"United States of America, Argentina"
162,Norway,Maize,105131.43666666666,606.92,0.0057729640081331845,104524.51666666666,36,False,False,2,"United States of America, Argentina"
210,Sweden,Maize,55254.366666666654,306.55333333333334,0.0055480381339393404,54947.81333333332,40,False,False,2,"United States of America, Argentina"
106,Italy,Maize,6235334.671666667,31733.973333333335,0.005089377716569468,6203600.698333333,41,False,False,2,"United States of America, Argentina"
113,Kyrgyzstan,Maize,1639.513333333333,7.890000000000001,0.004812403680767058,1631.623333333333,19,False,False,2,"United States of America, Argentina"
98,Croatia,Maize,110486.32666666666,471.0133333333334,0.004263091619964559,110015.31333333332,22,False,False,2,"United States of America, Argentina"
251,Zambia,Maize,3198.533333333333,12.753333333333336,0.003987244153570387,3185.7799999999993,24,False,False,2,"United States of America, Argentina"
158,Niger,Maize,34681.613333333335,136.64999999999998,0.00394012812168292,34544.96333333333,23,False,False,2,"United States of America, Argentina"
52,Azerbaijan,Maize,59959.73833333334,228.39666666666665,0.0038091671680910984,59731.341666666674,14,False,False,2,"United States of America, Argentina"
79,Germany,Maize,3021410.7533333334,10557.86,0.0034943477937755315,3010852.8933333335,56,False,False,2,"United States of America, Argentina"
84,Greece,Maize,602624.7033333334,2091.3933333333334,0.0034704739479896637,600533.31,27,False,False,2,"United States of America, Argentina"
97,Hungary,Maize,988250.8416666668,2907.2766666666666,0.0029418408202553092,985343.5650000002,35,False,False,2,"United States of America, Argentina"
3,Albania,Maize,67914.185,180.43,0.0026567351135848866,67733.755,11,False,False,2,"United States of America, Argentina"
183,Romania,Maize,1063490.0233333332,2316.5666666666666,0.002178268357803463,1061173.4566666665,38,False,False,2,"United States of America, Argentina"
68,France,Maize,556506.36,1146.57,0.0020602999038501556,555359.79,77,False,False,2,"United States of America, Argentina"
80,Bosnia and Herzegovina,Maize,178882.23166666666,365.005,0.0020404765559955606,178517.22666666665,16,False,False,2,"United States of America, Argentina"
272,Serbia,Maize,10055.6,20.505,0.0020391622578463738,10035.095000000001,27,False,False,2,"United States of America, Argentina"
216,Thailand,Maize,1555911.8283333334,2891.016666666667,0.0018580851523980477,1553020.8116666668,24,False,False,2,"United States of America, Argentina"
167,Czechia,Maize,219172.96666666667,404.63000000000005,0.0018461674637793683,218768.33666666667,26,False,False,2,"United States of America, Argentina"
244,Samoa,Maize,5.59,0.01,0.0017889087656529517,5.58,3,False,False,2,"United States of America, Argentina"
73,Georgia,Maize,57012.39166666666,97.95,0.0017180475531123572,56914.441666666666,21,False,False,2,"United States of America, Argentina"
211,Switzerland,Maize,196625.41499999998,320.00333333333333,0.001627476963409503,196305.41166666665,41,False,False,2,"United States of America, Argentina"
114,Kenya,Maize,680715.5599999999,574.6366666666667,0.0008441656110617872,680140.9233333332,31,False,False,2,"United States of America, Argentina"
50,Cyprus,Maize,309581.55,229.01000000000002,0.0007397404657997224,309352.54,22,False,False,2,"United States of America, Argentina"
129,Madagascar,Maize,2535.35,1.415,0.0005581083479598478,2533.935,15,False,False,2,"United States of America, Argentina"
196,Seychelles,Maize,7449.943333333333,4.006666666666667,0.0005378116970017222,7445.936666666666,22,False,False,2,"United States of America, Argentina"
255,Belgium,Maize,1796915.7766666666,912.9666666666667,0.0005080742673205573,1796002.81,51,False,False,2,"United States of America, Argentina"
146,Republic of Moldova,Maize,39621.04166666667,15.02,0.0003790914970475494,39606.021666666675,22,False,False,2,"United States of America, Argentina"
126,Lithuania,Maize,218654.28833333333,82.28166666666667,0.0003763094119664838,218572.00666666665,22,False,False,2,"United States of America, Argentina"
63,Estonia,Maize,63008.595,19.564999999999998,0.0003105131926842679,62989.03,17,False,False,2,"United States of America, Argentina"
226,Uganda,Maize,69807.83333333334,18.77,0.00026888099950578607,69789.06333333334,21,False,False,2,"United States of America, Argentina"
119,Latvia,Maize,207169.03166666665,48.053333333333335,0.0002319522997561275,207120.9783333333,20,False,False,2,"United States of America, Argentina"
57,Belarus,Maize,57379.05,11.99,0.00020896128465005957,57367.060000000005,16,False,False,2,"United States of America, Argentina"
144,Mozambique,Maize,173990.88166666668,36.0,0.0002069073945436355,173954.88166666668,18,False,False,2,"United States of America, Argentina"
134,Malta,Maize,53417.97833333333,10.309999999999999,0.00019300618109627073,53407.668333333335,18,False,False,2,"United States of America, Argentina"
176,Timor-Leste,Maize,360.705,0.04,0.00011089394380449399,360.66499999999996,11,False,False,2,"United States of America, Argentina"
130,Malawi,Maize,15183.806666666667,1.2433333333333334,8.188548238452281e-05,15182.563333333334,12,False,False,2,"United States of America, Argentina"
1,Armenia,Maize,76786.80166666667,3.0,3.906921417332983e-05,76783.80166666667,16,False,False,2,"United States of America, Argentina"
11,Austria,Maize,964477.1166666667,25.836666666666666,2.6788263008209956e-05,964451.28,37,False,False,2,"United States of America, Argentina"
198,Slovenia,Maize,857152.0416666667,20.41,2.3811411520777937e-05,857131.6316666667,20,False,False,2,"United States of America, Argentina"
181,Zimbabwe,Maize,292059.77499999997,3.3449999999999998,1.1453134893362155e-05,292056.43,13,False,False,2,"United States of America, Argentina"
29,Burundi,Maize,18069.753333333334,0.13,7.194342811541792e-06,18069.623333333333,10,False,False,2,"United States of America, Argentina"
184,Rwanda,Maize,128803.25,0.3,2.3291337757393544e-06,128802.95,16,False,False,2,"United States of America, Argentina"
256,Luxembourg,Maize,12479.845000000003,0.01,8.012920032260015e-07,12479.835000000003,12,False,False,2,"United States of America, Argentina"
67,Finland,Maize,54897.40166666667,0.04,7.286319349479837e-07,54897.36166666667,20,False,False,2,"United States of America, Argentina"
147,Namibia,Maize,146577.54499999998,0.09,6.14009465092351e-07,146577.455,14,False,False,2,"United States of America, Argentina"
20,Botswana,Maize,263275.80666666664,0.055,2.089063962859127e-07,263275.75166666665,4,False,False,2,"United States of America, Argentina"
38,Sri Lanka,Maize,132714.81,0.01,7.534954086887514e-08,132714.8,7,False,False,2,"United States of America, Argentina"
102,Iran (Islamic Republic of),Maize,9429564.185,0.02,2.1209887973205413e-09,9429564.165000001,24,False,False,2,"United States of America, Argentina"
109,Jamaica,Maize,322690.5316666667,322688.0466666667,0.9999922991232896,2.48499999998603,4,True,True,3,"United States of America, Argentina, Brazil"
56,Dominican Republic,Maize,1379278.8066666666,1379123.3900000001,0.9998873203402275,155.41666666651145,5,True,True,3,"United States of America, Argentina, Brazil"
12,Bahamas,Maize,1196.0916666666667,1195.9066666666668,0.9998453295803694,0.18499999999994543,4,True,True,3,"United States of America, Argentina, Brazil"
49,Cuba,Maize,425933.33999999997,425806.415,0.999702007361058,126.92499999998836,6,True,True,3,"United States of America, Argentina, Brazil"
14,Barbados,Maize,29890.498333333333,29868.283333333333,0.9992567872321075,22.215000000000146,3,True,True,3,"United States of America, Argentina, Brazil"
137,Mauritius,Maize,107813.985,107722.17,0.999148394338638,91.81500000000233,4,True,True,3,"United States of America, Argentina, Brazil"
157,Nicaragua,Maize,496775.595,495700.71,0.9978362765586342,1074.884999999951,6,True,True,3,"United States of America, Argentina, Brazil"
33,Canada,Maize,3607101.733333333,3596656.913333333,0.9971043733245784,10444.819999999832,65,True,True,3,"United States of America, Argentina, Brazil"
44,Colombia,Maize,6305439.778333333,6279406.66,0.9958713239284613,26033.118333333172,11,True,True,3,"United States of America, Argentina, Brazil"
138,Mexico,Maize,17477297.62,17366610.343333334,0.9936667968313361,110687.27666666731,6,True,True,3,"United States of America, Argentina, Brazil"
48,Costa Rica,Maize,971740.36,962780.2166666667,0.9907792825098535,8960.143333333312,8,True,True,3,"United States of America, Argentina, Brazil"
191,Saint Vincent and the Grenadines,Maize,11322.5,11179.386666666667,0.9873602708471333,143.11333333333278,14,True,True,3,"United States of America, Argentina, Brazil"
166,Panama,Maize,620097.9833333333,610537.2899999999,0.9845819635117342,9560.693333333358,10,True,True,3,"United States of America, Argentina, Brazil"
118,Kuwait,Maize,169824.2916666667,167152.69000000003,0.9842684362734719,2671.6016666666546,38,True,True,3,"United States of America, Argentina, Brazil"
86,Grenada,Maize,12080.336666666668,11822.183333333334,0.978630286517953,258.15333333333365,12,True,True,3,"United States of America, Argentina, Brazil"
60,El Salvador,Maize,707667.3116666665,690469.1299999999,0.9756973631773915,17198.181666666642,9,True,True,3,"United States of America, Argentina, Brazil"
220,Trinidad and Tobago,Maize,84178.935,82032.83333333333,0.9745054785182699,2146.101666666669,9,True,True,3,"United States of America, Argentina, Brazil"
89,Guatemala,Maize,1556906.9783333333,1509596.8,0.9696127135456875,47310.17833333323,20,True,True,3,"United States of America, Argentina, Brazil"
91,Guyana,Maize,43122.12333333334,41534.37333333334,0.9631801526161706,1587.75,6,True,True,3,"United States of America, Argentina, Brazil"
101,Indonesia,Maize,1120147.4566666665,1073937.15,0.9587462289972257,46210.30666666664,15,True,True,3,"United States of America, Argentina, Brazil"
58,Ecuador,Maize,153279.21,146775.42,0.9575690010406501,6503.789999999979,7,True,True,3,"United States of America, Argentina, Brazil"
250,Democratic Republic of the Congo,Maize,57915.915,54918.08666666666,0.9482382634663833,2997.8283333333384,16,True,True,3,"United States of America, Argentina, Brazil"
110,Japan,Maize,15170879.4,14370163.116666667,0.9472201800422108,800716.2833333332,28,True,True,3,"United States of America, Argentina, Brazil"
26,Brunei Darussalam,Maize,30449.298333333332,28720.741666666665,0.9432316420646584,1728.5566666666673,14,True,True,3,"United States of America, Argentina, Brazil"
19,Bolivia (Plurinational State of),Maize,15404.093333333334,14477.15,0.9398248690607777,926.9433333333345,2,True,True,3,"United States of America, Argentina, Brazil"
194,Saudi Arabia,Maize,3539653.388333333,3314759.5066666664,0.9364644339448842,224893.88166666683,33,True,True,3,"United States of America, Argentina, Brazil"
170,Peru,Maize,3666959.3200000003,3430518.3800000004,0.9355212536145615,236440.93999999994,11,True,True,3,"United States of America, Argentina, Brazil"
95,Honduras,Maize,827460.35,759011.34,0.9172781994931841,68449.01000000001,6,True,True,3,"United States of America, Argentina, Brazil"
70,French Polynesia,Maize,2242.4049999999997,2050.52,0.9144289278698541,191.88499999999976,5,True,True,3,"United States of America, Argentina, Brazil"
112,Jordan,Maize,712106.1966666667,649404.0,0.9119482501905298,62702.196666666656,22,True,True,3,"United States of America, Argentina, Brazil"
236,Venezuela (Bolivarian Republic of),Maize,1131380.9100000001,1024936.4650000001,0.9059163504888905,106444.44500000007,4,True,True,3,"United States of America, Argentina, Brazil"
143,Morocco,Maize,2290633.8183333334,2074324.0199999998,0.9055677094251927,216309.79833333357,20,True,True,3,"United States of America, Argentina, Brazil"
195,Senegal,Maize,436659.53833333333,394630.445,0.9037485966898781,42029.09333333332,22,True,True,3,"United States of America, Argentina, Brazil"
131,Malaysia,Maize,3551788.245,3203961.43,0.9020699458956625,347826.81499999994,29,True,True,3,"United States of America, Argentina, Brazil"
8,Antigua and Barbuda,Maize,59.61666666666667,53.093333333333334,0.8905786972323175,6.523333333333333,6,True,True,3,"United States of America, Argentina, Brazil"
81,Ghana,Maize,67970.58833333333,60358.81333333333,0.8880136955314961,7611.7750000000015,29,True,True,3,"United States of America, Argentina, Brazil"
9,Argentina,Maize,9849.058333333334,8684.106666666667,0.881719487565224,1164.9516666666677,15,True,True,3,"United States of America, Argentina, Brazil"
214,"China, Taiwan Province of",Maize,4156219.7283333335,3427478.5900000003,0.8246625092110896,728741.1383333332,16,True,True,3,"United States of America, Argentina, Brazil"
107,Côte d'Ivoire,Maize,59360.17166666667,47967.39833333333,0.808073780559316,11392.773333333338,20,True,True,3,"United States of America, Argentina, Brazil"
40,Chile,Maize,2463753.37,1983129.2650000001,0.8049219898175116,480624.105,29,True,True,3,"United States of America, Argentina, Brazil"
115,Cambodia,Maize,196901.17,155770.26,0.7911088593328318,41130.91,11,True,True,3,"United States of America, Argentina, Brazil"
207,Suriname,Maize,9529.803333333333,7360.558333333333,0.7723725323467676,2169.245,9,True,True,3,"United States of America, Argentina, Brazil"
96,"China, Hong Kong SAR",Maize,15902.8,12256.876666666665,0.7707370190574405,3645.923333333334,13,True,True,3,"United States of America, Argentina, Brazil"
237,Viet Nam,Maize,9636765.53,7376257.6466666665,0.7654287762531737,2260507.883333333,24,True,True,3,"United States of America, Argentina, Brazil"
35,Cabo Verde,Maize,33138.875,25222.286666666667,0.7611087179835364,7916.588333333333,8,True,True,3,"United States of America, Argentina, Brazil"
32,Cameroon,Maize,31991.86,23725.708333333332,0.7416170342497539,8266.151666666668,23,True,True,3,"United States of America, Argentina, Brazil"
117,Republic of Korea,Maize,11591692.295,8537739.42,0.7365395149147203,3053952.875,35,True,True,3,"United States of America, Argentina, Brazil"
169,Paraguay,Maize,47925.473333333335,35150.973333333335,0.7334507285687041,12774.5,1,True,True,3,"United States of America, Argentina, Brazil"
41,"China, mainland",Maize,25071336.63,17919486.526666667,0.7147399754197575,7151850.103333332,22,True,True,3,"United States of America, Argentina, Brazil"
7,Angola,Maize,58084.70166666667,40131.45333333334,0.6909126186725989,17953.24833333333,26,True,True,3,"United States of America, Argentina, Brazil"
59,Egypt,Maize,6482082.083333333,4382211.663333333,0.6760500109372007,2099870.42,26,True,True,3,"United States of America, Argentina, Brazil"
225,United Arab Emirates,Maize,636644.96,428619.37666666665,0.6732471056814251,208025.5833333333,53,True,True,3,"United States of America, Argentina, Brazil"
238,Ethiopia,Maize,5942.213333333333,3944.8700000000003,0.6638721598686013,1997.3433333333328,9,True,True,3,"United States of America, Argentina, Brazil"
74,Gabon,Maize,762.6616666666666,498.22333333333336,0.6532691429358147,264.4383333333333,14,True,True,3,"United States of America, Argentina, Brazil"
10,Australia,Maize,2011.9883333333335,1284.3600000000001,0.6383536021166458,727.6283333333333,13,True,True,3,"United States of America, Argentina, Brazil"
219,Tonga,Maize,0.655,0.4,0.6106870229007634,0.255,4,True,True,3,"United States of America, Argentina, Brazil"
165,Pakistan,Maize,30736.55333333333,17729.0,0.5768050766047723,13007.55333333333,16,True,True,3,"United States of America, Argentina, Brazil"
221,Oman,Maize,245757.25,134082.91666666666,0.5455908896550017,111674.33333333334,27,True,True,3,"United States of America, Argentina, Brazil"
72,Djibouti,Maize,12341.494999999999,6444.958333333333,0.5222186074971739,5896.536666666666,5,True,True,3,"United States of America, Argentina, Brazil"
75,Gambia,Maize,519.6283333333333,227.81333333333333,0.4384159190703612,291.815,16,False,True,3,"United States of America, Argentina, Brazil"
222,Tunisia,Maize,1009534.12,433565.2333333333,0.42947060901055356,575968.8866666667,14,False,True,3,"United States of America, Argentina, Brazil"
136,Mauritania,Maize,35708.845,14530.473333333333,0.40691524280142166,21178.371666666666,9,False,True,3,"United States of America, Argentina, Brazil"
231,United States of America,Maize,775279.9383333334,295245.19,0.3808239777682196,480034.74833333335,46,False,True,3,"United States of America, Argentina, Brazil"
13,Bahrain,Maize,19668.10166666667,7098.215,0.3608998529853033,12569.886666666669,28,False,True,3,"United States of America, Argentina, Brazil"
174,Portugal,Maize,2226230.36,794568.89,0.3569122514347527,1431661.4699999997,31,False,True,3,"United States of America, Argentina, Brazil"
105,Israel,Maize,1407795.89,463901.11,0.3295229893020927,943894.7799999999,20,False,True,3,"United States of America, Argentina, Brazil"
203,Spain,Maize,9676911.035,3066125.2600000002,0.3168495864961727,6610785.775,44,False,True,3,"United States of America, Argentina, Brazil"
53,Benin,Maize,7928.755,2506.0833333333335,0.31607526444357703,5422.671666666667,16,False,True,3,"United States of America, Argentina, Brazil"
171,Philippines,Maize,630414.1983333334,198577.38666666666,0.3149951051097175,431836.8116666667,22,False,True,3,"United States of America, Argentina, Brazil"
121,Lebanon,Maize,424997.0783333333,129919.12333333332,0.3056941563994359,295077.95499999996,20,False,True,3,"United States of America, Argentina, Brazil"
179,Qatar,Maize,84325.48666666666,23467.725000000002,0.27829931290840265,60857.76166666666,14,False,True,3,"United States of America, Argentina, Brazil"
100,India,Maize,17645.758333333335,4873.476666666667,0.27618403100650724,12772.281666666668,15,False,True,3,"United States of America, Argentina, Brazil"
23,Belize,Maize,495.77,133.71,0.26970167618048696,362.05999999999995,5,False,True,3,"United States of America, Argentina, Brazil"
234,Uruguay,Maize,265806.795,69016.84500000002,0.25965041638608233,196789.94999999995,6,False,True,3,"United States of America, Argentina, Brazil"
66,Fiji,Maize,146.38833333333335,37.43833333333333,0.25574670112600045,108.95000000000002,6,False,True,3,"United States of America, Argentina, Brazil"
128,"China, Macao SAR",Maize,2.9433333333333334,0.7233333333333333,0.24575311438278594,2.22,5,False,False,3,"United States of America, Argentina, Brazil"
21,Brazil,Maize,2400998.8966666665,567481.6200000001,0.23635230352993547,1833517.2766666664,9,False,False,3,"United States of America, Argentina, Brazil"
217,Togo,Maize,2028.0933333333332,431.4333333333333,0.21272853977791947,1596.6599999999999,10,False,False,3,"United States of America, Argentina, Brazil"
104,Ireland,Maize,1406261.0499999998,289339.22,0.20575071747880666,1116921.8299999998,41,False,False,3,"United States of America, Argentina, Brazil"
156,New Zealand,Maize,75109.39166666666,13120.963333333333,0.17469138069395895,61988.42833333333,20,False,False,3,"United States of America, Argentina, Brazil"
233,Burkina Faso,Maize,1490.7833333333333,206.95,0.13881963620915178,1283.8333333333333,16,False,False,3,"United States of America, Argentina, Brazil"
229,United Kingdom of Great Britain and Northern Ireland,Maize,2494114.6133333333,322011.35000000003,0.12910848133383832,2172103.263333333,57,False,False,3,"United States of America, Argentina, Brazil"
150,Netherlands (Kingdom of the),Maize,5286572.358333333,587615.9533333334,0.11115254147747779,4698956.405,88,False,False,3,"United States of America, Argentina, Brazil"
132,Maldives,Maize,298.49833333333333,30.2,0.1011730942104646,268.29833333333335,48,False,False,3,"United States of America, Argentina, Brazil"
202,South Africa,Maize,14773.153333333332,1183.3033333333335,0.0800982232184237,13589.849999999999,43,False,False,3,"United States of America, Argentina, Brazil"
106,Italy,Maize,6235334.671666667,453211.16000000003,0.07268433594420995,5782123.511666667,40,False,False,3,"United States of America, Argentina, Brazil"
133,Mali,Maize,4091.7149999999997,292.905,0.0715848977751383,3798.8099999999995,13,False,False,3,"United States of America, Argentina, Brazil"
173,Poland,Maize,997629.7883333333,55333.43333333333,0.05546489687900641,942296.355,26,False,False,3,"United States of America, Argentina, Brazil"
55,Dominica,Maize,44.943333333333335,2.36,0.052510568864496024,42.583333333333336,5,False,False,3,"United States of America, Argentina, Brazil"
223,Türkiye,Maize,2589337.995,87722.69999999998,0.03387842767896355,2501615.295,43,False,False,3,"United States of America, Argentina, Brazil"
102,Iran (Islamic Republic of),Maize,9429564.185,307226.02,0.03258114733326883,9122338.165000001,23,False,False,3,"United States of America, Argentina, Brazil"
200,Singapore,Maize,7942.546666666666,243.10666666666663,0.030608150870165905,7699.44,33,False,False,3,"United States of America, Argentina, Brazil"
230,Ukraine,Maize,19774.96,468.33666666666664,0.023683318027781935,19306.623333333333,28,False,False,3,"United States of America, Argentina, Brazil"
141,Mongolia,Maize,3015.181666666667,58.919999999999995,0.019541111121552098,2956.2616666666668,6,False,False,3,"United States of America, Argentina, Brazil"
46,Congo,Maize,12054.86,229.3166666666667,0.019022756520330114,11825.543333333333,17,False,False,3,"United States of America, Argentina, Brazil"
149,Nepal,Maize,502705.79999999993,9531.07,0.018959538561122632,493174.7299999999,11,False,False,3,"United States of America, Argentina, Brazil"
54,Denmark,Maize,194308.44166666665,3356.4766666666665,0.01727396214943998,190951.965,38,False,False,3,"United States of America, Argentina, Brazil"
27,Bulgaria,Maize,73485.62166666667,1116.2016666666666,0.01518938863618513,72369.42000000001,26,False,False,3,"United States of America, Argentina, Brazil"
108,Kazakhstan,Maize,12735.446666666667,183.10666666666665,0.014377718462433197,12552.34,26,False,False,3,"United States of America, Argentina, Brazil"
154,North Macedonia,Maize,45389.79333333334,621.46,0.013691624357840212,44768.33333333334,20,False,False,3,"United States of America, Argentina, Brazil"
198,Slovenia,Maize,857152.0416666667,10487.105,0.012234824733787746,846664.9366666668,19,False,False,3,"United States of America, Argentina, Brazil"
158,Niger,Maize,34681.613333333335,391.65,0.011292727251058293,34289.96333333333,22,False,False,3,"United States of America, Argentina, Brazil"
99,Iceland,Maize,19910.125,161.46,0.008109441804107206,19748.665,20,False,False,3,"United States of America, Argentina, Brazil"
28,Myanmar,Maize,12828.946666666667,102.09,0.007957785050682259,12726.856666666667,7,False,False,3,"United States of America, Argentina, Brazil"
215,United Republic of Tanzania,Maize,67085.51333333334,488.9033333333333,0.007287763170329769,66596.61,22,False,False,3,"United States of America, Argentina, Brazil"
235,Uzbekistan,Maize,65950.03333333334,466.25333333333333,0.0070697967804918965,65483.780000000006,28,False,False,3,"United States of America, Argentina, Brazil"
273,Montenegro,Maize,24982.619999999995,161.25,0.006454487159473267,24821.369999999995,15,False,False,3,"United States of America, Argentina, Brazil"
210,Sweden,Maize,55254.366666666654,321.78666666666663,0.005823732784920167,54932.57999999999,39,False,False,3,"United States of America, Argentina, Brazil"
162,Norway,Maize,105131.43666666666,607.7866666666666,0.0057812076571704795,104523.65,35,False,False,3,"United States of America, Argentina, Brazil"
113,Kyrgyzstan,Maize,1639.513333333333,7.890000000000001,0.004812403680767058,1631.623333333333,19,False,False,3,"United States of America, Argentina, Brazil"
98,Croatia,Maize,110486.32666666666,471.0133333333334,0.004263091619964559,110015.31333333332,22,False,False,3,"United States of America, Argentina, Brazil"
3,Albania,Maize,67914.185,284.43,0.0041880794122759486,67629.755,10,False,False,3,"United States of America, Argentina, Brazil"
251,Zambia,Maize,3198.533333333333,12.883333333333336,0.0040278877819000395,3185.6499999999996,23,False,False,3,"United States of America, Argentina, Brazil"
52,Azerbaijan,Maize,59959.73833333334,228.39666666666665,0.0038091671680910984,59731.341666666674,14,False,False,3,"United States of America, Argentina, Brazil"
84,Greece,Maize,602624.7033333334,2223.5933333333332,0.003689847629932595,600401.11,26,False,False,3,"United States of America, Argentina, Brazil"
79,Germany,Maize,3021410.7533333334,10730.566666666666,0.0035515087297641685,3010680.1866666665,55,False,False,3,"United States of America, Argentina, Brazil"
68,France,Maize,556506.36,1830.8966666666668,0.0032899833645507067,554675.4633333334,76,False,False,3,"United States of America, Argentina, Brazil"
97,Hungary,Maize,988250.8416666668,2907.2766666666666,0.0029418408202553092,985343.5650000002,35,False,False,3,"United States of America, Argentina, Brazil"
183,Romania,Maize,1063490.0233333332,2316.5666666666666,0.002178268357803463,1061173.4566666665,38,False,False,3,"United States of America, Argentina, Brazil"
80,Bosnia and Herzegovina,Maize,178882.23166666666,365.005,0.0020404765559955606,178517.22666666665,16,False,False,3,"United States of America, Argentina, Brazil"
272,Serbia,Maize,10055.6,20.505,0.0020391622578463738,10035.095000000001,27,False,False,3,"United States of America, Argentina, Brazil"
216,Thailand,Maize,1555911.8283333334,2891.8133333333335,0.0018585971779846904,1553020.0150000001,23,False,False,3,"United States of America, Argentina, Brazil"
167,Czechia,Maize,219172.96666666667,404.63000000000005,0.0018461674637793683,218768.33666666667,26,False,False,3,"United States of America, Argentina, Brazil"
244,Samoa,Maize,5.59,0.01,0.0017889087656529517,5.58,3,False,False,3,"United States of America, Argentina, Brazil"
73,Georgia,Maize,57012.39166666666,97.95,0.0017180475531123572,56914.441666666666,21,False,False,3,"United States of America, Argentina, Brazil"
211,Switzerland,Maize,196625.41499999998,320.97,0.001632393248858496,196304.44499999998,40,False,False,3,"United States of America, Argentina, Brazil"
114,Kenya,Maize,680715.5599999999,730.6366666666667,0.0010733362208830172,679984.9233333332,30,False,False,3,"United States of America, Argentina, Brazil"
50,Cyprus,Maize,309581.55,229.01000000000002,0.0007397404657997224,309352.54,22,False,False,3,"United States of America, Argentina, Brazil"
129,Madagascar,Maize,2535.35,1.415,0.0005581083479598478,2533.935,15,False,False,3,"United States of America, Argentina, Brazil"
196,Seychelles,Maize,7449.943333333333,4.006666666666667,0.0005378116970017222,7445.936666666666,22,False,False,3,"United States of America, Argentina, Brazil"
255,Belgium,Maize,1796915.7766666666,917.57,0.0005106360642579032,1795998.2066666665,50,False,False,3,"United States of America, Argentina, Brazil"
146,Republic of Moldova,Maize,39621.04166666667,15.16,0.00038262497305198727,39605.88166666667,21,False,False,3,"United States of America, Argentina, Brazil"
126,Lithuania,Maize,218654.28833333333,82.28166666666667,0.0003763094119664838,218572.00666666665,22,False,False,3,"United States of America, Argentina, Brazil"
63,Estonia,Maize,63008.595,19.564999999999998,0.0003105131926842679,62989.03,17,False,False,3,"United States of America, Argentina, Brazil"
226,Uganda,Maize,69807.83333333334,19.93,0.0002854980458258027,69787.90333333335,20,False,False,3,"United States of America, Argentina, Brazil"
119,Latvia,Maize,207169.03166666665,48.053333333333335,0.0002319522997561275,207120.9783333333,20,False,False,3,"United States of America, Argentina, Brazil"
144,Mozambique,Maize,173990.88166666668,36.49,0.00020972363408047943,173954.3916666667,17,False,False,3,"United States of America, Argentina, Brazil"
57,Belarus,Maize,57379.05,11.99,0.00020896128465005957,57367.060000000005,16,False,False,3,"United States of America, Argentina, Brazil"
134,Malta,Maize,53417.97833333333,10.309999999999999,0.00019300618109627073,53407.668333333335,18,False,False,3,"United States of America, Argentina, Brazil"
176,Timor-Leste,Maize,360.705,0.04,0.00011089394380449399,360.66499999999996,11,False,False,3,"United States of America, Argentina, Brazil"
130,Malawi,Maize,15183.806666666667,1.2433333333333334,8.188548238452281e-05,15182.563333333334,12,False,False,3,"United States of America, Argentina, Brazil"
1,Armenia,Maize,76786.80166666667,3.0,3.906921417332983e-05,76783.80166666667,16,False,False,3,"United States of America, Argentina, Brazil"
11,Austria,Maize,964477.1166666667,25.846666666666664,2.6798631320559927e-05,964451.27,36,False,False,3,"United States of America, Argentina, Brazil"
181,Zimbabwe,Maize,292059.77499999997,3.3449999999999998,1.1453134893362155e-05,292056.43,13,False,False,3,"United States of America, Argentina, Brazil"
29,Burundi,Maize,18069.753333333334,0.13,7.194342811541792e-06,18069.623333333333,10,False,False,3,"United States of America, Argentina, Brazil"
184,Rwanda,Maize,128803.25,0.3,2.3291337757393544e-06,128802.95,16,False,False,3,"United States of America, Argentina, Brazil"
256,Luxembourg,Maize,12479.845000000003,0.01,8.012920032260015e-07,12479.835000000003,12,False,False,3,"United States of America, Argentina, Brazil"
67,Finland,Maize,54897.40166666667,0.04,7.286319349479837e-07,54897.36166666667,20,False,False,3,"United States of America, Argentina, Brazil"
147,Namibia,Maize,146577.54499999998,0.09,6.14009465092351e-07,146577.455,14,False,False,3,"United States of America, Argentina, Brazil"
20,Botswana,Maize,263275.80666666664,0.055,2.089063962859127e-07,263275.75166666665,4,False,False,3,"United States of America, Argentina, Brazil"
38,Sri Lanka,Maize,132714.81,0.01,7.534954086887514e-08,132714.8,7,False,False,3,"United States of America, Argentina, Brazil"
